2026-07-04 22:59:16,259 | INFO     | database.db_manager | Database initialized at C:\Users\HP\Downloads\smartretry_framework\smartretry\database\framework.db
2026-07-04 22:59:16,486 | INFO     | database.db_manager | Database initialized at C:\Users\HP\Downloads\smartretry_framework\smartretry\database\framework.db
2026-07-04 22:59:16,735 | INFO     | werkzeug | [31m[1mWARNING: This is a development server. Do not use it in a production deployment. Use a production WSGI server instead.[0m
 * Running on all addresses (0.0.0.0)
 * Running on http://127.0.0.1:5000
 * Running on http://10.103.141.131:5000
2026-07-04 22:59:16,736 | INFO     | werkzeug | [33mPress CTRL+C to quit[0m
2026-07-04 22:59:16,786 | INFO     | werkzeug |  * Restarting with watchdog (windowsapi)
2026-07-04 22:59:17,206 | INFO     | database.db_manager | Database initialized at C:\Users\HP\Downloads\smartretry_framework\smartretry\database\framework.db
2026-07-04 22:59:17,252 | INFO     | database.db_manager | Database initialized at C:\Users\HP\Downloads\smartretry_framework\smartretry\database\framework.db
2026-07-04 22:59:17,262 | WARNING  | werkzeug |  * Debugger is active!
2026-07-04 22:59:17,276 | INFO     | werkzeug |  * Debugger PIN: 106-337-974
2026-07-04 23:00:26,584 | INFO     | werkzeug |  * Detected change in 'C:\\Users\\HP\\AppData\\Local\\Programs\\Python\\Python311\\Lib\\site-packages\\requests\\__init__.py', reloading
2026-07-04 23:00:27,249 | INFO     | werkzeug |  * Restarting with watchdog (windowsapi)
2026-07-04 23:00:27,751 | INFO     | database.db_manager | Database initialized at C:\Users\HP\Downloads\smartretry_framework\smartretry\database\framework.db
2026-07-04 23:00:27,769 | INFO     | database.db_manager | Database initialized at C:\Users\HP\Downloads\smartretry_framework\smartretry\database\framework.db
2026-07-04 23:00:27,787 | WARNING  | werkzeug |  * Debugger is active!
2026-07-04 23:00:27,810 | INFO     | werkzeug |  * Debugger PIN: 106-337-974
2026-07-06 03:31:27,289 | INFO     | database.db_manager | Database initialized at C:\Users\HP\Downloads\smartretry_screenshots_final\database\framework.db
2026-07-06 03:31:27,370 | INFO     | werkzeug | [31m[1mWARNING: This is a development server. Do not use it in a production deployment. Use a production WSGI server instead.[0m
 * Running on all addresses (0.0.0.0)
 * Running on http://127.0.0.1:5000
 * Running on http://10.99.111.131:5000
2026-07-06 03:31:27,370 | INFO     | werkzeug | [33mPress CTRL+C to quit[0m
2026-07-06 03:31:27,404 | INFO     | werkzeug |  * Restarting with watchdog (windowsapi)
2026-07-06 03:31:27,689 | INFO     | database.db_manager | Database initialized at C:\Users\HP\Downloads\smartretry_screenshots_final\database\framework.db
2026-07-06 03:31:27,716 | WARNING  | werkzeug |  * Debugger is active!
2026-07-06 03:31:27,722 | INFO     | werkzeug |  * Debugger PIN: 106-337-974
2026-07-06 03:31:37,989 | INFO     | werkzeug |  * Detected change in 'C:\\Users\\HP\\AppData\\Local\\Programs\\Python\\Python311\\Lib\\site-packages\\flask\\app.py', reloading
2026-07-06 03:31:38,002 | INFO     | werkzeug |  * Detected change in 'C:\\Users\\HP\\AppData\\Local\\Programs\\Python\\Python311\\Lib\\site-packages\\flask\\templating.py', reloading
2026-07-06 03:31:38,082 | INFO     | werkzeug |  * Detected change in 'C:\\Users\\HP\\AppData\\Local\\Programs\\Python\\Python311\\Lib\\site-packages\\jinja2\\environment.py', reloading
2026-07-06 03:31:38,156 | INFO     | werkzeug |  * Detected change in 'C:\\Users\\HP\\AppData\\Local\\Programs\\Python\\Python311\\Lib\\site-packages\\jinja2\\loaders.py', reloading
2026-07-06 03:31:38,920 | INFO     | werkzeug |  * Restarting with watchdog (windowsapi)
2026-07-06 03:31:39,347 | INFO     | database.db_manager | Database initialized at C:\Users\HP\Downloads\smartretry_screenshots_final\database\framework.db
2026-07-06 03:31:39,381 | WARNING  | werkzeug |  * Debugger is active!
2026-07-06 03:31:39,388 | INFO     | werkzeug |  * Debugger PIN: 106-337-974
2026-07-06 03:35:34,839 | INFO     | database.db_manager | Database initialized at C:\Users\HP\Downloads\smartretry_screenshots_final\database\framework.db
2026-07-06 03:35:49,907 | INFO     | database.db_manager | Database initialized at C:\Users\HP\Downloads\smartretry_screenshots_final\database\framework.db
2026-07-06 03:35:50,124 | INFO     | werkzeug |  * Detected change in 'C:\\Users\\HP\\AppData\\Local\\Programs\\Python\\Python311\\Lib\\site-packages\\flask\\ctx.py', reloading
2026-07-06 03:35:50,178 | INFO     | werkzeug |  * Detected change in 'C:\\Users\\HP\\AppData\\Local\\Programs\\Python\\Python311\\Lib\\site-packages\\werkzeug\\routing\\map.py', reloading
2026-07-06 03:35:50,215 | INFO     | werkzeug |  * Detected change in 'C:\\Users\\HP\\AppData\\Local\\Programs\\Python\\Python311\\Lib\\site-packages\\werkzeug\\test.py', reloading
2026-07-06 03:35:50,287 | INFO     | werkzeug |  * Detected change in 'C:\\Users\\HP\\AppData\\Local\\Programs\\Python\\Python311\\Lib\\site-packages\\flask\\testing.py', reloading
2026-07-06 03:35:50,530 | INFO     | werkzeug |  * Restarting with watchdog (windowsapi)
2026-07-06 03:35:50,798 | INFO     | database.db_manager | Database initialized at C:\Users\HP\Downloads\smartretry_screenshots_final\database\framework.db
2026-07-06 03:35:50,827 | WARNING  | werkzeug |  * Debugger is active!
2026-07-06 03:35:50,832 | INFO     | werkzeug |  * Debugger PIN: 106-337-974
2026-07-06 03:36:57,462 | INFO     | database.db_manager | Database initialized at C:\Users\HP\Downloads\smartretry_screenshots_final\database\framework.db
2026-07-06 03:36:57,522 | INFO     | werkzeug | [31m[1mWARNING: This is a development server. Do not use it in a production deployment. Use a production WSGI server instead.[0m
 * Running on all addresses (0.0.0.0)
 * Running on http://127.0.0.1:5000
 * Running on http://10.99.111.131:5000
2026-07-06 03:36:57,522 | INFO     | werkzeug | [33mPress CTRL+C to quit[0m
2026-07-06 03:36:57,545 | INFO     | werkzeug |  * Restarting with watchdog (windowsapi)
2026-07-06 03:36:57,799 | INFO     | database.db_manager | Database initialized at C:\Users\HP\Downloads\smartretry_screenshots_final\database\framework.db
2026-07-06 03:36:57,828 | WARNING  | werkzeug |  * Debugger is active!
2026-07-06 03:36:57,837 | INFO     | werkzeug |  * Debugger PIN: 106-337-974
2026-07-06 03:37:52,784 | INFO     | werkzeug | 10.99.111.131 - - [06/Jul/2026 03:37:52] "[32mGET / HTTP/1.1[0m" 302 -
2026-07-06 03:37:52,843 | INFO     | werkzeug | 10.99.111.131 - - [06/Jul/2026 03:37:52] "GET /login HTTP/1.1" 200 -
2026-07-06 03:37:53,971 | INFO     | werkzeug | 10.99.111.131 - - [06/Jul/2026 03:37:53] "[33mGET /favicon.ico HTTP/1.1[0m" 404 -
2026-07-06 03:38:04,089 | INFO     | werkzeug | 10.99.111.131 - - [06/Jul/2026 03:38:04] "[32mPOST /login HTTP/1.1[0m" 302 -
2026-07-06 03:38:04,201 | INFO     | werkzeug | 10.99.111.131 - - [06/Jul/2026 03:38:04] "GET / HTTP/1.1" 200 -
2026-07-06 03:38:26,938 | INFO     | werkzeug | 10.99.111.131 - - [06/Jul/2026 03:38:26] "GET / HTTP/1.1" 200 -
2026-07-06 03:40:37,143 | INFO     | werkzeug |  * Detected change in 'C:\\Users\\HP\\Downloads\\smartretry_screenshots_final\\database\\seed.py', reloading
2026-07-06 03:40:37,236 | INFO     | werkzeug |  * Detected change in 'C:\\Users\\HP\\Downloads\\smartretry_screenshots_final\\database\\seed.py', reloading
2026-07-06 03:40:37,206 | INFO     | werkzeug |  * Detected change in 'C:\\Users\\HP\\Downloads\\smartretry_screenshots_final\\database\\seed.py', reloading
2026-07-06 03:40:37,269 | INFO     | werkzeug |  * Detected change in 'C:\\Users\\HP\\Downloads\\smartretry_screenshots_final\\database\\seed.py', reloading
2026-07-06 03:40:38,222 | INFO     | werkzeug |  * Restarting with watchdog (windowsapi)
2026-07-06 03:40:38,804 | INFO     | werkzeug |  * Restarting with watchdog (windowsapi)
2026-07-06 03:40:39,338 | INFO     | database.db_manager | Database initialized at C:\Users\HP\Downloads\smartretry_screenshots_final\database\framework.db
2026-07-06 03:40:39,396 | WARNING  | werkzeug |  * Debugger is active!
2026-07-06 03:40:39,405 | INFO     | werkzeug |  * Debugger PIN: 106-337-974
2026-07-06 03:40:39,474 | INFO     | werkzeug | 10.99.111.131 - - [06/Jul/2026 03:40:39] "GET / HTTP/1.1" 200 -
2026-07-06 03:40:39,542 | INFO     | database.db_manager | Database initialized at C:\Users\HP\Downloads\smartretry_screenshots_final\database\framework.db
2026-07-06 03:40:39,607 | WARNING  | werkzeug |  * Debugger is active!
2026-07-06 03:40:39,626 | INFO     | werkzeug |  * Debugger PIN: 106-337-974
2026-07-06 03:40:43,387 | INFO     | werkzeug |  * Detected change in 'C:\\Users\\HP\\Downloads\\smartretry_screenshots_final\\database\\seed.py', reloading
2026-07-06 03:40:43,387 | INFO     | werkzeug |  * Detected change in 'C:\\Users\\HP\\Downloads\\smartretry_screenshots_final\\database\\seed.py', reloading
2026-07-06 03:40:43,391 | INFO     | werkzeug |  * Detected change in 'C:\\Users\\HP\\Downloads\\smartretry_screenshots_final\\database\\seed.py', reloading
2026-07-06 03:40:43,391 | INFO     | werkzeug |  * Detected change in 'C:\\Users\\HP\\Downloads\\smartretry_screenshots_final\\database\\seed.py', reloading
2026-07-06 03:40:43,624 | INFO     | werkzeug |  * Restarting with watchdog (windowsapi)
2026-07-06 03:40:43,848 | INFO     | werkzeug |  * Restarting with watchdog (windowsapi)
2026-07-06 03:40:44,464 | INFO     | database.db_manager | Database initialized at C:\Users\HP\Downloads\smartretry_screenshots_final\database\framework.db
2026-07-06 03:40:44,546 | WARNING  | werkzeug |  * Debugger is active!
2026-07-06 03:40:44,556 | INFO     | werkzeug |  * Debugger PIN: 106-337-974
2026-07-06 03:40:44,680 | INFO     | database.db_manager | Database initialized at C:\Users\HP\Downloads\smartretry_screenshots_final\database\framework.db
2026-07-06 03:40:44,745 | WARNING  | werkzeug |  * Debugger is active!
2026-07-06 03:40:44,753 | INFO     | werkzeug |  * Debugger PIN: 106-337-974
2026-07-06 03:40:50,558 | INFO     | werkzeug | 10.99.111.131 - - [06/Jul/2026 03:40:50] "GET / HTTP/1.1" 200 -
2026-07-06 03:40:53,046 | INFO     | werkzeug | 10.99.111.131 - - [06/Jul/2026 03:40:53] "GET / HTTP/1.1" 200 -
2026-07-06 03:41:09,010 | INFO     | werkzeug | 10.99.111.131 - - [06/Jul/2026 03:41:09] "GET / HTTP/1.1" 200 -
2026-07-06 03:41:09,195 | INFO     | werkzeug | 10.99.111.131 - - [06/Jul/2026 03:41:09] "GET / HTTP/1.1" 200 -
2026-07-06 03:41:09,316 | INFO     | werkzeug | 10.99.111.131 - - [06/Jul/2026 03:41:09] "GET / HTTP/1.1" 200 -
2026-07-06 03:41:13,664 | INFO     | werkzeug | 10.99.111.131 - - [06/Jul/2026 03:41:13] "GET / HTTP/1.1" 200 -
2026-07-06 03:52:28,720 | INFO     | werkzeug |  * Detected change in 'C:\\Users\\HP\\Downloads\\smartretry_screenshots_final\\.venv\\Lib\\site-packages\\socks.py', reloading
2026-07-06 03:52:28,720 | INFO     | werkzeug |  * Detected change in 'C:\\Users\\HP\\Downloads\\smartretry_screenshots_final\\.venv\\Lib\\site-packages\\socks.py', reloading
2026-07-06 03:52:28,731 | INFO     | werkzeug |  * Detected change in 'C:\\Users\\HP\\Downloads\\smartretry_screenshots_final\\.venv\\Lib\\site-packages\\sockshandler.py', reloading
2026-07-06 03:52:28,733 | INFO     | werkzeug |  * Detected change in 'C:\\Users\\HP\\Downloads\\smartretry_screenshots_final\\.venv\\Lib\\site-packages\\sockshandler.py', reloading
2026-07-06 03:52:28,733 | INFO     | werkzeug |  * Detected change in 'C:\\Users\\HP\\Downloads\\smartretry_screenshots_final\\.venv\\Lib\\site-packages\\typing_extensions.py', reloading
2026-07-06 03:52:28,734 | INFO     | werkzeug |  * Detected change in 'C:\\Users\\HP\\Downloads\\smartretry_screenshots_final\\.venv\\Lib\\site-packages\\typing_extensions.py', reloading
2026-07-06 03:52:28,738 | INFO     | werkzeug |  * Detected change in 'C:\\Users\\HP\\Downloads\\smartretry_screenshots_final\\.venv\\Lib\\site-packages\\attr\\converters.py', reloading
2026-07-06 03:52:28,739 | INFO     | werkzeug |  * Detected change in 'C:\\Users\\HP\\Downloads\\smartretry_screenshots_final\\.venv\\Lib\\site-packages\\attr\\converters.py', reloading
2026-07-06 03:52:28,753 | INFO     | werkzeug |  * Detected change in 'C:\\Users\\HP\\Downloads\\smartretry_screenshots_final\\.venv\\Lib\\site-packages\\attr\\exceptions.py', reloading
2026-07-06 03:52:28,767 | INFO     | werkzeug |  * Detected change in 'C:\\Users\\HP\\Downloads\\smartretry_screenshots_final\\.venv\\Lib\\site-packages\\attr\\filters.py', reloading
2026-07-06 03:52:28,768 | INFO     | werkzeug |  * Detected change in 'C:\\Users\\HP\\Downloads\\smartretry_screenshots_final\\.venv\\Lib\\site-packages\\attr\\filters.py', reloading
2026-07-06 03:52:28,788 | INFO     | werkzeug |  * Detected change in 'C:\\Users\\HP\\Downloads\\smartretry_screenshots_final\\.venv\\Lib\\site-packages\\attr\\setters.py', reloading
2026-07-06 03:52:28,789 | INFO     | werkzeug |  * Detected change in 'C:\\Users\\HP\\Downloads\\smartretry_screenshots_final\\.venv\\Lib\\site-packages\\attr\\setters.py', reloading
2026-07-06 03:52:28,807 | INFO     | werkzeug |  * Detected change in 'C:\\Users\\HP\\Downloads\\smartretry_screenshots_final\\.venv\\Lib\\site-packages\\attr\\validators.py', reloading
2026-07-06 03:52:28,809 | INFO     | werkzeug |  * Detected change in 'C:\\Users\\HP\\Downloads\\smartretry_screenshots_final\\.venv\\Lib\\site-packages\\attr\\validators.py', reloading
2026-07-06 03:52:28,842 | INFO     | werkzeug |  * Detected change in 'C:\\Users\\HP\\Downloads\\smartretry_screenshots_final\\.venv\\Lib\\site-packages\\attr\\_cmp.py', reloading
2026-07-06 03:52:28,842 | INFO     | werkzeug |  * Detected change in 'C:\\Users\\HP\\Downloads\\smartretry_screenshots_final\\.venv\\Lib\\site-packages\\attr\\_cmp.py', reloading
2026-07-06 03:52:28,868 | INFO     | werkzeug |  * Detected change in 'C:\\Users\\HP\\Downloads\\smartretry_screenshots_final\\.venv\\Lib\\site-packages\\attr\\_compat.py', reloading
2026-07-06 03:52:28,870 | INFO     | werkzeug |  * Detected change in 'C:\\Users\\HP\\Downloads\\smartretry_screenshots_final\\.venv\\Lib\\site-packages\\attr\\_compat.py', reloading
2026-07-06 03:52:28,878 | INFO     | werkzeug |  * Detected change in 'C:\\Users\\HP\\Downloads\\smartretry_screenshots_final\\.venv\\Lib\\site-packages\\attr\\_config.py', reloading
2026-07-06 03:52:28,878 | INFO     | werkzeug |  * Detected change in 'C:\\Users\\HP\\Downloads\\smartretry_screenshots_final\\.venv\\Lib\\site-packages\\attr\\_config.py', reloading
2026-07-06 03:52:28,892 | INFO     | werkzeug |  * Detected change in 'C:\\Users\\HP\\Downloads\\smartretry_screenshots_final\\.venv\\Lib\\site-packages\\attr\\_funcs.py', reloading
2026-07-06 03:52:28,892 | INFO     | werkzeug |  * Detected change in 'C:\\Users\\HP\\Downloads\\smartretry_screenshots_final\\.venv\\Lib\\site-packages\\attr\\_funcs.py', reloading
2026-07-06 03:52:28,904 | INFO     | werkzeug |  * Detected change in 'C:\\Users\\HP\\Downloads\\smartretry_screenshots_final\\.venv\\Lib\\site-packages\\attr\\_make.py', reloading
2026-07-06 03:52:28,904 | INFO     | werkzeug |  * Detected change in 'C:\\Users\\HP\\Downloads\\smartretry_screenshots_final\\.venv\\Lib\\site-packages\\attr\\_make.py', reloading
2026-07-06 03:52:28,923 | INFO     | werkzeug |  * Detected change in 'C:\\Users\\HP\\Downloads\\smartretry_screenshots_final\\.venv\\Lib\\site-packages\\attr\\_next_gen.py', reloading
2026-07-06 03:52:28,923 | INFO     | werkzeug |  * Detected change in 'C:\\Users\\HP\\Downloads\\smartretry_screenshots_final\\.venv\\Lib\\site-packages\\attr\\_next_gen.py', reloading
2026-07-06 03:52:28,964 | INFO     | werkzeug |  * Detected change in 'C:\\Users\\HP\\Downloads\\smartretry_screenshots_final\\.venv\\Lib\\site-packages\\attr\\_version_info.py', reloading
2026-07-06 03:52:28,964 | INFO     | werkzeug |  * Detected change in 'C:\\Users\\HP\\Downloads\\smartretry_screenshots_final\\.venv\\Lib\\site-packages\\attr\\_version_info.py', reloading
2026-07-06 03:52:29,039 | INFO     | werkzeug |  * Detected change in 'C:\\Users\\HP\\Downloads\\smartretry_screenshots_final\\.venv\\Lib\\site-packages\\attr\\__init__.py', reloading
2026-07-06 03:52:29,039 | INFO     | werkzeug |  * Detected change in 'C:\\Users\\HP\\Downloads\\smartretry_screenshots_final\\.venv\\Lib\\site-packages\\attr\\__init__.py', reloading
2026-07-06 03:52:29,825 | INFO     | werkzeug |  * Restarting with watchdog (windowsapi)
2026-07-06 03:52:29,830 | INFO     | werkzeug |  * Restarting with watchdog (windowsapi)
2026-07-06 03:52:30,473 | INFO     | database.db_manager | Database initialized at C:\Users\HP\Downloads\smartretry_screenshots_final\database\framework.db
2026-07-06 03:52:30,485 | INFO     | database.db_manager | Database initialized at C:\Users\HP\Downloads\smartretry_screenshots_final\database\framework.db
2026-07-06 03:52:30,503 | WARNING  | werkzeug |  * Debugger is active!
2026-07-06 03:52:30,509 | INFO     | werkzeug |  * Debugger PIN: 106-337-974
2026-07-06 03:52:30,509 | WARNING  | werkzeug |  * Debugger is active!
2026-07-06 03:52:30,516 | INFO     | werkzeug |  * Debugger PIN: 106-337-974
2026-07-06 03:52:30,629 | INFO     | werkzeug |  * Detected change in 'C:\\Users\\HP\\Downloads\\smartretry_screenshots_final\\.venv\\Lib\\site-packages\\cffi\\api.py', reloading
2026-07-06 03:52:30,629 | INFO     | werkzeug |  * Detected change in 'C:\\Users\\HP\\Downloads\\smartretry_screenshots_final\\.venv\\Lib\\site-packages\\cffi\\api.py', reloading
2026-07-06 03:52:30,636 | INFO     | werkzeug |  * Detected change in 'C:\\Users\\HP\\Downloads\\smartretry_screenshots_final\\.venv\\Lib\\site-packages\\cffi\\backend_ctypes.py', reloading
2026-07-06 03:52:30,636 | INFO     | werkzeug |  * Detected change in 'C:\\Users\\HP\\Downloads\\smartretry_screenshots_final\\.venv\\Lib\\site-packages\\cffi\\backend_ctypes.py', reloading
2026-07-06 03:52:30,642 | INFO     | werkzeug |  * Detected change in 'C:\\Users\\HP\\Downloads\\smartretry_screenshots_final\\.venv\\Lib\\site-packages\\cffi\\cffi_opcode.py', reloading
2026-07-06 03:52:30,642 | INFO     | werkzeug |  * Detected change in 'C:\\Users\\HP\\Downloads\\smartretry_screenshots_final\\.venv\\Lib\\site-packages\\cffi\\cffi_opcode.py', reloading
2026-07-06 03:52:30,650 | INFO     | werkzeug |  * Detected change in 'C:\\Users\\HP\\Downloads\\smartretry_screenshots_final\\.venv\\Lib\\site-packages\\cffi\\commontypes.py', reloading
2026-07-06 03:52:30,650 | INFO     | werkzeug |  * Detected change in 'C:\\Users\\HP\\Downloads\\smartretry_screenshots_final\\.venv\\Lib\\site-packages\\cffi\\commontypes.py', reloading
2026-07-06 03:52:30,659 | INFO     | werkzeug |  * Detected change in 'C:\\Users\\HP\\Downloads\\smartretry_screenshots_final\\.venv\\Lib\\site-packages\\cffi\\cparser.py', reloading
2026-07-06 03:52:30,659 | INFO     | werkzeug |  * Detected change in 'C:\\Users\\HP\\Downloads\\smartretry_screenshots_final\\.venv\\Lib\\site-packages\\cffi\\cparser.py', reloading
2026-07-06 03:52:30,681 | INFO     | werkzeug |  * Detected change in 'C:\\Users\\HP\\Downloads\\smartretry_screenshots_final\\.venv\\Lib\\site-packages\\cffi\\error.py', reloading
2026-07-06 03:52:30,681 | INFO     | werkzeug |  * Detected change in 'C:\\Users\\HP\\Downloads\\smartretry_screenshots_final\\.venv\\Lib\\site-packages\\cffi\\error.py', reloading
2026-07-06 03:52:30,693 | INFO     | werkzeug |  * Detected change in 'C:\\Users\\HP\\Downloads\\smartretry_screenshots_final\\.venv\\Lib\\site-packages\\cffi\\ffiplatform.py', reloading
2026-07-06 03:52:30,693 | INFO     | werkzeug |  * Detected change in 'C:\\Users\\HP\\Downloads\\smartretry_screenshots_final\\.venv\\Lib\\site-packages\\cffi\\ffiplatform.py', reloading
2026-07-06 03:52:30,707 | INFO     | werkzeug |  * Detected change in 'C:\\Users\\HP\\Downloads\\smartretry_screenshots_final\\.venv\\Lib\\site-packages\\cffi\\lock.py', reloading
2026-07-06 03:52:30,708 | INFO     | werkzeug |  * Detected change in 'C:\\Users\\HP\\Downloads\\smartretry_screenshots_final\\.venv\\Lib\\site-packages\\cffi\\lock.py', reloading
2026-07-06 03:52:30,720 | INFO     | werkzeug |  * Detected change in 'C:\\Users\\HP\\Downloads\\smartretry_screenshots_final\\.venv\\Lib\\site-packages\\cffi\\model.py', reloading
2026-07-06 03:52:30,720 | INFO     | werkzeug |  * Detected change in 'C:\\Users\\HP\\Downloads\\smartretry_screenshots_final\\.venv\\Lib\\site-packages\\cffi\\model.py', reloading
2026-07-06 03:52:30,736 | INFO     | werkzeug |  * Detected change in 'C:\\Users\\HP\\Downloads\\smartretry_screenshots_final\\.venv\\Lib\\site-packages\\cffi\\pkgconfig.py', reloading
2026-07-06 03:52:30,736 | INFO     | werkzeug |  * Detected change in 'C:\\Users\\HP\\Downloads\\smartretry_screenshots_final\\.venv\\Lib\\site-packages\\cffi\\pkgconfig.py', reloading
2026-07-06 03:52:30,743 | INFO     | werkzeug |  * Detected change in 'C:\\Users\\HP\\Downloads\\smartretry_screenshots_final\\.venv\\Lib\\site-packages\\cffi\\recompiler.py', reloading
2026-07-06 03:52:30,752 | INFO     | werkzeug |  * Detected change in 'C:\\Users\\HP\\Downloads\\smartretry_screenshots_final\\.venv\\Lib\\site-packages\\cffi\\setuptools_ext.py', reloading
2026-07-06 03:52:30,752 | INFO     | werkzeug |  * Detected change in 'C:\\Users\\HP\\Downloads\\smartretry_screenshots_final\\.venv\\Lib\\site-packages\\cffi\\setuptools_ext.py', reloading
2026-07-06 03:52:30,765 | INFO     | werkzeug |  * Detected change in 'C:\\Users\\HP\\Downloads\\smartretry_screenshots_final\\.venv\\Lib\\site-packages\\cffi\\vengine_cpy.py', reloading
2026-07-06 03:52:30,765 | INFO     | werkzeug |  * Detected change in 'C:\\Users\\HP\\Downloads\\smartretry_screenshots_final\\.venv\\Lib\\site-packages\\cffi\\vengine_cpy.py', reloading
2026-07-06 03:52:30,776 | INFO     | werkzeug |  * Detected change in 'C:\\Users\\HP\\Downloads\\smartretry_screenshots_final\\.venv\\Lib\\site-packages\\cffi\\vengine_gen.py', reloading
2026-07-06 03:52:30,786 | INFO     | werkzeug |  * Detected change in 'C:\\Users\\HP\\Downloads\\smartretry_screenshots_final\\.venv\\Lib\\site-packages\\cffi\\verifier.py', reloading
2026-07-06 03:52:30,786 | INFO     | werkzeug |  * Detected change in 'C:\\Users\\HP\\Downloads\\smartretry_screenshots_final\\.venv\\Lib\\site-packages\\cffi\\verifier.py', reloading
2026-07-06 03:52:30,819 | INFO     | werkzeug |  * Detected change in 'C:\\Users\\HP\\Downloads\\smartretry_screenshots_final\\.venv\\Lib\\site-packages\\cffi\\_imp_emulation.py', reloading
2026-07-06 03:52:30,819 | INFO     | werkzeug |  * Detected change in 'C:\\Users\\HP\\Downloads\\smartretry_screenshots_final\\.venv\\Lib\\site-packages\\cffi\\_imp_emulation.py', reloading
2026-07-06 03:52:30,829 | INFO     | werkzeug |  * Detected change in 'C:\\Users\\HP\\Downloads\\smartretry_screenshots_final\\.venv\\Lib\\site-packages\\cffi\\_shimmed_dist_utils.py', reloading
2026-07-06 03:52:30,829 | INFO     | werkzeug |  * Detected change in 'C:\\Users\\HP\\Downloads\\smartretry_screenshots_final\\.venv\\Lib\\site-packages\\cffi\\_shimmed_dist_utils.py', reloading
2026-07-06 03:52:30,839 | INFO     | werkzeug |  * Detected change in 'C:\\Users\\HP\\Downloads\\smartretry_screenshots_final\\.venv\\Lib\\site-packages\\cffi\\__init__.py', reloading
2026-07-06 03:52:30,839 | INFO     | werkzeug |  * Detected change in 'C:\\Users\\HP\\Downloads\\smartretry_screenshots_final\\.venv\\Lib\\site-packages\\cffi\\__init__.py', reloading
2026-07-06 03:52:31,306 | INFO     | werkzeug |  * Detected change in 'C:\\Users\\HP\\Downloads\\smartretry_screenshots_final\\.venv\\Lib\\site-packages\\charset_normalizer\\api.py', reloading
2026-07-06 03:52:31,306 | INFO     | werkzeug |  * Detected change in 'C:\\Users\\HP\\Downloads\\smartretry_screenshots_final\\.venv\\Lib\\site-packages\\charset_normalizer\\api.py', reloading
2026-07-06 03:52:31,355 | INFO     | werkzeug |  * Detected change in 'C:\\Users\\HP\\Downloads\\smartretry_screenshots_final\\.venv\\Lib\\site-packages\\charset_normalizer\\cd.py', reloading
2026-07-06 03:52:31,355 | INFO     | werkzeug |  * Detected change in 'C:\\Users\\HP\\Downloads\\smartretry_screenshots_final\\.venv\\Lib\\site-packages\\charset_normalizer\\cd.py', reloading
2026-07-06 03:52:31,371 | INFO     | werkzeug |  * Detected change in 'C:\\Users\\HP\\Downloads\\smartretry_screenshots_final\\.venv\\Lib\\site-packages\\charset_normalizer\\constant.py', reloading
2026-07-06 03:52:31,371 | INFO     | werkzeug |  * Detected change in 'C:\\Users\\HP\\Downloads\\smartretry_screenshots_final\\.venv\\Lib\\site-packages\\charset_normalizer\\constant.py', reloading
2026-07-06 03:52:31,391 | INFO     | werkzeug |  * Detected change in 'C:\\Users\\HP\\Downloads\\smartretry_screenshots_final\\.venv\\Lib\\site-packages\\charset_normalizer\\legacy.py', reloading
2026-07-06 03:52:31,391 | INFO     | werkzeug |  * Detected change in 'C:\\Users\\HP\\Downloads\\smartretry_screenshots_final\\.venv\\Lib\\site-packages\\charset_normalizer\\legacy.py', reloading
2026-07-06 03:52:31,467 | INFO     | werkzeug |  * Detected change in 'C:\\Users\\HP\\Downloads\\smartretry_screenshots_final\\.venv\\Lib\\site-packages\\charset_normalizer\\md.py', reloading
2026-07-06 03:52:31,467 | INFO     | werkzeug |  * Detected change in 'C:\\Users\\HP\\Downloads\\smartretry_screenshots_final\\.venv\\Lib\\site-packages\\charset_normalizer\\md.py', reloading
2026-07-06 03:52:31,493 | INFO     | werkzeug |  * Detected change in 'C:\\Users\\HP\\Downloads\\smartretry_screenshots_final\\.venv\\Lib\\site-packages\\charset_normalizer\\models.py', reloading
2026-07-06 03:52:31,493 | INFO     | werkzeug |  * Detected change in 'C:\\Users\\HP\\Downloads\\smartretry_screenshots_final\\.venv\\Lib\\site-packages\\charset_normalizer\\models.py', reloading
2026-07-06 03:52:31,533 | INFO     | werkzeug |  * Detected change in 'C:\\Users\\HP\\Downloads\\smartretry_screenshots_final\\.venv\\Lib\\site-packages\\charset_normalizer\\utils.py', reloading
2026-07-06 03:52:31,533 | INFO     | werkzeug |  * Detected change in 'C:\\Users\\HP\\Downloads\\smartretry_screenshots_final\\.venv\\Lib\\site-packages\\charset_normalizer\\utils.py', reloading
2026-07-06 03:52:31,665 | INFO     | werkzeug |  * Restarting with watchdog (windowsapi)
2026-07-06 03:52:31,667 | INFO     | werkzeug |  * Restarting with watchdog (windowsapi)
2026-07-06 03:52:32,078 | INFO     | database.db_manager | Database initialized at C:\Users\HP\Downloads\smartretry_screenshots_final\database\framework.db
2026-07-06 03:52:32,101 | INFO     | database.db_manager | Database initialized at C:\Users\HP\Downloads\smartretry_screenshots_final\database\framework.db
2026-07-06 03:52:32,104 | WARNING  | werkzeug |  * Debugger is active!
2026-07-06 03:52:32,114 | INFO     | werkzeug |  * Debugger PIN: 106-337-974
2026-07-06 03:52:32,125 | WARNING  | werkzeug |  * Debugger is active!
2026-07-06 03:52:32,136 | INFO     | werkzeug |  * Debugger PIN: 106-337-974
2026-07-06 03:52:32,151 | INFO     | werkzeug |  * Detected change in 'C:\\Users\\HP\\Downloads\\smartretry_screenshots_final\\.venv\\Lib\\site-packages\\click\\formatting.py', reloading
2026-07-06 03:52:32,158 | INFO     | werkzeug |  * Detected change in 'C:\\Users\\HP\\Downloads\\smartretry_screenshots_final\\.venv\\Lib\\site-packages\\click\\globals.py', reloading
2026-07-06 03:52:32,179 | INFO     | werkzeug |  * Detected change in 'C:\\Users\\HP\\Downloads\\smartretry_screenshots_final\\.venv\\Lib\\site-packages\\click\\parser.py', reloading
2026-07-06 03:52:32,180 | INFO     | werkzeug |  * Detected change in 'C:\\Users\\HP\\Downloads\\smartretry_screenshots_final\\.venv\\Lib\\site-packages\\click\\parser.py', reloading
2026-07-06 03:52:32,228 | INFO     | werkzeug |  * Detected change in 'C:\\Users\\HP\\Downloads\\smartretry_screenshots_final\\.venv\\Lib\\site-packages\\click\\shell_completion.py', reloading
2026-07-06 03:52:32,228 | INFO     | werkzeug |  * Detected change in 'C:\\Users\\HP\\Downloads\\smartretry_screenshots_final\\.venv\\Lib\\site-packages\\click\\shell_completion.py', reloading
2026-07-06 03:52:32,247 | INFO     | werkzeug |  * Detected change in 'C:\\Users\\HP\\Downloads\\smartretry_screenshots_final\\.venv\\Lib\\site-packages\\click\\termui.py', reloading
2026-07-06 03:52:32,257 | INFO     | werkzeug |  * Detected change in 'C:\\Users\\HP\\Downloads\\smartretry_screenshots_final\\.venv\\Lib\\site-packages\\click\\testing.py', reloading
2026-07-06 03:52:32,257 | INFO     | werkzeug |  * Detected change in 'C:\\Users\\HP\\Downloads\\smartretry_screenshots_final\\.venv\\Lib\\site-packages\\click\\testing.py', reloading
2026-07-06 03:52:32,270 | INFO     | werkzeug |  * Detected change in 'C:\\Users\\HP\\Downloads\\smartretry_screenshots_final\\.venv\\Lib\\site-packages\\click\\types.py', reloading
2026-07-06 03:52:32,270 | INFO     | werkzeug |  * Detected change in 'C:\\Users\\HP\\Downloads\\smartretry_screenshots_final\\.venv\\Lib\\site-packages\\click\\types.py', reloading
2026-07-06 03:52:32,284 | INFO     | werkzeug |  * Detected change in 'C:\\Users\\HP\\Downloads\\smartretry_screenshots_final\\.venv\\Lib\\site-packages\\click\\utils.py', reloading
2026-07-06 03:52:32,284 | INFO     | werkzeug |  * Detected change in 'C:\\Users\\HP\\Downloads\\smartretry_screenshots_final\\.venv\\Lib\\site-packages\\click\\utils.py', reloading
2026-07-06 03:52:32,306 | INFO     | werkzeug |  * Detected change in 'C:\\Users\\HP\\Downloads\\smartretry_screenshots_final\\.venv\\Lib\\site-packages\\click\\_compat.py', reloading
2026-07-06 03:52:32,306 | INFO     | werkzeug |  * Detected change in 'C:\\Users\\HP\\Downloads\\smartretry_screenshots_final\\.venv\\Lib\\site-packages\\click\\_compat.py', reloading
2026-07-06 03:52:32,334 | INFO     | werkzeug |  * Detected change in 'C:\\Users\\HP\\Downloads\\smartretry_screenshots_final\\.venv\\Lib\\site-packages\\click\\_termui_impl.py', reloading
2026-07-06 03:52:32,334 | INFO     | werkzeug |  * Detected change in 'C:\\Users\\HP\\Downloads\\smartretry_screenshots_final\\.venv\\Lib\\site-packages\\click\\_termui_impl.py', reloading
2026-07-06 03:52:32,359 | INFO     | werkzeug |  * Detected change in 'C:\\Users\\HP\\Downloads\\smartretry_screenshots_final\\.venv\\Lib\\site-packages\\click\\_textwrap.py', reloading
2026-07-06 03:52:32,359 | INFO     | werkzeug |  * Detected change in 'C:\\Users\\HP\\Downloads\\smartretry_screenshots_final\\.venv\\Lib\\site-packages\\click\\_textwrap.py', reloading
2026-07-06 03:52:32,389 | INFO     | werkzeug |  * Detected change in 'C:\\Users\\HP\\Downloads\\smartretry_screenshots_final\\.venv\\Lib\\site-packages\\click\\_utils.py', reloading
2026-07-06 03:52:32,389 | INFO     | werkzeug |  * Detected change in 'C:\\Users\\HP\\Downloads\\smartretry_screenshots_final\\.venv\\Lib\\site-packages\\click\\_utils.py', reloading
2026-07-06 03:52:32,411 | INFO     | werkzeug |  * Detected change in 'C:\\Users\\HP\\Downloads\\smartretry_screenshots_final\\.venv\\Lib\\site-packages\\click\\_winconsole.py', reloading
2026-07-06 03:52:32,411 | INFO     | werkzeug |  * Detected change in 'C:\\Users\\HP\\Downloads\\smartretry_screenshots_final\\.venv\\Lib\\site-packages\\click\\_winconsole.py', reloading
2026-07-06 03:52:32,426 | INFO     | werkzeug |  * Detected change in 'C:\\Users\\HP\\Downloads\\smartretry_screenshots_final\\.venv\\Lib\\site-packages\\click\\__init__.py', reloading
2026-07-06 03:52:32,426 | INFO     | werkzeug |  * Detected change in 'C:\\Users\\HP\\Downloads\\smartretry_screenshots_final\\.venv\\Lib\\site-packages\\click\\__init__.py', reloading
2026-07-06 03:52:32,775 | INFO     | werkzeug |  * Detected change in 'C:\\Users\\HP\\Downloads\\smartretry_screenshots_final\\.venv\\Lib\\site-packages\\colorama\\ansi.py', reloading
2026-07-06 03:52:32,775 | INFO     | werkzeug |  * Detected change in 'C:\\Users\\HP\\Downloads\\smartretry_screenshots_final\\.venv\\Lib\\site-packages\\colorama\\ansi.py', reloading
2026-07-06 03:52:32,783 | INFO     | werkzeug |  * Detected change in 'C:\\Users\\HP\\Downloads\\smartretry_screenshots_final\\.venv\\Lib\\site-packages\\colorama\\ansitowin32.py', reloading
2026-07-06 03:52:32,783 | INFO     | werkzeug |  * Detected change in 'C:\\Users\\HP\\Downloads\\smartretry_screenshots_final\\.venv\\Lib\\site-packages\\colorama\\ansitowin32.py', reloading
2026-07-06 03:52:32,791 | INFO     | werkzeug |  * Detected change in 'C:\\Users\\HP\\Downloads\\smartretry_screenshots_final\\.venv\\Lib\\site-packages\\colorama\\initialise.py', reloading
2026-07-06 03:52:32,791 | INFO     | werkzeug |  * Detected change in 'C:\\Users\\HP\\Downloads\\smartretry_screenshots_final\\.venv\\Lib\\site-packages\\colorama\\initialise.py', reloading
2026-07-06 03:52:32,799 | INFO     | werkzeug |  * Detected change in 'C:\\Users\\HP\\Downloads\\smartretry_screenshots_final\\.venv\\Lib\\site-packages\\colorama\\win32.py', reloading
2026-07-06 03:52:32,799 | INFO     | werkzeug |  * Detected change in 'C:\\Users\\HP\\Downloads\\smartretry_screenshots_final\\.venv\\Lib\\site-packages\\colorama\\win32.py', reloading
2026-07-06 03:52:32,807 | INFO     | werkzeug |  * Detected change in 'C:\\Users\\HP\\Downloads\\smartretry_screenshots_final\\.venv\\Lib\\site-packages\\colorama\\winterm.py', reloading
2026-07-06 03:52:32,807 | INFO     | werkzeug |  * Detected change in 'C:\\Users\\HP\\Downloads\\smartretry_screenshots_final\\.venv\\Lib\\site-packages\\colorama\\winterm.py', reloading
2026-07-06 03:52:32,817 | INFO     | werkzeug |  * Detected change in 'C:\\Users\\HP\\Downloads\\smartretry_screenshots_final\\.venv\\Lib\\site-packages\\colorama\\__init__.py', reloading
2026-07-06 03:52:32,817 | INFO     | werkzeug |  * Detected change in 'C:\\Users\\HP\\Downloads\\smartretry_screenshots_final\\.venv\\Lib\\site-packages\\colorama\\__init__.py', reloading
2026-07-06 03:52:32,825 | INFO     | werkzeug |  * Detected change in 'C:\\Users\\HP\\Downloads\\smartretry_screenshots_final\\.venv\\Lib\\site-packages\\colorama\\tests\\ansitowin32_test.py', reloading
2026-07-06 03:52:32,825 | INFO     | werkzeug |  * Detected change in 'C:\\Users\\HP\\Downloads\\smartretry_screenshots_final\\.venv\\Lib\\site-packages\\colorama\\tests\\ansitowin32_test.py', reloading
2026-07-06 03:52:32,836 | INFO     | werkzeug |  * Detected change in 'C:\\Users\\HP\\Downloads\\smartretry_screenshots_final\\.venv\\Lib\\site-packages\\colorama\\tests\\ansi_test.py', reloading
2026-07-06 03:52:32,836 | INFO     | werkzeug |  * Detected change in 'C:\\Users\\HP\\Downloads\\smartretry_screenshots_final\\.venv\\Lib\\site-packages\\colorama\\tests\\ansi_test.py', reloading
2026-07-06 03:52:32,843 | INFO     | werkzeug |  * Detected change in 'C:\\Users\\HP\\Downloads\\smartretry_screenshots_final\\.venv\\Lib\\site-packages\\colorama\\tests\\initialise_test.py', reloading
2026-07-06 03:52:32,843 | INFO     | werkzeug |  * Detected change in 'C:\\Users\\HP\\Downloads\\smartretry_screenshots_final\\.venv\\Lib\\site-packages\\colorama\\tests\\initialise_test.py', reloading
2026-07-06 03:52:32,857 | INFO     | werkzeug |  * Detected change in 'C:\\Users\\HP\\Downloads\\smartretry_screenshots_final\\.venv\\Lib\\site-packages\\colorama\\tests\\isatty_test.py', reloading
2026-07-06 03:52:32,858 | INFO     | werkzeug |  * Detected change in 'C:\\Users\\HP\\Downloads\\smartretry_screenshots_final\\.venv\\Lib\\site-packages\\colorama\\tests\\isatty_test.py', reloading
2026-07-06 03:52:32,868 | INFO     | werkzeug |  * Detected change in 'C:\\Users\\HP\\Downloads\\smartretry_screenshots_final\\.venv\\Lib\\site-packages\\colorama\\tests\\utils.py', reloading
2026-07-06 03:52:32,868 | INFO     | werkzeug |  * Detected change in 'C:\\Users\\HP\\Downloads\\smartretry_screenshots_final\\.venv\\Lib\\site-packages\\colorama\\tests\\utils.py', reloading
2026-07-06 03:52:32,876 | INFO     | werkzeug |  * Detected change in 'C:\\Users\\HP\\Downloads\\smartretry_screenshots_final\\.venv\\Lib\\site-packages\\colorama\\tests\\winterm_test.py', reloading
2026-07-06 03:52:32,876 | INFO     | werkzeug |  * Detected change in 'C:\\Users\\HP\\Downloads\\smartretry_screenshots_final\\.venv\\Lib\\site-packages\\colorama\\tests\\winterm_test.py', reloading
2026-07-06 03:52:32,888 | INFO     | werkzeug |  * Detected change in 'C:\\Users\\HP\\Downloads\\smartretry_screenshots_final\\.venv\\Lib\\site-packages\\colorama\\tests\\__init__.py', reloading
2026-07-06 03:52:32,888 | INFO     | werkzeug |  * Detected change in 'C:\\Users\\HP\\Downloads\\smartretry_screenshots_final\\.venv\\Lib\\site-packages\\colorama\\tests\\__init__.py', reloading
2026-07-06 03:52:33,047 | INFO     | werkzeug |  * Detected change in 'C:\\Users\\HP\\Downloads\\smartretry_screenshots_final\\.venv\\Lib\\site-packages\\dotenv\\cli.py', reloading
2026-07-06 03:52:33,047 | INFO     | werkzeug |  * Detected change in 'C:\\Users\\HP\\Downloads\\smartretry_screenshots_final\\.venv\\Lib\\site-packages\\dotenv\\cli.py', reloading
2026-07-06 03:52:33,053 | INFO     | werkzeug |  * Detected change in 'C:\\Users\\HP\\Downloads\\smartretry_screenshots_final\\.venv\\Lib\\site-packages\\dotenv\\ipython.py', reloading
2026-07-06 03:52:33,053 | INFO     | werkzeug |  * Detected change in 'C:\\Users\\HP\\Downloads\\smartretry_screenshots_final\\.venv\\Lib\\site-packages\\dotenv\\ipython.py', reloading
2026-07-06 03:52:33,059 | INFO     | werkzeug |  * Detected change in 'C:\\Users\\HP\\Downloads\\smartretry_screenshots_final\\.venv\\Lib\\site-packages\\dotenv\\main.py', reloading
2026-07-06 03:52:33,059 | INFO     | werkzeug |  * Detected change in 'C:\\Users\\HP\\Downloads\\smartretry_screenshots_final\\.venv\\Lib\\site-packages\\dotenv\\main.py', reloading
2026-07-06 03:52:33,066 | INFO     | werkzeug |  * Detected change in 'C:\\Users\\HP\\Downloads\\smartretry_screenshots_final\\.venv\\Lib\\site-packages\\dotenv\\parser.py', reloading
2026-07-06 03:52:33,066 | INFO     | werkzeug |  * Detected change in 'C:\\Users\\HP\\Downloads\\smartretry_screenshots_final\\.venv\\Lib\\site-packages\\dotenv\\parser.py', reloading
2026-07-06 03:52:33,080 | INFO     | werkzeug |  * Detected change in 'C:\\Users\\HP\\Downloads\\smartretry_screenshots_final\\.venv\\Lib\\site-packages\\dotenv\\variables.py', reloading
2026-07-06 03:52:33,080 | INFO     | werkzeug |  * Detected change in 'C:\\Users\\HP\\Downloads\\smartretry_screenshots_final\\.venv\\Lib\\site-packages\\dotenv\\variables.py', reloading
2026-07-06 03:52:33,088 | INFO     | werkzeug |  * Detected change in 'C:\\Users\\HP\\Downloads\\smartretry_screenshots_final\\.venv\\Lib\\site-packages\\dotenv\\version.py', reloading
2026-07-06 03:52:33,088 | INFO     | werkzeug |  * Detected change in 'C:\\Users\\HP\\Downloads\\smartretry_screenshots_final\\.venv\\Lib\\site-packages\\dotenv\\version.py', reloading
2026-07-06 03:52:33,096 | INFO     | werkzeug |  * Detected change in 'C:\\Users\\HP\\Downloads\\smartretry_screenshots_final\\.venv\\Lib\\site-packages\\dotenv\\__init__.py', reloading
2026-07-06 03:52:33,096 | INFO     | werkzeug |  * Detected change in 'C:\\Users\\HP\\Downloads\\smartretry_screenshots_final\\.venv\\Lib\\site-packages\\dotenv\\__init__.py', reloading
2026-07-06 03:52:33,104 | INFO     | werkzeug |  * Detected change in 'C:\\Users\\HP\\Downloads\\smartretry_screenshots_final\\.venv\\Lib\\site-packages\\dotenv\\__main__.py', reloading
2026-07-06 03:52:33,104 | INFO     | werkzeug |  * Detected change in 'C:\\Users\\HP\\Downloads\\smartretry_screenshots_final\\.venv\\Lib\\site-packages\\dotenv\\__main__.py', reloading
2026-07-06 03:52:33,267 | INFO     | werkzeug |  * Restarting with watchdog (windowsapi)
2026-07-06 03:52:33,274 | INFO     | werkzeug |  * Restarting with watchdog (windowsapi)
2026-07-06 03:52:33,574 | INFO     | database.db_manager | Database initialized at C:\Users\HP\Downloads\smartretry_screenshots_final\database\framework.db
2026-07-06 03:52:33,585 | INFO     | database.db_manager | Database initialized at C:\Users\HP\Downloads\smartretry_screenshots_final\database\framework.db
2026-07-06 03:52:33,597 | WARNING  | werkzeug |  * Debugger is active!
2026-07-06 03:52:33,603 | INFO     | werkzeug |  * Debugger PIN: 106-337-974
2026-07-06 03:52:33,615 | WARNING  | werkzeug |  * Debugger is active!
2026-07-06 03:52:33,621 | INFO     | werkzeug |  * Debugger PIN: 106-337-974
2026-07-06 03:52:33,671 | INFO     | werkzeug |  * Detected change in 'C:\\Users\\HP\\Downloads\\smartretry_screenshots_final\\.venv\\Lib\\site-packages\\flask\\sansio\\app.py', reloading
2026-07-06 03:52:33,671 | INFO     | werkzeug |  * Detected change in 'C:\\Users\\HP\\Downloads\\smartretry_screenshots_final\\.venv\\Lib\\site-packages\\flask\\sansio\\app.py', reloading
2026-07-06 03:52:33,679 | INFO     | werkzeug |  * Detected change in 'C:\\Users\\HP\\Downloads\\smartretry_screenshots_final\\.venv\\Lib\\site-packages\\flask\\sansio\\blueprints.py', reloading
2026-07-06 03:52:33,679 | INFO     | werkzeug |  * Detected change in 'C:\\Users\\HP\\Downloads\\smartretry_screenshots_final\\.venv\\Lib\\site-packages\\flask\\sansio\\blueprints.py', reloading
2026-07-06 03:52:33,698 | INFO     | werkzeug |  * Detected change in 'C:\\Users\\HP\\Downloads\\smartretry_screenshots_final\\.venv\\Lib\\site-packages\\flask\\sansio\\scaffold.py', reloading
2026-07-06 03:52:33,698 | INFO     | werkzeug |  * Detected change in 'C:\\Users\\HP\\Downloads\\smartretry_screenshots_final\\.venv\\Lib\\site-packages\\flask\\sansio\\scaffold.py', reloading
2026-07-06 03:52:33,931 | INFO     | werkzeug |  * Detected change in 'C:\\Users\\HP\\Downloads\\smartretry_screenshots_final\\.venv\\Lib\\site-packages\\flask_cors\\core.py', reloading
2026-07-06 03:52:33,931 | INFO     | werkzeug |  * Detected change in 'C:\\Users\\HP\\Downloads\\smartretry_screenshots_final\\.venv\\Lib\\site-packages\\flask_cors\\core.py', reloading
2026-07-06 03:52:33,936 | INFO     | werkzeug |  * Detected change in 'C:\\Users\\HP\\Downloads\\smartretry_screenshots_final\\.venv\\Lib\\site-packages\\flask_cors\\decorator.py', reloading
2026-07-06 03:52:33,936 | INFO     | werkzeug |  * Detected change in 'C:\\Users\\HP\\Downloads\\smartretry_screenshots_final\\.venv\\Lib\\site-packages\\flask_cors\\decorator.py', reloading
2026-07-06 03:52:33,943 | INFO     | werkzeug |  * Detected change in 'C:\\Users\\HP\\Downloads\\smartretry_screenshots_final\\.venv\\Lib\\site-packages\\flask_cors\\extension.py', reloading
2026-07-06 03:52:33,943 | INFO     | werkzeug |  * Detected change in 'C:\\Users\\HP\\Downloads\\smartretry_screenshots_final\\.venv\\Lib\\site-packages\\flask_cors\\extension.py', reloading
2026-07-06 03:52:33,950 | INFO     | werkzeug |  * Detected change in 'C:\\Users\\HP\\Downloads\\smartretry_screenshots_final\\.venv\\Lib\\site-packages\\flask_cors\\version.py', reloading
2026-07-06 03:52:33,950 | INFO     | werkzeug |  * Detected change in 'C:\\Users\\HP\\Downloads\\smartretry_screenshots_final\\.venv\\Lib\\site-packages\\flask_cors\\version.py', reloading
2026-07-06 03:52:33,957 | INFO     | werkzeug |  * Detected change in 'C:\\Users\\HP\\Downloads\\smartretry_screenshots_final\\.venv\\Lib\\site-packages\\flask_cors\\__init__.py', reloading
2026-07-06 03:52:33,957 | INFO     | werkzeug |  * Detected change in 'C:\\Users\\HP\\Downloads\\smartretry_screenshots_final\\.venv\\Lib\\site-packages\\flask_cors\\__init__.py', reloading
2026-07-06 03:52:34,078 | INFO     | werkzeug |  * Detected change in 'C:\\Users\\HP\\Downloads\\smartretry_screenshots_final\\.venv\\Lib\\site-packages\\h11\\_abnf.py', reloading
2026-07-06 03:52:34,078 | INFO     | werkzeug |  * Detected change in 'C:\\Users\\HP\\Downloads\\smartretry_screenshots_final\\.venv\\Lib\\site-packages\\h11\\_abnf.py', reloading
2026-07-06 03:52:34,089 | INFO     | werkzeug |  * Detected change in 'C:\\Users\\HP\\Downloads\\smartretry_screenshots_final\\.venv\\Lib\\site-packages\\h11\\_connection.py', reloading
2026-07-06 03:52:34,089 | INFO     | werkzeug |  * Detected change in 'C:\\Users\\HP\\Downloads\\smartretry_screenshots_final\\.venv\\Lib\\site-packages\\h11\\_connection.py', reloading
2026-07-06 03:52:34,099 | INFO     | werkzeug |  * Detected change in 'C:\\Users\\HP\\Downloads\\smartretry_screenshots_final\\.venv\\Lib\\site-packages\\h11\\_events.py', reloading
2026-07-06 03:52:34,099 | INFO     | werkzeug |  * Detected change in 'C:\\Users\\HP\\Downloads\\smartretry_screenshots_final\\.venv\\Lib\\site-packages\\h11\\_events.py', reloading
2026-07-06 03:52:34,107 | INFO     | werkzeug |  * Detected change in 'C:\\Users\\HP\\Downloads\\smartretry_screenshots_final\\.venv\\Lib\\site-packages\\h11\\_headers.py', reloading
2026-07-06 03:52:34,107 | INFO     | werkzeug |  * Detected change in 'C:\\Users\\HP\\Downloads\\smartretry_screenshots_final\\.venv\\Lib\\site-packages\\h11\\_headers.py', reloading
2026-07-06 03:52:34,116 | INFO     | werkzeug |  * Detected change in 'C:\\Users\\HP\\Downloads\\smartretry_screenshots_final\\.venv\\Lib\\site-packages\\h11\\_readers.py', reloading
2026-07-06 03:52:34,117 | INFO     | werkzeug |  * Detected change in 'C:\\Users\\HP\\Downloads\\smartretry_screenshots_final\\.venv\\Lib\\site-packages\\h11\\_readers.py', reloading
2026-07-06 03:52:34,124 | INFO     | werkzeug |  * Detected change in 'C:\\Users\\HP\\Downloads\\smartretry_screenshots_final\\.venv\\Lib\\site-packages\\h11\\_receivebuffer.py', reloading
2026-07-06 03:52:34,124 | INFO     | werkzeug |  * Detected change in 'C:\\Users\\HP\\Downloads\\smartretry_screenshots_final\\.venv\\Lib\\site-packages\\h11\\_receivebuffer.py', reloading
2026-07-06 03:52:34,134 | INFO     | werkzeug |  * Detected change in 'C:\\Users\\HP\\Downloads\\smartretry_screenshots_final\\.venv\\Lib\\site-packages\\h11\\_state.py', reloading
2026-07-06 03:52:34,134 | INFO     | werkzeug |  * Detected change in 'C:\\Users\\HP\\Downloads\\smartretry_screenshots_final\\.venv\\Lib\\site-packages\\h11\\_state.py', reloading
2026-07-06 03:52:34,142 | INFO     | werkzeug |  * Detected change in 'C:\\Users\\HP\\Downloads\\smartretry_screenshots_final\\.venv\\Lib\\site-packages\\h11\\_util.py', reloading
2026-07-06 03:52:34,142 | INFO     | werkzeug |  * Detected change in 'C:\\Users\\HP\\Downloads\\smartretry_screenshots_final\\.venv\\Lib\\site-packages\\h11\\_util.py', reloading
2026-07-06 03:52:34,150 | INFO     | werkzeug |  * Detected change in 'C:\\Users\\HP\\Downloads\\smartretry_screenshots_final\\.venv\\Lib\\site-packages\\h11\\_version.py', reloading
2026-07-06 03:52:34,150 | INFO     | werkzeug |  * Detected change in 'C:\\Users\\HP\\Downloads\\smartretry_screenshots_final\\.venv\\Lib\\site-packages\\h11\\_version.py', reloading
2026-07-06 03:52:34,159 | INFO     | werkzeug |  * Detected change in 'C:\\Users\\HP\\Downloads\\smartretry_screenshots_final\\.venv\\Lib\\site-packages\\h11\\_writers.py', reloading
2026-07-06 03:52:34,159 | INFO     | werkzeug |  * Detected change in 'C:\\Users\\HP\\Downloads\\smartretry_screenshots_final\\.venv\\Lib\\site-packages\\h11\\_writers.py', reloading
2026-07-06 03:52:34,175 | INFO     | werkzeug |  * Detected change in 'C:\\Users\\HP\\Downloads\\smartretry_screenshots_final\\.venv\\Lib\\site-packages\\h11\\__init__.py', reloading
2026-07-06 03:52:34,175 | INFO     | werkzeug |  * Detected change in 'C:\\Users\\HP\\Downloads\\smartretry_screenshots_final\\.venv\\Lib\\site-packages\\h11\\__init__.py', reloading
2026-07-06 03:52:34,337 | INFO     | werkzeug |  * Detected change in 'C:\\Users\\HP\\Downloads\\smartretry_screenshots_final\\.venv\\Lib\\site-packages\\idna\\cli.py', reloading
2026-07-06 03:52:34,337 | INFO     | werkzeug |  * Detected change in 'C:\\Users\\HP\\Downloads\\smartretry_screenshots_final\\.venv\\Lib\\site-packages\\idna\\cli.py', reloading
2026-07-06 03:52:34,342 | INFO     | werkzeug |  * Detected change in 'C:\\Users\\HP\\Downloads\\smartretry_screenshots_final\\.venv\\Lib\\site-packages\\idna\\codec.py', reloading
2026-07-06 03:52:34,343 | INFO     | werkzeug |  * Detected change in 'C:\\Users\\HP\\Downloads\\smartretry_screenshots_final\\.venv\\Lib\\site-packages\\idna\\codec.py', reloading
2026-07-06 03:52:34,351 | INFO     | werkzeug |  * Detected change in 'C:\\Users\\HP\\Downloads\\smartretry_screenshots_final\\.venv\\Lib\\site-packages\\idna\\compat.py', reloading
2026-07-06 03:52:34,351 | INFO     | werkzeug |  * Detected change in 'C:\\Users\\HP\\Downloads\\smartretry_screenshots_final\\.venv\\Lib\\site-packages\\idna\\compat.py', reloading
2026-07-06 03:52:34,356 | INFO     | werkzeug |  * Detected change in 'C:\\Users\\HP\\Downloads\\smartretry_screenshots_final\\.venv\\Lib\\site-packages\\idna\\core.py', reloading
2026-07-06 03:52:34,356 | INFO     | werkzeug |  * Detected change in 'C:\\Users\\HP\\Downloads\\smartretry_screenshots_final\\.venv\\Lib\\site-packages\\idna\\core.py', reloading
2026-07-06 03:52:34,366 | INFO     | werkzeug |  * Detected change in 'C:\\Users\\HP\\Downloads\\smartretry_screenshots_final\\.venv\\Lib\\site-packages\\idna\\idnadata.py', reloading
2026-07-06 03:52:34,366 | INFO     | werkzeug |  * Detected change in 'C:\\Users\\HP\\Downloads\\smartretry_screenshots_final\\.venv\\Lib\\site-packages\\idna\\idnadata.py', reloading
2026-07-06 03:52:34,372 | INFO     | werkzeug |  * Detected change in 'C:\\Users\\HP\\Downloads\\smartretry_screenshots_final\\.venv\\Lib\\site-packages\\idna\\intranges.py', reloading
2026-07-06 03:52:34,372 | INFO     | werkzeug |  * Detected change in 'C:\\Users\\HP\\Downloads\\smartretry_screenshots_final\\.venv\\Lib\\site-packages\\idna\\intranges.py', reloading
2026-07-06 03:52:34,380 | INFO     | werkzeug |  * Detected change in 'C:\\Users\\HP\\Downloads\\smartretry_screenshots_final\\.venv\\Lib\\site-packages\\idna\\package_data.py', reloading
2026-07-06 03:52:34,381 | INFO     | werkzeug |  * Detected change in 'C:\\Users\\HP\\Downloads\\smartretry_screenshots_final\\.venv\\Lib\\site-packages\\idna\\package_data.py', reloading
2026-07-06 03:52:34,392 | INFO     | werkzeug |  * Detected change in 'C:\\Users\\HP\\Downloads\\smartretry_screenshots_final\\.venv\\Lib\\site-packages\\idna\\uts46data.py', reloading
2026-07-06 03:52:34,392 | INFO     | werkzeug |  * Detected change in 'C:\\Users\\HP\\Downloads\\smartretry_screenshots_final\\.venv\\Lib\\site-packages\\idna\\uts46data.py', reloading
2026-07-06 03:52:34,399 | INFO     | werkzeug |  * Detected change in 'C:\\Users\\HP\\Downloads\\smartretry_screenshots_final\\.venv\\Lib\\site-packages\\idna\\__init__.py', reloading
2026-07-06 03:52:34,399 | INFO     | werkzeug |  * Detected change in 'C:\\Users\\HP\\Downloads\\smartretry_screenshots_final\\.venv\\Lib\\site-packages\\idna\\__init__.py', reloading
2026-07-06 03:52:34,405 | INFO     | werkzeug |  * Detected change in 'C:\\Users\\HP\\Downloads\\smartretry_screenshots_final\\.venv\\Lib\\site-packages\\idna\\__main__.py', reloading
2026-07-06 03:52:34,405 | INFO     | werkzeug |  * Detected change in 'C:\\Users\\HP\\Downloads\\smartretry_screenshots_final\\.venv\\Lib\\site-packages\\idna\\__main__.py', reloading
2026-07-06 03:52:34,527 | INFO     | werkzeug |  * Detected change in 'C:\\Users\\HP\\Downloads\\smartretry_screenshots_final\\.venv\\Lib\\site-packages\\itsdangerous\\encoding.py', reloading
2026-07-06 03:52:34,535 | INFO     | werkzeug |  * Detected change in 'C:\\Users\\HP\\Downloads\\smartretry_screenshots_final\\.venv\\Lib\\site-packages\\itsdangerous\\exc.py', reloading
2026-07-06 03:52:34,536 | INFO     | werkzeug |  * Detected change in 'C:\\Users\\HP\\Downloads\\smartretry_screenshots_final\\.venv\\Lib\\site-packages\\itsdangerous\\exc.py', reloading
2026-07-06 03:52:34,550 | INFO     | werkzeug |  * Detected change in 'C:\\Users\\HP\\Downloads\\smartretry_screenshots_final\\.venv\\Lib\\site-packages\\itsdangerous\\serializer.py', reloading
2026-07-06 03:52:34,551 | INFO     | werkzeug |  * Detected change in 'C:\\Users\\HP\\Downloads\\smartretry_screenshots_final\\.venv\\Lib\\site-packages\\itsdangerous\\serializer.py', reloading
2026-07-06 03:52:34,556 | INFO     | werkzeug |  * Detected change in 'C:\\Users\\HP\\Downloads\\smartretry_screenshots_final\\.venv\\Lib\\site-packages\\itsdangerous\\signer.py', reloading
2026-07-06 03:52:34,556 | INFO     | werkzeug |  * Detected change in 'C:\\Users\\HP\\Downloads\\smartretry_screenshots_final\\.venv\\Lib\\site-packages\\itsdangerous\\signer.py', reloading
2026-07-06 03:52:34,564 | INFO     | werkzeug |  * Detected change in 'C:\\Users\\HP\\Downloads\\smartretry_screenshots_final\\.venv\\Lib\\site-packages\\itsdangerous\\timed.py', reloading
2026-07-06 03:52:34,569 | INFO     | werkzeug |  * Detected change in 'C:\\Users\\HP\\Downloads\\smartretry_screenshots_final\\.venv\\Lib\\site-packages\\itsdangerous\\url_safe.py', reloading
2026-07-06 03:52:34,569 | INFO     | werkzeug |  * Detected change in 'C:\\Users\\HP\\Downloads\\smartretry_screenshots_final\\.venv\\Lib\\site-packages\\itsdangerous\\url_safe.py', reloading
2026-07-06 03:52:34,576 | INFO     | werkzeug |  * Detected change in 'C:\\Users\\HP\\Downloads\\smartretry_screenshots_final\\.venv\\Lib\\site-packages\\itsdangerous\\_json.py', reloading
2026-07-06 03:52:34,575 | INFO     | werkzeug |  * Detected change in 'C:\\Users\\HP\\Downloads\\smartretry_screenshots_final\\.venv\\Lib\\site-packages\\itsdangerous\\_json.py', reloading
2026-07-06 03:52:34,584 | INFO     | werkzeug |  * Detected change in 'C:\\Users\\HP\\Downloads\\smartretry_screenshots_final\\.venv\\Lib\\site-packages\\itsdangerous\\__init__.py', reloading
2026-07-06 03:52:34,584 | INFO     | werkzeug |  * Detected change in 'C:\\Users\\HP\\Downloads\\smartretry_screenshots_final\\.venv\\Lib\\site-packages\\itsdangerous\\__init__.py', reloading
2026-07-06 03:52:34,740 | INFO     | werkzeug |  * Restarting with watchdog (windowsapi)
2026-07-06 03:52:34,785 | INFO     | werkzeug |  * Restarting with watchdog (windowsapi)
2026-07-06 03:52:35,237 | INFO     | database.db_manager | Database initialized at C:\Users\HP\Downloads\smartretry_screenshots_final\database\framework.db
2026-07-06 03:52:35,245 | INFO     | database.db_manager | Database initialized at C:\Users\HP\Downloads\smartretry_screenshots_final\database\framework.db
2026-07-06 03:52:35,267 | WARNING  | werkzeug |  * Debugger is active!
2026-07-06 03:52:35,270 | WARNING  | werkzeug |  * Debugger is active!
2026-07-06 03:52:35,272 | INFO     | werkzeug |  * Debugger PIN: 106-337-974
2026-07-06 03:52:35,275 | INFO     | werkzeug |  * Debugger PIN: 106-337-974
2026-07-06 03:52:35,304 | INFO     | werkzeug |  * Detected change in 'C:\\Users\\HP\\Downloads\\smartretry_screenshots_final\\.venv\\Lib\\site-packages\\jinja2\\parser.py', reloading
2026-07-06 03:52:35,305 | INFO     | werkzeug |  * Detected change in 'C:\\Users\\HP\\Downloads\\smartretry_screenshots_final\\.venv\\Lib\\site-packages\\jinja2\\parser.py', reloading
2026-07-06 03:52:35,319 | INFO     | werkzeug |  * Detected change in 'C:\\Users\\HP\\Downloads\\smartretry_screenshots_final\\.venv\\Lib\\site-packages\\jinja2\\runtime.py', reloading
2026-07-06 03:52:35,319 | INFO     | werkzeug |  * Detected change in 'C:\\Users\\HP\\Downloads\\smartretry_screenshots_final\\.venv\\Lib\\site-packages\\jinja2\\runtime.py', reloading
2026-07-06 03:52:35,326 | INFO     | werkzeug |  * Detected change in 'C:\\Users\\HP\\Downloads\\smartretry_screenshots_final\\.venv\\Lib\\site-packages\\jinja2\\sandbox.py', reloading
2026-07-06 03:52:35,327 | INFO     | werkzeug |  * Detected change in 'C:\\Users\\HP\\Downloads\\smartretry_screenshots_final\\.venv\\Lib\\site-packages\\jinja2\\sandbox.py', reloading
2026-07-06 03:52:35,335 | INFO     | werkzeug |  * Detected change in 'C:\\Users\\HP\\Downloads\\smartretry_screenshots_final\\.venv\\Lib\\site-packages\\jinja2\\tests.py', reloading
2026-07-06 03:52:35,335 | INFO     | werkzeug |  * Detected change in 'C:\\Users\\HP\\Downloads\\smartretry_screenshots_final\\.venv\\Lib\\site-packages\\jinja2\\tests.py', reloading
2026-07-06 03:52:35,343 | INFO     | werkzeug |  * Detected change in 'C:\\Users\\HP\\Downloads\\smartretry_screenshots_final\\.venv\\Lib\\site-packages\\jinja2\\utils.py', reloading
2026-07-06 03:52:35,343 | INFO     | werkzeug |  * Detected change in 'C:\\Users\\HP\\Downloads\\smartretry_screenshots_final\\.venv\\Lib\\site-packages\\jinja2\\utils.py', reloading
2026-07-06 03:52:35,351 | INFO     | werkzeug |  * Detected change in 'C:\\Users\\HP\\Downloads\\smartretry_screenshots_final\\.venv\\Lib\\site-packages\\jinja2\\visitor.py', reloading
2026-07-06 03:52:35,357 | INFO     | werkzeug |  * Detected change in 'C:\\Users\\HP\\Downloads\\smartretry_screenshots_final\\.venv\\Lib\\site-packages\\jinja2\\_identifier.py', reloading
2026-07-06 03:52:35,358 | INFO     | werkzeug |  * Detected change in 'C:\\Users\\HP\\Downloads\\smartretry_screenshots_final\\.venv\\Lib\\site-packages\\jinja2\\_identifier.py', reloading
2026-07-06 03:52:35,367 | INFO     | werkzeug |  * Detected change in 'C:\\Users\\HP\\Downloads\\smartretry_screenshots_final\\.venv\\Lib\\site-packages\\jinja2\\__init__.py', reloading
2026-07-06 03:52:35,367 | INFO     | werkzeug |  * Detected change in 'C:\\Users\\HP\\Downloads\\smartretry_screenshots_final\\.venv\\Lib\\site-packages\\jinja2\\__init__.py', reloading
2026-07-06 03:52:35,619 | INFO     | werkzeug |  * Detected change in 'C:\\Users\\HP\\Downloads\\smartretry_screenshots_final\\.venv\\Lib\\site-packages\\markupsafe\\_native.py', reloading
2026-07-06 03:52:35,619 | INFO     | werkzeug |  * Detected change in 'C:\\Users\\HP\\Downloads\\smartretry_screenshots_final\\.venv\\Lib\\site-packages\\markupsafe\\_native.py', reloading
2026-07-06 03:52:35,649 | INFO     | werkzeug |  * Detected change in 'C:\\Users\\HP\\Downloads\\smartretry_screenshots_final\\.venv\\Lib\\site-packages\\markupsafe\\__init__.py', reloading
2026-07-06 03:52:35,649 | INFO     | werkzeug |  * Detected change in 'C:\\Users\\HP\\Downloads\\smartretry_screenshots_final\\.venv\\Lib\\site-packages\\markupsafe\\__init__.py', reloading
2026-07-06 03:52:35,715 | INFO     | werkzeug |  * Detected change in 'C:\\Users\\HP\\Downloads\\smartretry_screenshots_final\\.venv\\Lib\\site-packages\\outcome\\_impl.py', reloading
2026-07-06 03:52:35,715 | INFO     | werkzeug |  * Detected change in 'C:\\Users\\HP\\Downloads\\smartretry_screenshots_final\\.venv\\Lib\\site-packages\\outcome\\_impl.py', reloading
2026-07-06 03:52:35,721 | INFO     | werkzeug |  * Detected change in 'C:\\Users\\HP\\Downloads\\smartretry_screenshots_final\\.venv\\Lib\\site-packages\\outcome\\_util.py', reloading
2026-07-06 03:52:35,721 | INFO     | werkzeug |  * Detected change in 'C:\\Users\\HP\\Downloads\\smartretry_screenshots_final\\.venv\\Lib\\site-packages\\outcome\\_util.py', reloading
2026-07-06 03:52:35,727 | INFO     | werkzeug |  * Detected change in 'C:\\Users\\HP\\Downloads\\smartretry_screenshots_final\\.venv\\Lib\\site-packages\\outcome\\_version.py', reloading
2026-07-06 03:52:35,727 | INFO     | werkzeug |  * Detected change in 'C:\\Users\\HP\\Downloads\\smartretry_screenshots_final\\.venv\\Lib\\site-packages\\outcome\\_version.py', reloading
2026-07-06 03:52:35,735 | INFO     | werkzeug |  * Detected change in 'C:\\Users\\HP\\Downloads\\smartretry_screenshots_final\\.venv\\Lib\\site-packages\\outcome\\__init__.py', reloading
2026-07-06 03:52:35,735 | INFO     | werkzeug |  * Detected change in 'C:\\Users\\HP\\Downloads\\smartretry_screenshots_final\\.venv\\Lib\\site-packages\\outcome\\__init__.py', reloading
2026-07-06 03:52:35,871 | INFO     | werkzeug |  * Detected change in 'C:\\Users\\HP\\Downloads\\smartretry_screenshots_final\\.venv\\Lib\\site-packages\\packaging\\dependency_groups.py', reloading
2026-07-06 03:52:35,871 | INFO     | werkzeug |  * Detected change in 'C:\\Users\\HP\\Downloads\\smartretry_screenshots_final\\.venv\\Lib\\site-packages\\packaging\\dependency_groups.py', reloading
2026-07-06 03:52:35,877 | INFO     | werkzeug |  * Detected change in 'C:\\Users\\HP\\Downloads\\smartretry_screenshots_final\\.venv\\Lib\\site-packages\\packaging\\direct_url.py', reloading
2026-07-06 03:52:35,877 | INFO     | werkzeug |  * Detected change in 'C:\\Users\\HP\\Downloads\\smartretry_screenshots_final\\.venv\\Lib\\site-packages\\packaging\\direct_url.py', reloading
2026-07-06 03:52:35,884 | INFO     | werkzeug |  * Detected change in 'C:\\Users\\HP\\Downloads\\smartretry_screenshots_final\\.venv\\Lib\\site-packages\\packaging\\errors.py', reloading
2026-07-06 03:52:35,884 | INFO     | werkzeug |  * Detected change in 'C:\\Users\\HP\\Downloads\\smartretry_screenshots_final\\.venv\\Lib\\site-packages\\packaging\\errors.py', reloading
2026-07-06 03:52:35,892 | INFO     | werkzeug |  * Detected change in 'C:\\Users\\HP\\Downloads\\smartretry_screenshots_final\\.venv\\Lib\\site-packages\\packaging\\markers.py', reloading
2026-07-06 03:52:35,892 | INFO     | werkzeug |  * Detected change in 'C:\\Users\\HP\\Downloads\\smartretry_screenshots_final\\.venv\\Lib\\site-packages\\packaging\\markers.py', reloading
2026-07-06 03:52:35,900 | INFO     | werkzeug |  * Detected change in 'C:\\Users\\HP\\Downloads\\smartretry_screenshots_final\\.venv\\Lib\\site-packages\\packaging\\metadata.py', reloading
2026-07-06 03:52:35,900 | INFO     | werkzeug |  * Detected change in 'C:\\Users\\HP\\Downloads\\smartretry_screenshots_final\\.venv\\Lib\\site-packages\\packaging\\metadata.py', reloading
2026-07-06 03:52:35,915 | INFO     | werkzeug |  * Detected change in 'C:\\Users\\HP\\Downloads\\smartretry_screenshots_final\\.venv\\Lib\\site-packages\\packaging\\pylock.py', reloading
2026-07-06 03:52:35,915 | INFO     | werkzeug |  * Detected change in 'C:\\Users\\HP\\Downloads\\smartretry_screenshots_final\\.venv\\Lib\\site-packages\\packaging\\pylock.py', reloading
2026-07-06 03:52:35,924 | INFO     | werkzeug |  * Detected change in 'C:\\Users\\HP\\Downloads\\smartretry_screenshots_final\\.venv\\Lib\\site-packages\\packaging\\requirements.py', reloading
2026-07-06 03:52:35,932 | INFO     | werkzeug |  * Detected change in 'C:\\Users\\HP\\Downloads\\smartretry_screenshots_final\\.venv\\Lib\\site-packages\\packaging\\specifiers.py', reloading
2026-07-06 03:52:35,932 | INFO     | werkzeug |  * Detected change in 'C:\\Users\\HP\\Downloads\\smartretry_screenshots_final\\.venv\\Lib\\site-packages\\packaging\\specifiers.py', reloading
2026-07-06 03:52:35,938 | INFO     | werkzeug |  * Detected change in 'C:\\Users\\HP\\Downloads\\smartretry_screenshots_final\\.venv\\Lib\\site-packages\\packaging\\tags.py', reloading
2026-07-06 03:52:35,938 | INFO     | werkzeug |  * Detected change in 'C:\\Users\\HP\\Downloads\\smartretry_screenshots_final\\.venv\\Lib\\site-packages\\packaging\\tags.py', reloading
2026-07-06 03:52:35,945 | INFO     | werkzeug |  * Detected change in 'C:\\Users\\HP\\Downloads\\smartretry_screenshots_final\\.venv\\Lib\\site-packages\\packaging\\utils.py', reloading
2026-07-06 03:52:35,945 | INFO     | werkzeug |  * Detected change in 'C:\\Users\\HP\\Downloads\\smartretry_screenshots_final\\.venv\\Lib\\site-packages\\packaging\\utils.py', reloading
2026-07-06 03:52:35,953 | INFO     | werkzeug |  * Detected change in 'C:\\Users\\HP\\Downloads\\smartretry_screenshots_final\\.venv\\Lib\\site-packages\\packaging\\version.py', reloading
2026-07-06 03:52:35,954 | INFO     | werkzeug |  * Detected change in 'C:\\Users\\HP\\Downloads\\smartretry_screenshots_final\\.venv\\Lib\\site-packages\\packaging\\version.py', reloading
2026-07-06 03:52:35,961 | INFO     | werkzeug |  * Detected change in 'C:\\Users\\HP\\Downloads\\smartretry_screenshots_final\\.venv\\Lib\\site-packages\\packaging\\_elffile.py', reloading
2026-07-06 03:52:35,961 | INFO     | werkzeug |  * Detected change in 'C:\\Users\\HP\\Downloads\\smartretry_screenshots_final\\.venv\\Lib\\site-packages\\packaging\\_elffile.py', reloading
2026-07-06 03:52:35,972 | INFO     | werkzeug |  * Detected change in 'C:\\Users\\HP\\Downloads\\smartretry_screenshots_final\\.venv\\Lib\\site-packages\\packaging\\_manylinux.py', reloading
2026-07-06 03:52:35,972 | INFO     | werkzeug |  * Detected change in 'C:\\Users\\HP\\Downloads\\smartretry_screenshots_final\\.venv\\Lib\\site-packages\\packaging\\_manylinux.py', reloading
2026-07-06 03:52:35,980 | INFO     | werkzeug |  * Detected change in 'C:\\Users\\HP\\Downloads\\smartretry_screenshots_final\\.venv\\Lib\\site-packages\\packaging\\_musllinux.py', reloading
2026-07-06 03:52:35,980 | INFO     | werkzeug |  * Detected change in 'C:\\Users\\HP\\Downloads\\smartretry_screenshots_final\\.venv\\Lib\\site-packages\\packaging\\_musllinux.py', reloading
2026-07-06 03:52:35,988 | INFO     | werkzeug |  * Detected change in 'C:\\Users\\HP\\Downloads\\smartretry_screenshots_final\\.venv\\Lib\\site-packages\\packaging\\_parser.py', reloading
2026-07-06 03:52:35,988 | INFO     | werkzeug |  * Detected change in 'C:\\Users\\HP\\Downloads\\smartretry_screenshots_final\\.venv\\Lib\\site-packages\\packaging\\_parser.py', reloading
2026-07-06 03:52:35,998 | INFO     | werkzeug |  * Detected change in 'C:\\Users\\HP\\Downloads\\smartretry_screenshots_final\\.venv\\Lib\\site-packages\\packaging\\_structures.py', reloading
2026-07-06 03:52:35,998 | INFO     | werkzeug |  * Detected change in 'C:\\Users\\HP\\Downloads\\smartretry_screenshots_final\\.venv\\Lib\\site-packages\\packaging\\_structures.py', reloading
2026-07-06 03:52:36,005 | INFO     | werkzeug |  * Detected change in 'C:\\Users\\HP\\Downloads\\smartretry_screenshots_final\\.venv\\Lib\\site-packages\\packaging\\_tokenizer.py', reloading
2026-07-06 03:52:36,005 | INFO     | werkzeug |  * Detected change in 'C:\\Users\\HP\\Downloads\\smartretry_screenshots_final\\.venv\\Lib\\site-packages\\packaging\\_tokenizer.py', reloading
2026-07-06 03:52:36,017 | INFO     | werkzeug |  * Detected change in 'C:\\Users\\HP\\Downloads\\smartretry_screenshots_final\\.venv\\Lib\\site-packages\\packaging\\__init__.py', reloading
2026-07-06 03:52:36,017 | INFO     | werkzeug |  * Detected change in 'C:\\Users\\HP\\Downloads\\smartretry_screenshots_final\\.venv\\Lib\\site-packages\\packaging\\__init__.py', reloading
2026-07-06 03:52:36,024 | INFO     | werkzeug |  * Detected change in 'C:\\Users\\HP\\Downloads\\smartretry_screenshots_final\\.venv\\Lib\\site-packages\\packaging\\licenses\\_spdx.py', reloading
2026-07-06 03:52:36,024 | INFO     | werkzeug |  * Detected change in 'C:\\Users\\HP\\Downloads\\smartretry_screenshots_final\\.venv\\Lib\\site-packages\\packaging\\licenses\\_spdx.py', reloading
2026-07-06 03:52:36,034 | INFO     | werkzeug |  * Detected change in 'C:\\Users\\HP\\Downloads\\smartretry_screenshots_final\\.venv\\Lib\\site-packages\\packaging\\licenses\\__init__.py', reloading
2026-07-06 03:52:36,034 | INFO     | werkzeug |  * Detected change in 'C:\\Users\\HP\\Downloads\\smartretry_screenshots_final\\.venv\\Lib\\site-packages\\packaging\\licenses\\__init__.py', reloading
2026-07-06 03:52:36,360 | INFO     | werkzeug |  * Restarting with watchdog (windowsapi)
2026-07-06 03:52:36,366 | INFO     | werkzeug |  * Restarting with watchdog (windowsapi)
2026-07-06 03:52:36,772 | INFO     | database.db_manager | Database initialized at C:\Users\HP\Downloads\smartretry_screenshots_final\database\framework.db
2026-07-06 03:52:36,780 | INFO     | database.db_manager | Database initialized at C:\Users\HP\Downloads\smartretry_screenshots_final\database\framework.db
2026-07-06 03:52:36,800 | WARNING  | werkzeug |  * Debugger is active!
2026-07-06 03:52:36,803 | WARNING  | werkzeug |  * Debugger is active!
2026-07-06 03:52:36,807 | INFO     | werkzeug |  * Debugger PIN: 106-337-974
2026-07-06 03:52:36,809 | INFO     | werkzeug |  * Debugger PIN: 106-337-974
2026-07-06 03:52:36,838 | INFO     | werkzeug |  * Detected change in 'C:\\Users\\HP\\Downloads\\smartretry_screenshots_final\\.venv\\Lib\\site-packages\\pip\\_internal\\cli\\spinners.py', reloading
2026-07-06 03:52:36,838 | INFO     | werkzeug |  * Detected change in 'C:\\Users\\HP\\Downloads\\smartretry_screenshots_final\\.venv\\Lib\\site-packages\\pip\\_internal\\cli\\spinners.py', reloading
2026-07-06 03:52:36,850 | INFO     | werkzeug |  * Detected change in 'C:\\Users\\HP\\Downloads\\smartretry_screenshots_final\\.venv\\Lib\\site-packages\\pip\\_internal\\cli\\status_codes.py', reloading
2026-07-06 03:52:36,850 | INFO     | werkzeug |  * Detected change in 'C:\\Users\\HP\\Downloads\\smartretry_screenshots_final\\.venv\\Lib\\site-packages\\pip\\_internal\\cli\\status_codes.py', reloading
2026-07-06 03:52:36,860 | INFO     | werkzeug |  * Detected change in 'C:\\Users\\HP\\Downloads\\smartretry_screenshots_final\\.venv\\Lib\\site-packages\\pip\\_internal\\cli\\__init__.py', reloading
2026-07-06 03:52:36,860 | INFO     | werkzeug |  * Detected change in 'C:\\Users\\HP\\Downloads\\smartretry_screenshots_final\\.venv\\Lib\\site-packages\\pip\\_internal\\cli\\__init__.py', reloading
2026-07-06 03:52:37,080 | INFO     | werkzeug |  * Detected change in 'C:\\Users\\HP\\Downloads\\smartretry_screenshots_final\\.venv\\Lib\\site-packages\\pip\\_internal\\commands\\cache.py', reloading
2026-07-06 03:52:37,080 | INFO     | werkzeug |  * Detected change in 'C:\\Users\\HP\\Downloads\\smartretry_screenshots_final\\.venv\\Lib\\site-packages\\pip\\_internal\\commands\\cache.py', reloading
2026-07-06 03:52:37,110 | INFO     | werkzeug |  * Detected change in 'C:\\Users\\HP\\Downloads\\smartretry_screenshots_final\\.venv\\Lib\\site-packages\\pip\\_internal\\commands\\check.py', reloading
2026-07-06 03:52:37,110 | INFO     | werkzeug |  * Detected change in 'C:\\Users\\HP\\Downloads\\smartretry_screenshots_final\\.venv\\Lib\\site-packages\\pip\\_internal\\commands\\check.py', reloading
2026-07-06 03:52:37,156 | INFO     | werkzeug |  * Detected change in 'C:\\Users\\HP\\Downloads\\smartretry_screenshots_final\\.venv\\Lib\\site-packages\\pip\\_internal\\commands\\completion.py', reloading
2026-07-06 03:52:37,156 | INFO     | werkzeug |  * Detected change in 'C:\\Users\\HP\\Downloads\\smartretry_screenshots_final\\.venv\\Lib\\site-packages\\pip\\_internal\\commands\\completion.py', reloading
2026-07-06 03:52:37,214 | INFO     | werkzeug |  * Detected change in 'C:\\Users\\HP\\Downloads\\smartretry_screenshots_final\\.venv\\Lib\\site-packages\\pip\\_internal\\commands\\configuration.py', reloading
2026-07-06 03:52:37,214 | INFO     | werkzeug |  * Detected change in 'C:\\Users\\HP\\Downloads\\smartretry_screenshots_final\\.venv\\Lib\\site-packages\\pip\\_internal\\commands\\configuration.py', reloading
2026-07-06 03:52:37,279 | INFO     | werkzeug |  * Detected change in 'C:\\Users\\HP\\Downloads\\smartretry_screenshots_final\\.venv\\Lib\\site-packages\\pip\\_internal\\commands\\debug.py', reloading
2026-07-06 03:52:37,279 | INFO     | werkzeug |  * Detected change in 'C:\\Users\\HP\\Downloads\\smartretry_screenshots_final\\.venv\\Lib\\site-packages\\pip\\_internal\\commands\\debug.py', reloading
2026-07-06 03:52:37,305 | INFO     | werkzeug |  * Detected change in 'C:\\Users\\HP\\Downloads\\smartretry_screenshots_final\\.venv\\Lib\\site-packages\\pip\\_internal\\commands\\download.py', reloading
2026-07-06 03:52:37,342 | INFO     | werkzeug |  * Detected change in 'C:\\Users\\HP\\Downloads\\smartretry_screenshots_final\\.venv\\Lib\\site-packages\\pip\\_internal\\commands\\freeze.py', reloading
2026-07-06 03:52:37,342 | INFO     | werkzeug |  * Detected change in 'C:\\Users\\HP\\Downloads\\smartretry_screenshots_final\\.venv\\Lib\\site-packages\\pip\\_internal\\commands\\freeze.py', reloading
2026-07-06 03:52:37,379 | INFO     | werkzeug |  * Detected change in 'C:\\Users\\HP\\Downloads\\smartretry_screenshots_final\\.venv\\Lib\\site-packages\\pip\\_internal\\commands\\hash.py', reloading
2026-07-06 03:52:37,423 | INFO     | werkzeug |  * Detected change in 'C:\\Users\\HP\\Downloads\\smartretry_screenshots_final\\.venv\\Lib\\site-packages\\pip\\_internal\\commands\\help.py', reloading
2026-07-06 03:52:37,455 | INFO     | werkzeug |  * Detected change in 'C:\\Users\\HP\\Downloads\\smartretry_screenshots_final\\.venv\\Lib\\site-packages\\pip\\_internal\\commands\\index.py', reloading
2026-07-06 03:52:37,455 | INFO     | werkzeug |  * Detected change in 'C:\\Users\\HP\\Downloads\\smartretry_screenshots_final\\.venv\\Lib\\site-packages\\pip\\_internal\\commands\\index.py', reloading
2026-07-06 03:52:37,476 | INFO     | werkzeug |  * Detected change in 'C:\\Users\\HP\\Downloads\\smartretry_screenshots_final\\.venv\\Lib\\site-packages\\pip\\_internal\\commands\\inspect.py', reloading
2026-07-06 03:52:37,476 | INFO     | werkzeug |  * Detected change in 'C:\\Users\\HP\\Downloads\\smartretry_screenshots_final\\.venv\\Lib\\site-packages\\pip\\_internal\\commands\\inspect.py', reloading
2026-07-06 03:52:37,496 | INFO     | werkzeug |  * Detected change in 'C:\\Users\\HP\\Downloads\\smartretry_screenshots_final\\.venv\\Lib\\site-packages\\pip\\_internal\\commands\\install.py', reloading
2026-07-06 03:52:37,515 | INFO     | werkzeug |  * Detected change in 'C:\\Users\\HP\\Downloads\\smartretry_screenshots_final\\.venv\\Lib\\site-packages\\pip\\_internal\\commands\\list.py', reloading
2026-07-06 03:52:37,526 | INFO     | werkzeug |  * Detected change in 'C:\\Users\\HP\\Downloads\\smartretry_screenshots_final\\.venv\\Lib\\site-packages\\pip\\_internal\\commands\\search.py', reloading
2026-07-06 03:52:37,526 | INFO     | werkzeug |  * Detected change in 'C:\\Users\\HP\\Downloads\\smartretry_screenshots_final\\.venv\\Lib\\site-packages\\pip\\_internal\\commands\\search.py', reloading
2026-07-06 03:52:37,540 | INFO     | werkzeug |  * Detected change in 'C:\\Users\\HP\\Downloads\\smartretry_screenshots_final\\.venv\\Lib\\site-packages\\pip\\_internal\\commands\\show.py', reloading
2026-07-06 03:52:37,540 | INFO     | werkzeug |  * Detected change in 'C:\\Users\\HP\\Downloads\\smartretry_screenshots_final\\.venv\\Lib\\site-packages\\pip\\_internal\\commands\\show.py', reloading
2026-07-06 03:52:37,553 | INFO     | werkzeug |  * Detected change in 'C:\\Users\\HP\\Downloads\\smartretry_screenshots_final\\.venv\\Lib\\site-packages\\pip\\_internal\\commands\\uninstall.py', reloading
2026-07-06 03:52:37,553 | INFO     | werkzeug |  * Detected change in 'C:\\Users\\HP\\Downloads\\smartretry_screenshots_final\\.venv\\Lib\\site-packages\\pip\\_internal\\commands\\uninstall.py', reloading
2026-07-06 03:52:37,566 | INFO     | werkzeug |  * Detected change in 'C:\\Users\\HP\\Downloads\\smartretry_screenshots_final\\.venv\\Lib\\site-packages\\pip\\_internal\\commands\\wheel.py', reloading
2026-07-06 03:52:37,566 | INFO     | werkzeug |  * Detected change in 'C:\\Users\\HP\\Downloads\\smartretry_screenshots_final\\.venv\\Lib\\site-packages\\pip\\_internal\\commands\\wheel.py', reloading
2026-07-06 03:52:37,574 | INFO     | werkzeug |  * Detected change in 'C:\\Users\\HP\\Downloads\\smartretry_screenshots_final\\.venv\\Lib\\site-packages\\pip\\_internal\\commands\\__init__.py', reloading
2026-07-06 03:52:37,574 | INFO     | werkzeug |  * Detected change in 'C:\\Users\\HP\\Downloads\\smartretry_screenshots_final\\.venv\\Lib\\site-packages\\pip\\_internal\\commands\\__init__.py', reloading
2026-07-06 03:52:37,735 | INFO     | werkzeug |  * Detected change in 'C:\\Users\\HP\\Downloads\\smartretry_screenshots_final\\.venv\\Lib\\site-packages\\pip\\_internal\\distributions\\base.py', reloading
2026-07-06 03:52:37,735 | INFO     | werkzeug |  * Detected change in 'C:\\Users\\HP\\Downloads\\smartretry_screenshots_final\\.venv\\Lib\\site-packages\\pip\\_internal\\distributions\\base.py', reloading
2026-07-06 03:52:37,741 | INFO     | werkzeug |  * Detected change in 'C:\\Users\\HP\\Downloads\\smartretry_screenshots_final\\.venv\\Lib\\site-packages\\pip\\_internal\\distributions\\installed.py', reloading
2026-07-06 03:52:37,741 | INFO     | werkzeug |  * Detected change in 'C:\\Users\\HP\\Downloads\\smartretry_screenshots_final\\.venv\\Lib\\site-packages\\pip\\_internal\\distributions\\installed.py', reloading
2026-07-06 03:52:37,750 | INFO     | werkzeug |  * Detected change in 'C:\\Users\\HP\\Downloads\\smartretry_screenshots_final\\.venv\\Lib\\site-packages\\pip\\_internal\\distributions\\sdist.py', reloading
2026-07-06 03:52:37,750 | INFO     | werkzeug |  * Detected change in 'C:\\Users\\HP\\Downloads\\smartretry_screenshots_final\\.venv\\Lib\\site-packages\\pip\\_internal\\distributions\\sdist.py', reloading
2026-07-06 03:52:37,757 | INFO     | werkzeug |  * Detected change in 'C:\\Users\\HP\\Downloads\\smartretry_screenshots_final\\.venv\\Lib\\site-packages\\pip\\_internal\\distributions\\wheel.py', reloading
2026-07-06 03:52:37,757 | INFO     | werkzeug |  * Detected change in 'C:\\Users\\HP\\Downloads\\smartretry_screenshots_final\\.venv\\Lib\\site-packages\\pip\\_internal\\distributions\\wheel.py', reloading
2026-07-06 03:52:37,765 | INFO     | werkzeug |  * Detected change in 'C:\\Users\\HP\\Downloads\\smartretry_screenshots_final\\.venv\\Lib\\site-packages\\pip\\_internal\\distributions\\__init__.py', reloading
2026-07-06 03:52:37,765 | INFO     | werkzeug |  * Detected change in 'C:\\Users\\HP\\Downloads\\smartretry_screenshots_final\\.venv\\Lib\\site-packages\\pip\\_internal\\distributions\\__init__.py', reloading
2026-07-06 03:52:37,805 | INFO     | werkzeug |  * Detected change in 'C:\\Users\\HP\\Downloads\\smartretry_screenshots_final\\.venv\\Lib\\site-packages\\pip\\_internal\\index\\collector.py', reloading
2026-07-06 03:52:37,806 | INFO     | werkzeug |  * Detected change in 'C:\\Users\\HP\\Downloads\\smartretry_screenshots_final\\.venv\\Lib\\site-packages\\pip\\_internal\\index\\collector.py', reloading
2026-07-06 03:52:37,813 | INFO     | werkzeug |  * Detected change in 'C:\\Users\\HP\\Downloads\\smartretry_screenshots_final\\.venv\\Lib\\site-packages\\pip\\_internal\\index\\package_finder.py', reloading
2026-07-06 03:52:37,813 | INFO     | werkzeug |  * Detected change in 'C:\\Users\\HP\\Downloads\\smartretry_screenshots_final\\.venv\\Lib\\site-packages\\pip\\_internal\\index\\package_finder.py', reloading
2026-07-06 03:52:37,821 | INFO     | werkzeug |  * Detected change in 'C:\\Users\\HP\\Downloads\\smartretry_screenshots_final\\.venv\\Lib\\site-packages\\pip\\_internal\\index\\sources.py', reloading
2026-07-06 03:52:37,821 | INFO     | werkzeug |  * Detected change in 'C:\\Users\\HP\\Downloads\\smartretry_screenshots_final\\.venv\\Lib\\site-packages\\pip\\_internal\\index\\sources.py', reloading
2026-07-06 03:52:37,827 | INFO     | werkzeug |  * Detected change in 'C:\\Users\\HP\\Downloads\\smartretry_screenshots_final\\.venv\\Lib\\site-packages\\pip\\_internal\\index\\__init__.py', reloading
2026-07-06 03:52:37,827 | INFO     | werkzeug |  * Detected change in 'C:\\Users\\HP\\Downloads\\smartretry_screenshots_final\\.venv\\Lib\\site-packages\\pip\\_internal\\index\\__init__.py', reloading
2026-07-06 03:52:37,907 | INFO     | werkzeug |  * Restarting with watchdog (windowsapi)
2026-07-06 03:52:37,909 | INFO     | werkzeug |  * Restarting with watchdog (windowsapi)
2026-07-06 03:52:38,416 | INFO     | database.db_manager | Database initialized at C:\Users\HP\Downloads\smartretry_screenshots_final\database\framework.db
2026-07-06 03:52:38,428 | INFO     | database.db_manager | Database initialized at C:\Users\HP\Downloads\smartretry_screenshots_final\database\framework.db
2026-07-06 03:52:38,438 | WARNING  | werkzeug |  * Debugger is active!
2026-07-06 03:52:38,448 | INFO     | werkzeug |  * Debugger PIN: 106-337-974
2026-07-06 03:52:38,452 | WARNING  | werkzeug |  * Debugger is active!
2026-07-06 03:52:38,457 | INFO     | werkzeug |  * Debugger PIN: 106-337-974
2026-07-06 03:52:38,525 | INFO     | werkzeug |  * Detected change in 'C:\\Users\\HP\\Downloads\\smartretry_screenshots_final\\.venv\\Lib\\site-packages\\pip\\_internal\\models\\candidate.py', reloading
2026-07-06 03:52:38,525 | INFO     | werkzeug |  * Detected change in 'C:\\Users\\HP\\Downloads\\smartretry_screenshots_final\\.venv\\Lib\\site-packages\\pip\\_internal\\models\\candidate.py', reloading
2026-07-06 03:52:38,533 | INFO     | werkzeug |  * Detected change in 'C:\\Users\\HP\\Downloads\\smartretry_screenshots_final\\.venv\\Lib\\site-packages\\pip\\_internal\\models\\direct_url.py', reloading
2026-07-06 03:52:38,534 | INFO     | werkzeug |  * Detected change in 'C:\\Users\\HP\\Downloads\\smartretry_screenshots_final\\.venv\\Lib\\site-packages\\pip\\_internal\\models\\direct_url.py', reloading
2026-07-06 03:52:38,539 | INFO     | werkzeug |  * Detected change in 'C:\\Users\\HP\\Downloads\\smartretry_screenshots_final\\.venv\\Lib\\site-packages\\pip\\_internal\\models\\format_control.py', reloading
2026-07-06 03:52:38,539 | INFO     | werkzeug |  * Detected change in 'C:\\Users\\HP\\Downloads\\smartretry_screenshots_final\\.venv\\Lib\\site-packages\\pip\\_internal\\models\\format_control.py', reloading
2026-07-06 03:52:38,547 | INFO     | werkzeug |  * Detected change in 'C:\\Users\\HP\\Downloads\\smartretry_screenshots_final\\.venv\\Lib\\site-packages\\pip\\_internal\\models\\index.py', reloading
2026-07-06 03:52:38,554 | INFO     | werkzeug |  * Detected change in 'C:\\Users\\HP\\Downloads\\smartretry_screenshots_final\\.venv\\Lib\\site-packages\\pip\\_internal\\models\\installation_report.py', reloading
2026-07-06 03:52:38,554 | INFO     | werkzeug |  * Detected change in 'C:\\Users\\HP\\Downloads\\smartretry_screenshots_final\\.venv\\Lib\\site-packages\\pip\\_internal\\models\\installation_report.py', reloading
2026-07-06 03:52:38,561 | INFO     | werkzeug |  * Detected change in 'C:\\Users\\HP\\Downloads\\smartretry_screenshots_final\\.venv\\Lib\\site-packages\\pip\\_internal\\models\\link.py', reloading
2026-07-06 03:52:38,561 | INFO     | werkzeug |  * Detected change in 'C:\\Users\\HP\\Downloads\\smartretry_screenshots_final\\.venv\\Lib\\site-packages\\pip\\_internal\\models\\link.py', reloading
2026-07-06 03:52:38,569 | INFO     | werkzeug |  * Detected change in 'C:\\Users\\HP\\Downloads\\smartretry_screenshots_final\\.venv\\Lib\\site-packages\\pip\\_internal\\models\\scheme.py', reloading
2026-07-06 03:52:38,569 | INFO     | werkzeug |  * Detected change in 'C:\\Users\\HP\\Downloads\\smartretry_screenshots_final\\.venv\\Lib\\site-packages\\pip\\_internal\\models\\scheme.py', reloading
2026-07-06 03:52:38,574 | INFO     | werkzeug |  * Detected change in 'C:\\Users\\HP\\Downloads\\smartretry_screenshots_final\\.venv\\Lib\\site-packages\\pip\\_internal\\models\\search_scope.py', reloading
2026-07-06 03:52:38,575 | INFO     | werkzeug |  * Detected change in 'C:\\Users\\HP\\Downloads\\smartretry_screenshots_final\\.venv\\Lib\\site-packages\\pip\\_internal\\models\\search_scope.py', reloading
2026-07-06 03:52:38,583 | INFO     | werkzeug |  * Detected change in 'C:\\Users\\HP\\Downloads\\smartretry_screenshots_final\\.venv\\Lib\\site-packages\\pip\\_internal\\models\\selection_prefs.py', reloading
2026-07-06 03:52:38,583 | INFO     | werkzeug |  * Detected change in 'C:\\Users\\HP\\Downloads\\smartretry_screenshots_final\\.venv\\Lib\\site-packages\\pip\\_internal\\models\\selection_prefs.py', reloading
2026-07-06 03:52:38,590 | INFO     | werkzeug |  * Detected change in 'C:\\Users\\HP\\Downloads\\smartretry_screenshots_final\\.venv\\Lib\\site-packages\\pip\\_internal\\models\\target_python.py', reloading
2026-07-06 03:52:38,590 | INFO     | werkzeug |  * Detected change in 'C:\\Users\\HP\\Downloads\\smartretry_screenshots_final\\.venv\\Lib\\site-packages\\pip\\_internal\\models\\target_python.py', reloading
2026-07-06 03:52:38,600 | INFO     | werkzeug |  * Detected change in 'C:\\Users\\HP\\Downloads\\smartretry_screenshots_final\\.venv\\Lib\\site-packages\\pip\\_internal\\models\\wheel.py', reloading
2026-07-06 03:52:38,600 | INFO     | werkzeug |  * Detected change in 'C:\\Users\\HP\\Downloads\\smartretry_screenshots_final\\.venv\\Lib\\site-packages\\pip\\_internal\\models\\wheel.py', reloading
2026-07-06 03:52:38,606 | INFO     | werkzeug |  * Detected change in 'C:\\Users\\HP\\Downloads\\smartretry_screenshots_final\\.venv\\Lib\\site-packages\\pip\\_internal\\models\\__init__.py', reloading
2026-07-06 03:52:38,607 | INFO     | werkzeug |  * Detected change in 'C:\\Users\\HP\\Downloads\\smartretry_screenshots_final\\.venv\\Lib\\site-packages\\pip\\_internal\\models\\__init__.py', reloading
2026-07-06 03:52:38,708 | INFO     | werkzeug |  * Detected change in 'C:\\Users\\HP\\Downloads\\smartretry_screenshots_final\\.venv\\Lib\\site-packages\\pip\\_internal\\network\\auth.py', reloading
2026-07-06 03:52:38,708 | INFO     | werkzeug |  * Detected change in 'C:\\Users\\HP\\Downloads\\smartretry_screenshots_final\\.venv\\Lib\\site-packages\\pip\\_internal\\network\\auth.py', reloading
2026-07-06 03:52:38,719 | INFO     | werkzeug |  * Detected change in 'C:\\Users\\HP\\Downloads\\smartretry_screenshots_final\\.venv\\Lib\\site-packages\\pip\\_internal\\network\\cache.py', reloading
2026-07-06 03:52:38,719 | INFO     | werkzeug |  * Detected change in 'C:\\Users\\HP\\Downloads\\smartretry_screenshots_final\\.venv\\Lib\\site-packages\\pip\\_internal\\network\\cache.py', reloading
2026-07-06 03:52:38,727 | INFO     | werkzeug |  * Detected change in 'C:\\Users\\HP\\Downloads\\smartretry_screenshots_final\\.venv\\Lib\\site-packages\\pip\\_internal\\network\\download.py', reloading
2026-07-06 03:52:38,738 | INFO     | werkzeug |  * Detected change in 'C:\\Users\\HP\\Downloads\\smartretry_screenshots_final\\.venv\\Lib\\site-packages\\pip\\_internal\\network\\lazy_wheel.py', reloading
2026-07-06 03:52:38,738 | INFO     | werkzeug |  * Detected change in 'C:\\Users\\HP\\Downloads\\smartretry_screenshots_final\\.venv\\Lib\\site-packages\\pip\\_internal\\network\\lazy_wheel.py', reloading
2026-07-06 03:52:38,752 | INFO     | werkzeug |  * Detected change in 'C:\\Users\\HP\\Downloads\\smartretry_screenshots_final\\.venv\\Lib\\site-packages\\pip\\_internal\\network\\session.py', reloading
2026-07-06 03:52:38,752 | INFO     | werkzeug |  * Detected change in 'C:\\Users\\HP\\Downloads\\smartretry_screenshots_final\\.venv\\Lib\\site-packages\\pip\\_internal\\network\\session.py', reloading
2026-07-06 03:52:38,759 | INFO     | werkzeug |  * Detected change in 'C:\\Users\\HP\\Downloads\\smartretry_screenshots_final\\.venv\\Lib\\site-packages\\pip\\_internal\\network\\utils.py', reloading
2026-07-06 03:52:38,759 | INFO     | werkzeug |  * Detected change in 'C:\\Users\\HP\\Downloads\\smartretry_screenshots_final\\.venv\\Lib\\site-packages\\pip\\_internal\\network\\utils.py', reloading
2026-07-06 03:52:38,772 | INFO     | werkzeug |  * Detected change in 'C:\\Users\\HP\\Downloads\\smartretry_screenshots_final\\.venv\\Lib\\site-packages\\pip\\_internal\\network\\xmlrpc.py', reloading
2026-07-06 03:52:38,772 | INFO     | werkzeug |  * Detected change in 'C:\\Users\\HP\\Downloads\\smartretry_screenshots_final\\.venv\\Lib\\site-packages\\pip\\_internal\\network\\xmlrpc.py', reloading
2026-07-06 03:52:38,779 | INFO     | werkzeug |  * Detected change in 'C:\\Users\\HP\\Downloads\\smartretry_screenshots_final\\.venv\\Lib\\site-packages\\pip\\_internal\\network\\__init__.py', reloading
2026-07-06 03:52:38,779 | INFO     | werkzeug |  * Detected change in 'C:\\Users\\HP\\Downloads\\smartretry_screenshots_final\\.venv\\Lib\\site-packages\\pip\\_internal\\network\\__init__.py', reloading
2026-07-06 03:52:38,860 | INFO     | werkzeug |  * Detected change in 'C:\\Users\\HP\\Downloads\\smartretry_screenshots_final\\.venv\\Lib\\site-packages\\pip\\_internal\\operations\\check.py', reloading
2026-07-06 03:52:38,860 | INFO     | werkzeug |  * Detected change in 'C:\\Users\\HP\\Downloads\\smartretry_screenshots_final\\.venv\\Lib\\site-packages\\pip\\_internal\\operations\\check.py', reloading
2026-07-06 03:52:38,871 | INFO     | werkzeug |  * Detected change in 'C:\\Users\\HP\\Downloads\\smartretry_screenshots_final\\.venv\\Lib\\site-packages\\pip\\_internal\\operations\\freeze.py', reloading
2026-07-06 03:52:38,872 | INFO     | werkzeug |  * Detected change in 'C:\\Users\\HP\\Downloads\\smartretry_screenshots_final\\.venv\\Lib\\site-packages\\pip\\_internal\\operations\\freeze.py', reloading
2026-07-06 03:52:38,881 | INFO     | werkzeug |  * Detected change in 'C:\\Users\\HP\\Downloads\\smartretry_screenshots_final\\.venv\\Lib\\site-packages\\pip\\_internal\\operations\\prepare.py', reloading
2026-07-06 03:52:38,881 | INFO     | werkzeug |  * Detected change in 'C:\\Users\\HP\\Downloads\\smartretry_screenshots_final\\.venv\\Lib\\site-packages\\pip\\_internal\\operations\\prepare.py', reloading
2026-07-06 03:52:38,892 | INFO     | werkzeug |  * Detected change in 'C:\\Users\\HP\\Downloads\\smartretry_screenshots_final\\.venv\\Lib\\site-packages\\pip\\_internal\\operations\\build\\build_tracker.py', reloading
2026-07-06 03:52:38,892 | INFO     | werkzeug |  * Detected change in 'C:\\Users\\HP\\Downloads\\smartretry_screenshots_final\\.venv\\Lib\\site-packages\\pip\\_internal\\operations\\build\\build_tracker.py', reloading
2026-07-06 03:52:38,901 | INFO     | werkzeug |  * Detected change in 'C:\\Users\\HP\\Downloads\\smartretry_screenshots_final\\.venv\\Lib\\site-packages\\pip\\_internal\\operations\\build\\metadata.py', reloading
2026-07-06 03:52:38,901 | INFO     | werkzeug |  * Detected change in 'C:\\Users\\HP\\Downloads\\smartretry_screenshots_final\\.venv\\Lib\\site-packages\\pip\\_internal\\operations\\build\\metadata.py', reloading
2026-07-06 03:52:38,909 | INFO     | werkzeug |  * Detected change in 'C:\\Users\\HP\\Downloads\\smartretry_screenshots_final\\.venv\\Lib\\site-packages\\pip\\_internal\\operations\\build\\metadata_editable.py', reloading
2026-07-06 03:52:38,909 | INFO     | werkzeug |  * Detected change in 'C:\\Users\\HP\\Downloads\\smartretry_screenshots_final\\.venv\\Lib\\site-packages\\pip\\_internal\\operations\\build\\metadata_editable.py', reloading
2026-07-06 03:52:38,920 | INFO     | werkzeug |  * Detected change in 'C:\\Users\\HP\\Downloads\\smartretry_screenshots_final\\.venv\\Lib\\site-packages\\pip\\_internal\\operations\\build\\metadata_legacy.py', reloading
2026-07-06 03:52:38,920 | INFO     | werkzeug |  * Detected change in 'C:\\Users\\HP\\Downloads\\smartretry_screenshots_final\\.venv\\Lib\\site-packages\\pip\\_internal\\operations\\build\\metadata_legacy.py', reloading
2026-07-06 03:52:38,928 | INFO     | werkzeug |  * Detected change in 'C:\\Users\\HP\\Downloads\\smartretry_screenshots_final\\.venv\\Lib\\site-packages\\pip\\_internal\\operations\\build\\wheel.py', reloading
2026-07-06 03:52:38,928 | INFO     | werkzeug |  * Detected change in 'C:\\Users\\HP\\Downloads\\smartretry_screenshots_final\\.venv\\Lib\\site-packages\\pip\\_internal\\operations\\build\\wheel.py', reloading
2026-07-06 03:52:38,936 | INFO     | werkzeug |  * Detected change in 'C:\\Users\\HP\\Downloads\\smartretry_screenshots_final\\.venv\\Lib\\site-packages\\pip\\_internal\\operations\\build\\wheel_editable.py', reloading
2026-07-06 03:52:38,937 | INFO     | werkzeug |  * Detected change in 'C:\\Users\\HP\\Downloads\\smartretry_screenshots_final\\.venv\\Lib\\site-packages\\pip\\_internal\\operations\\build\\wheel_editable.py', reloading
2026-07-06 03:52:38,942 | INFO     | werkzeug |  * Detected change in 'C:\\Users\\HP\\Downloads\\smartretry_screenshots_final\\.venv\\Lib\\site-packages\\pip\\_internal\\operations\\build\\wheel_legacy.py', reloading
2026-07-06 03:52:38,942 | INFO     | werkzeug |  * Detected change in 'C:\\Users\\HP\\Downloads\\smartretry_screenshots_final\\.venv\\Lib\\site-packages\\pip\\_internal\\operations\\build\\wheel_legacy.py', reloading
2026-07-06 03:52:39,018 | INFO     | werkzeug |  * Detected change in 'C:\\Users\\HP\\Downloads\\smartretry_screenshots_final\\.venv\\Lib\\site-packages\\pip\\_internal\\operations\\install\\editable_legacy.py', reloading
2026-07-06 03:52:39,018 | INFO     | werkzeug |  * Detected change in 'C:\\Users\\HP\\Downloads\\smartretry_screenshots_final\\.venv\\Lib\\site-packages\\pip\\_internal\\operations\\install\\editable_legacy.py', reloading
2026-07-06 03:52:39,024 | INFO     | werkzeug |  * Detected change in 'C:\\Users\\HP\\Downloads\\smartretry_screenshots_final\\.venv\\Lib\\site-packages\\pip\\_internal\\operations\\install\\wheel.py', reloading
2026-07-06 03:52:39,025 | INFO     | werkzeug |  * Detected change in 'C:\\Users\\HP\\Downloads\\smartretry_screenshots_final\\.venv\\Lib\\site-packages\\pip\\_internal\\operations\\install\\wheel.py', reloading
2026-07-06 03:52:39,037 | INFO     | werkzeug |  * Detected change in 'C:\\Users\\HP\\Downloads\\smartretry_screenshots_final\\.venv\\Lib\\site-packages\\pip\\_internal\\operations\\install\\__init__.py', reloading
2026-07-06 03:52:39,037 | INFO     | werkzeug |  * Detected change in 'C:\\Users\\HP\\Downloads\\smartretry_screenshots_final\\.venv\\Lib\\site-packages\\pip\\_internal\\operations\\install\\__init__.py', reloading
2026-07-06 03:52:39,111 | INFO     | werkzeug |  * Detected change in 'C:\\Users\\HP\\Downloads\\smartretry_screenshots_final\\.venv\\Lib\\site-packages\\pip\\_internal\\req\\constructors.py', reloading
2026-07-06 03:52:39,111 | INFO     | werkzeug |  * Detected change in 'C:\\Users\\HP\\Downloads\\smartretry_screenshots_final\\.venv\\Lib\\site-packages\\pip\\_internal\\req\\constructors.py', reloading
2026-07-06 03:52:39,122 | INFO     | werkzeug |  * Detected change in 'C:\\Users\\HP\\Downloads\\smartretry_screenshots_final\\.venv\\Lib\\site-packages\\pip\\_internal\\req\\req_file.py', reloading
2026-07-06 03:52:39,122 | INFO     | werkzeug |  * Detected change in 'C:\\Users\\HP\\Downloads\\smartretry_screenshots_final\\.venv\\Lib\\site-packages\\pip\\_internal\\req\\req_file.py', reloading
2026-07-06 03:52:39,135 | INFO     | werkzeug |  * Detected change in 'C:\\Users\\HP\\Downloads\\smartretry_screenshots_final\\.venv\\Lib\\site-packages\\pip\\_internal\\req\\req_install.py', reloading
2026-07-06 03:52:39,135 | INFO     | werkzeug |  * Detected change in 'C:\\Users\\HP\\Downloads\\smartretry_screenshots_final\\.venv\\Lib\\site-packages\\pip\\_internal\\req\\req_install.py', reloading
2026-07-06 03:52:39,149 | INFO     | werkzeug |  * Detected change in 'C:\\Users\\HP\\Downloads\\smartretry_screenshots_final\\.venv\\Lib\\site-packages\\pip\\_internal\\req\\req_set.py', reloading
2026-07-06 03:52:39,149 | INFO     | werkzeug |  * Detected change in 'C:\\Users\\HP\\Downloads\\smartretry_screenshots_final\\.venv\\Lib\\site-packages\\pip\\_internal\\req\\req_set.py', reloading
2026-07-06 03:52:39,157 | INFO     | werkzeug |  * Detected change in 'C:\\Users\\HP\\Downloads\\smartretry_screenshots_final\\.venv\\Lib\\site-packages\\pip\\_internal\\req\\req_uninstall.py', reloading
2026-07-06 03:52:39,157 | INFO     | werkzeug |  * Detected change in 'C:\\Users\\HP\\Downloads\\smartretry_screenshots_final\\.venv\\Lib\\site-packages\\pip\\_internal\\req\\req_uninstall.py', reloading
2026-07-06 03:52:39,167 | INFO     | werkzeug |  * Detected change in 'C:\\Users\\HP\\Downloads\\smartretry_screenshots_final\\.venv\\Lib\\site-packages\\pip\\_internal\\req\\__init__.py', reloading
2026-07-06 03:52:39,167 | INFO     | werkzeug |  * Detected change in 'C:\\Users\\HP\\Downloads\\smartretry_screenshots_final\\.venv\\Lib\\site-packages\\pip\\_internal\\req\\__init__.py', reloading
2026-07-06 03:52:39,263 | INFO     | werkzeug |  * Detected change in 'C:\\Users\\HP\\Downloads\\smartretry_screenshots_final\\.venv\\Lib\\site-packages\\pip\\_internal\\resolution\\base.py', reloading
2026-07-06 03:52:39,263 | INFO     | werkzeug |  * Detected change in 'C:\\Users\\HP\\Downloads\\smartretry_screenshots_final\\.venv\\Lib\\site-packages\\pip\\_internal\\resolution\\base.py', reloading
2026-07-06 03:52:39,288 | INFO     | werkzeug |  * Detected change in 'C:\\Users\\HP\\Downloads\\smartretry_screenshots_final\\.venv\\Lib\\site-packages\\pip\\_internal\\resolution\\legacy\\resolver.py', reloading
2026-07-06 03:52:39,288 | INFO     | werkzeug |  * Detected change in 'C:\\Users\\HP\\Downloads\\smartretry_screenshots_final\\.venv\\Lib\\site-packages\\pip\\_internal\\resolution\\legacy\\resolver.py', reloading
2026-07-06 03:52:39,365 | INFO     | werkzeug |  * Detected change in 'C:\\Users\\HP\\Downloads\\smartretry_screenshots_final\\.venv\\Lib\\site-packages\\pip\\_internal\\resolution\\resolvelib\\base.py', reloading
2026-07-06 03:52:39,365 | INFO     | werkzeug |  * Detected change in 'C:\\Users\\HP\\Downloads\\smartretry_screenshots_final\\.venv\\Lib\\site-packages\\pip\\_internal\\resolution\\resolvelib\\base.py', reloading
2026-07-06 03:52:39,381 | INFO     | werkzeug |  * Detected change in 'C:\\Users\\HP\\Downloads\\smartretry_screenshots_final\\.venv\\Lib\\site-packages\\pip\\_internal\\resolution\\resolvelib\\candidates.py', reloading
2026-07-06 03:52:39,381 | INFO     | werkzeug |  * Detected change in 'C:\\Users\\HP\\Downloads\\smartretry_screenshots_final\\.venv\\Lib\\site-packages\\pip\\_internal\\resolution\\resolvelib\\candidates.py', reloading
2026-07-06 03:52:39,388 | INFO     | werkzeug |  * Detected change in 'C:\\Users\\HP\\Downloads\\smartretry_screenshots_final\\.venv\\Lib\\site-packages\\pip\\_internal\\resolution\\resolvelib\\factory.py', reloading
2026-07-06 03:52:39,389 | INFO     | werkzeug |  * Detected change in 'C:\\Users\\HP\\Downloads\\smartretry_screenshots_final\\.venv\\Lib\\site-packages\\pip\\_internal\\resolution\\resolvelib\\factory.py', reloading
2026-07-06 03:52:39,399 | INFO     | werkzeug |  * Detected change in 'C:\\Users\\HP\\Downloads\\smartretry_screenshots_final\\.venv\\Lib\\site-packages\\pip\\_internal\\resolution\\resolvelib\\found_candidates.py', reloading
2026-07-06 03:52:39,408 | INFO     | werkzeug |  * Detected change in 'C:\\Users\\HP\\Downloads\\smartretry_screenshots_final\\.venv\\Lib\\site-packages\\pip\\_internal\\resolution\\resolvelib\\provider.py', reloading
2026-07-06 03:52:39,408 | INFO     | werkzeug |  * Detected change in 'C:\\Users\\HP\\Downloads\\smartretry_screenshots_final\\.venv\\Lib\\site-packages\\pip\\_internal\\resolution\\resolvelib\\provider.py', reloading
2026-07-06 03:52:39,419 | INFO     | werkzeug |  * Detected change in 'C:\\Users\\HP\\Downloads\\smartretry_screenshots_final\\.venv\\Lib\\site-packages\\pip\\_internal\\resolution\\resolvelib\\reporter.py', reloading
2026-07-06 03:52:39,419 | INFO     | werkzeug |  * Detected change in 'C:\\Users\\HP\\Downloads\\smartretry_screenshots_final\\.venv\\Lib\\site-packages\\pip\\_internal\\resolution\\resolvelib\\reporter.py', reloading
2026-07-06 03:52:39,425 | INFO     | werkzeug |  * Detected change in 'C:\\Users\\HP\\Downloads\\smartretry_screenshots_final\\.venv\\Lib\\site-packages\\pip\\_internal\\resolution\\resolvelib\\requirements.py', reloading
2026-07-06 03:52:39,425 | INFO     | werkzeug |  * Detected change in 'C:\\Users\\HP\\Downloads\\smartretry_screenshots_final\\.venv\\Lib\\site-packages\\pip\\_internal\\resolution\\resolvelib\\requirements.py', reloading
2026-07-06 03:52:39,435 | INFO     | werkzeug |  * Detected change in 'C:\\Users\\HP\\Downloads\\smartretry_screenshots_final\\.venv\\Lib\\site-packages\\pip\\_internal\\resolution\\resolvelib\\resolver.py', reloading
2026-07-06 03:52:39,436 | INFO     | werkzeug |  * Detected change in 'C:\\Users\\HP\\Downloads\\smartretry_screenshots_final\\.venv\\Lib\\site-packages\\pip\\_internal\\resolution\\resolvelib\\resolver.py', reloading
2026-07-06 03:52:39,610 | INFO     | werkzeug |  * Restarting with watchdog (windowsapi)
2026-07-06 03:52:39,646 | INFO     | werkzeug |  * Restarting with watchdog (windowsapi)
2026-07-06 03:52:40,034 | INFO     | database.db_manager | Database initialized at C:\Users\HP\Downloads\smartretry_screenshots_final\database\framework.db
2026-07-06 03:52:40,044 | INFO     | database.db_manager | Database initialized at C:\Users\HP\Downloads\smartretry_screenshots_final\database\framework.db
2026-07-06 03:52:40,059 | WARNING  | werkzeug |  * Debugger is active!
2026-07-06 03:52:40,068 | INFO     | werkzeug |  * Debugger PIN: 106-337-974
2026-07-06 03:52:40,073 | WARNING  | werkzeug |  * Debugger is active!
2026-07-06 03:52:40,083 | INFO     | werkzeug |  * Debugger PIN: 106-337-974
2026-07-06 03:52:40,103 | INFO     | werkzeug |  * Detected change in 'C:\\Users\\HP\\Downloads\\smartretry_screenshots_final\\.venv\\Lib\\site-packages\\pip\\_internal\\utils\\misc.py', reloading
2026-07-06 03:52:40,114 | INFO     | werkzeug |  * Detected change in 'C:\\Users\\HP\\Downloads\\smartretry_screenshots_final\\.venv\\Lib\\site-packages\\pip\\_internal\\utils\\models.py', reloading
2026-07-06 03:52:40,115 | INFO     | werkzeug |  * Detected change in 'C:\\Users\\HP\\Downloads\\smartretry_screenshots_final\\.venv\\Lib\\site-packages\\pip\\_internal\\utils\\models.py', reloading
2026-07-06 03:52:40,132 | INFO     | werkzeug |  * Detected change in 'C:\\Users\\HP\\Downloads\\smartretry_screenshots_final\\.venv\\Lib\\site-packages\\pip\\_internal\\utils\\packaging.py', reloading
2026-07-06 03:52:40,132 | INFO     | werkzeug |  * Detected change in 'C:\\Users\\HP\\Downloads\\smartretry_screenshots_final\\.venv\\Lib\\site-packages\\pip\\_internal\\utils\\packaging.py', reloading
2026-07-06 03:52:40,140 | INFO     | werkzeug |  * Detected change in 'C:\\Users\\HP\\Downloads\\smartretry_screenshots_final\\.venv\\Lib\\site-packages\\pip\\_internal\\utils\\setuptools_build.py', reloading
2026-07-06 03:52:40,140 | INFO     | werkzeug |  * Detected change in 'C:\\Users\\HP\\Downloads\\smartretry_screenshots_final\\.venv\\Lib\\site-packages\\pip\\_internal\\utils\\setuptools_build.py', reloading
2026-07-06 03:52:40,152 | INFO     | werkzeug |  * Detected change in 'C:\\Users\\HP\\Downloads\\smartretry_screenshots_final\\.venv\\Lib\\site-packages\\pip\\_internal\\utils\\subprocess.py', reloading
2026-07-06 03:52:40,152 | INFO     | werkzeug |  * Detected change in 'C:\\Users\\HP\\Downloads\\smartretry_screenshots_final\\.venv\\Lib\\site-packages\\pip\\_internal\\utils\\subprocess.py', reloading
2026-07-06 03:52:40,160 | INFO     | werkzeug |  * Detected change in 'C:\\Users\\HP\\Downloads\\smartretry_screenshots_final\\.venv\\Lib\\site-packages\\pip\\_internal\\utils\\temp_dir.py', reloading
2026-07-06 03:52:40,188 | INFO     | werkzeug |  * Detected change in 'C:\\Users\\HP\\Downloads\\smartretry_screenshots_final\\.venv\\Lib\\site-packages\\pip\\_internal\\utils\\unpacking.py', reloading
2026-07-06 03:52:40,189 | INFO     | werkzeug |  * Detected change in 'C:\\Users\\HP\\Downloads\\smartretry_screenshots_final\\.venv\\Lib\\site-packages\\pip\\_internal\\utils\\unpacking.py', reloading
2026-07-06 03:52:40,204 | INFO     | werkzeug |  * Detected change in 'C:\\Users\\HP\\Downloads\\smartretry_screenshots_final\\.venv\\Lib\\site-packages\\pip\\_internal\\utils\\urls.py', reloading
2026-07-06 03:52:40,204 | INFO     | werkzeug |  * Detected change in 'C:\\Users\\HP\\Downloads\\smartretry_screenshots_final\\.venv\\Lib\\site-packages\\pip\\_internal\\utils\\urls.py', reloading
2026-07-06 03:52:40,226 | INFO     | werkzeug |  * Detected change in 'C:\\Users\\HP\\Downloads\\smartretry_screenshots_final\\.venv\\Lib\\site-packages\\pip\\_internal\\utils\\virtualenv.py', reloading
2026-07-06 03:52:40,226 | INFO     | werkzeug |  * Detected change in 'C:\\Users\\HP\\Downloads\\smartretry_screenshots_final\\.venv\\Lib\\site-packages\\pip\\_internal\\utils\\virtualenv.py', reloading
2026-07-06 03:52:40,241 | INFO     | werkzeug |  * Detected change in 'C:\\Users\\HP\\Downloads\\smartretry_screenshots_final\\.venv\\Lib\\site-packages\\pip\\_internal\\utils\\wheel.py', reloading
2026-07-06 03:52:40,257 | INFO     | werkzeug |  * Detected change in 'C:\\Users\\HP\\Downloads\\smartretry_screenshots_final\\.venv\\Lib\\site-packages\\pip\\_internal\\utils\\_jaraco_text.py', reloading
2026-07-06 03:52:40,257 | INFO     | werkzeug |  * Detected change in 'C:\\Users\\HP\\Downloads\\smartretry_screenshots_final\\.venv\\Lib\\site-packages\\pip\\_internal\\utils\\_jaraco_text.py', reloading
2026-07-06 03:52:40,273 | INFO     | werkzeug |  * Detected change in 'C:\\Users\\HP\\Downloads\\smartretry_screenshots_final\\.venv\\Lib\\site-packages\\pip\\_internal\\utils\\_log.py', reloading
2026-07-06 03:52:40,522 | INFO     | werkzeug |  * Detected change in 'C:\\Users\\HP\\Downloads\\smartretry_screenshots_final\\.venv\\Lib\\site-packages\\pip\\_internal\\vcs\\bazaar.py', reloading
2026-07-06 03:52:40,529 | INFO     | werkzeug |  * Detected change in 'C:\\Users\\HP\\Downloads\\smartretry_screenshots_final\\.venv\\Lib\\site-packages\\pip\\_internal\\vcs\\git.py', reloading
2026-07-06 03:52:40,529 | INFO     | werkzeug |  * Detected change in 'C:\\Users\\HP\\Downloads\\smartretry_screenshots_final\\.venv\\Lib\\site-packages\\pip\\_internal\\vcs\\git.py', reloading
2026-07-06 03:52:40,536 | INFO     | werkzeug |  * Detected change in 'C:\\Users\\HP\\Downloads\\smartretry_screenshots_final\\.venv\\Lib\\site-packages\\pip\\_internal\\vcs\\mercurial.py', reloading
2026-07-06 03:52:40,536 | INFO     | werkzeug |  * Detected change in 'C:\\Users\\HP\\Downloads\\smartretry_screenshots_final\\.venv\\Lib\\site-packages\\pip\\_internal\\vcs\\mercurial.py', reloading
2026-07-06 03:52:40,544 | INFO     | werkzeug |  * Detected change in 'C:\\Users\\HP\\Downloads\\smartretry_screenshots_final\\.venv\\Lib\\site-packages\\pip\\_internal\\vcs\\subversion.py', reloading
2026-07-06 03:52:40,544 | INFO     | werkzeug |  * Detected change in 'C:\\Users\\HP\\Downloads\\smartretry_screenshots_final\\.venv\\Lib\\site-packages\\pip\\_internal\\vcs\\subversion.py', reloading
2026-07-06 03:52:40,554 | INFO     | werkzeug |  * Detected change in 'C:\\Users\\HP\\Downloads\\smartretry_screenshots_final\\.venv\\Lib\\site-packages\\pip\\_internal\\vcs\\versioncontrol.py', reloading
2026-07-06 03:52:40,554 | INFO     | werkzeug |  * Detected change in 'C:\\Users\\HP\\Downloads\\smartretry_screenshots_final\\.venv\\Lib\\site-packages\\pip\\_internal\\vcs\\versioncontrol.py', reloading
2026-07-06 03:52:40,560 | INFO     | werkzeug |  * Detected change in 'C:\\Users\\HP\\Downloads\\smartretry_screenshots_final\\.venv\\Lib\\site-packages\\pip\\_internal\\vcs\\__init__.py', reloading
2026-07-06 03:52:40,560 | INFO     | werkzeug |  * Detected change in 'C:\\Users\\HP\\Downloads\\smartretry_screenshots_final\\.venv\\Lib\\site-packages\\pip\\_internal\\vcs\\__init__.py', reloading
2026-07-06 03:52:40,668 | INFO     | werkzeug |  * Detected change in 'C:\\Users\\HP\\Downloads\\smartretry_screenshots_final\\.venv\\Lib\\site-packages\\pip\\_vendor\\six.py', reloading
2026-07-06 03:52:40,668 | INFO     | werkzeug |  * Detected change in 'C:\\Users\\HP\\Downloads\\smartretry_screenshots_final\\.venv\\Lib\\site-packages\\pip\\_vendor\\six.py', reloading
2026-07-06 03:52:40,674 | INFO     | werkzeug |  * Detected change in 'C:\\Users\\HP\\Downloads\\smartretry_screenshots_final\\.venv\\Lib\\site-packages\\pip\\_vendor\\typing_extensions.py', reloading
2026-07-06 03:52:40,675 | INFO     | werkzeug |  * Detected change in 'C:\\Users\\HP\\Downloads\\smartretry_screenshots_final\\.venv\\Lib\\site-packages\\pip\\_vendor\\typing_extensions.py', reloading
2026-07-06 03:52:40,688 | INFO     | werkzeug |  * Detected change in 'C:\\Users\\HP\\Downloads\\smartretry_screenshots_final\\.venv\\Lib\\site-packages\\pip\\_vendor\\__init__.py', reloading
2026-07-06 03:52:40,696 | INFO     | werkzeug |  * Detected change in 'C:\\Users\\HP\\Downloads\\smartretry_screenshots_final\\.venv\\Lib\\site-packages\\pip\\_vendor\\cachecontrol\\adapter.py', reloading
2026-07-06 03:52:40,696 | INFO     | werkzeug |  * Detected change in 'C:\\Users\\HP\\Downloads\\smartretry_screenshots_final\\.venv\\Lib\\site-packages\\pip\\_vendor\\cachecontrol\\adapter.py', reloading
2026-07-06 03:52:40,702 | INFO     | werkzeug |  * Detected change in 'C:\\Users\\HP\\Downloads\\smartretry_screenshots_final\\.venv\\Lib\\site-packages\\pip\\_vendor\\cachecontrol\\cache.py', reloading
2026-07-06 03:52:40,702 | INFO     | werkzeug |  * Detected change in 'C:\\Users\\HP\\Downloads\\smartretry_screenshots_final\\.venv\\Lib\\site-packages\\pip\\_vendor\\cachecontrol\\cache.py', reloading
2026-07-06 03:52:40,707 | INFO     | werkzeug |  * Detected change in 'C:\\Users\\HP\\Downloads\\smartretry_screenshots_final\\.venv\\Lib\\site-packages\\pip\\_vendor\\cachecontrol\\controller.py', reloading
2026-07-06 03:52:40,718 | INFO     | werkzeug |  * Detected change in 'C:\\Users\\HP\\Downloads\\smartretry_screenshots_final\\.venv\\Lib\\site-packages\\pip\\_vendor\\cachecontrol\\filewrapper.py', reloading
2026-07-06 03:52:40,718 | INFO     | werkzeug |  * Detected change in 'C:\\Users\\HP\\Downloads\\smartretry_screenshots_final\\.venv\\Lib\\site-packages\\pip\\_vendor\\cachecontrol\\filewrapper.py', reloading
2026-07-06 03:52:40,724 | INFO     | werkzeug |  * Detected change in 'C:\\Users\\HP\\Downloads\\smartretry_screenshots_final\\.venv\\Lib\\site-packages\\pip\\_vendor\\cachecontrol\\heuristics.py', reloading
2026-07-06 03:52:40,724 | INFO     | werkzeug |  * Detected change in 'C:\\Users\\HP\\Downloads\\smartretry_screenshots_final\\.venv\\Lib\\site-packages\\pip\\_vendor\\cachecontrol\\heuristics.py', reloading
2026-07-06 03:52:40,739 | INFO     | werkzeug |  * Detected change in 'C:\\Users\\HP\\Downloads\\smartretry_screenshots_final\\.venv\\Lib\\site-packages\\pip\\_vendor\\cachecontrol\\serialize.py', reloading
2026-07-06 03:52:40,739 | INFO     | werkzeug |  * Detected change in 'C:\\Users\\HP\\Downloads\\smartretry_screenshots_final\\.venv\\Lib\\site-packages\\pip\\_vendor\\cachecontrol\\serialize.py', reloading
2026-07-06 03:52:40,749 | INFO     | werkzeug |  * Detected change in 'C:\\Users\\HP\\Downloads\\smartretry_screenshots_final\\.venv\\Lib\\site-packages\\pip\\_vendor\\cachecontrol\\wrapper.py', reloading
2026-07-06 03:52:40,749 | INFO     | werkzeug |  * Detected change in 'C:\\Users\\HP\\Downloads\\smartretry_screenshots_final\\.venv\\Lib\\site-packages\\pip\\_vendor\\cachecontrol\\wrapper.py', reloading
2026-07-06 03:52:40,776 | INFO     | werkzeug |  * Detected change in 'C:\\Users\\HP\\Downloads\\smartretry_screenshots_final\\.venv\\Lib\\site-packages\\pip\\_vendor\\cachecontrol\\_cmd.py', reloading
2026-07-06 03:52:40,776 | INFO     | werkzeug |  * Detected change in 'C:\\Users\\HP\\Downloads\\smartretry_screenshots_final\\.venv\\Lib\\site-packages\\pip\\_vendor\\cachecontrol\\_cmd.py', reloading
2026-07-06 03:52:40,788 | INFO     | werkzeug |  * Detected change in 'C:\\Users\\HP\\Downloads\\smartretry_screenshots_final\\.venv\\Lib\\site-packages\\pip\\_vendor\\cachecontrol\\__init__.py', reloading
2026-07-06 03:52:40,789 | INFO     | werkzeug |  * Detected change in 'C:\\Users\\HP\\Downloads\\smartretry_screenshots_final\\.venv\\Lib\\site-packages\\pip\\_vendor\\cachecontrol\\__init__.py', reloading
2026-07-06 03:52:40,800 | INFO     | werkzeug |  * Detected change in 'C:\\Users\\HP\\Downloads\\smartretry_screenshots_final\\.venv\\Lib\\site-packages\\pip\\_vendor\\cachecontrol\\caches\\file_cache.py', reloading
2026-07-06 03:52:40,800 | INFO     | werkzeug |  * Detected change in 'C:\\Users\\HP\\Downloads\\smartretry_screenshots_final\\.venv\\Lib\\site-packages\\pip\\_vendor\\cachecontrol\\caches\\file_cache.py', reloading
2026-07-06 03:52:40,812 | INFO     | werkzeug |  * Detected change in 'C:\\Users\\HP\\Downloads\\smartretry_screenshots_final\\.venv\\Lib\\site-packages\\pip\\_vendor\\cachecontrol\\caches\\redis_cache.py', reloading
2026-07-06 03:52:40,812 | INFO     | werkzeug |  * Detected change in 'C:\\Users\\HP\\Downloads\\smartretry_screenshots_final\\.venv\\Lib\\site-packages\\pip\\_vendor\\cachecontrol\\caches\\redis_cache.py', reloading
2026-07-06 03:52:40,823 | INFO     | werkzeug |  * Detected change in 'C:\\Users\\HP\\Downloads\\smartretry_screenshots_final\\.venv\\Lib\\site-packages\\pip\\_vendor\\cachecontrol\\caches\\__init__.py', reloading
2026-07-06 03:52:40,823 | INFO     | werkzeug |  * Detected change in 'C:\\Users\\HP\\Downloads\\smartretry_screenshots_final\\.venv\\Lib\\site-packages\\pip\\_vendor\\cachecontrol\\caches\\__init__.py', reloading
2026-07-06 03:52:40,991 | INFO     | werkzeug |  * Detected change in 'C:\\Users\\HP\\Downloads\\smartretry_screenshots_final\\.venv\\Lib\\site-packages\\pip\\_vendor\\certifi\\core.py', reloading
2026-07-06 03:52:40,991 | INFO     | werkzeug |  * Detected change in 'C:\\Users\\HP\\Downloads\\smartretry_screenshots_final\\.venv\\Lib\\site-packages\\pip\\_vendor\\certifi\\core.py', reloading
2026-07-06 03:52:41,016 | INFO     | werkzeug |  * Detected change in 'C:\\Users\\HP\\Downloads\\smartretry_screenshots_final\\.venv\\Lib\\site-packages\\pip\\_vendor\\certifi\\__init__.py', reloading
2026-07-06 03:52:41,017 | INFO     | werkzeug |  * Detected change in 'C:\\Users\\HP\\Downloads\\smartretry_screenshots_final\\.venv\\Lib\\site-packages\\pip\\_vendor\\certifi\\__init__.py', reloading
2026-07-06 03:52:41,034 | INFO     | werkzeug |  * Detected change in 'C:\\Users\\HP\\Downloads\\smartretry_screenshots_final\\.venv\\Lib\\site-packages\\pip\\_vendor\\certifi\\__main__.py', reloading
2026-07-06 03:52:41,034 | INFO     | werkzeug |  * Detected change in 'C:\\Users\\HP\\Downloads\\smartretry_screenshots_final\\.venv\\Lib\\site-packages\\pip\\_vendor\\certifi\\__main__.py', reloading
2026-07-06 03:52:41,176 | INFO     | werkzeug |  * Restarting with watchdog (windowsapi)
2026-07-06 03:52:41,205 | INFO     | werkzeug |  * Restarting with watchdog (windowsapi)
2026-07-06 03:52:41,620 | INFO     | database.db_manager | Database initialized at C:\Users\HP\Downloads\smartretry_screenshots_final\database\framework.db
2026-07-06 03:52:41,631 | INFO     | database.db_manager | Database initialized at C:\Users\HP\Downloads\smartretry_screenshots_final\database\framework.db
2026-07-06 03:52:41,645 | WARNING  | werkzeug |  * Debugger is active!
2026-07-06 03:52:41,654 | INFO     | werkzeug |  * Debugger PIN: 106-337-974
2026-07-06 03:52:41,655 | WARNING  | werkzeug |  * Debugger is active!
2026-07-06 03:52:41,665 | INFO     | werkzeug |  * Debugger PIN: 106-337-974
2026-07-06 03:52:41,691 | INFO     | werkzeug |  * Detected change in 'C:\\Users\\HP\\Downloads\\smartretry_screenshots_final\\.venv\\Lib\\site-packages\\pip\\_vendor\\chardet\\langbulgarianmodel.py', reloading
2026-07-06 03:52:41,710 | INFO     | werkzeug |  * Detected change in 'C:\\Users\\HP\\Downloads\\smartretry_screenshots_final\\.venv\\Lib\\site-packages\\pip\\_vendor\\chardet\\langgreekmodel.py', reloading
2026-07-06 03:52:41,711 | INFO     | werkzeug |  * Detected change in 'C:\\Users\\HP\\Downloads\\smartretry_screenshots_final\\.venv\\Lib\\site-packages\\pip\\_vendor\\chardet\\langgreekmodel.py', reloading
2026-07-06 03:52:41,736 | INFO     | werkzeug |  * Detected change in 'C:\\Users\\HP\\Downloads\\smartretry_screenshots_final\\.venv\\Lib\\site-packages\\pip\\_vendor\\chardet\\langhebrewmodel.py', reloading
2026-07-06 03:52:41,736 | INFO     | werkzeug |  * Detected change in 'C:\\Users\\HP\\Downloads\\smartretry_screenshots_final\\.venv\\Lib\\site-packages\\pip\\_vendor\\chardet\\langhebrewmodel.py', reloading
2026-07-06 03:52:41,764 | INFO     | werkzeug |  * Detected change in 'C:\\Users\\HP\\Downloads\\smartretry_screenshots_final\\.venv\\Lib\\site-packages\\pip\\_vendor\\chardet\\langhungarianmodel.py', reloading
2026-07-06 03:52:41,764 | INFO     | werkzeug |  * Detected change in 'C:\\Users\\HP\\Downloads\\smartretry_screenshots_final\\.venv\\Lib\\site-packages\\pip\\_vendor\\chardet\\langhungarianmodel.py', reloading
2026-07-06 03:52:41,792 | INFO     | werkzeug |  * Detected change in 'C:\\Users\\HP\\Downloads\\smartretry_screenshots_final\\.venv\\Lib\\site-packages\\pip\\_vendor\\chardet\\langrussianmodel.py', reloading
2026-07-06 03:52:41,792 | INFO     | werkzeug |  * Detected change in 'C:\\Users\\HP\\Downloads\\smartretry_screenshots_final\\.venv\\Lib\\site-packages\\pip\\_vendor\\chardet\\langrussianmodel.py', reloading
2026-07-06 03:52:41,818 | INFO     | werkzeug |  * Detected change in 'C:\\Users\\HP\\Downloads\\smartretry_screenshots_final\\.venv\\Lib\\site-packages\\pip\\_vendor\\chardet\\langthaimodel.py', reloading
2026-07-06 03:52:41,818 | INFO     | werkzeug |  * Detected change in 'C:\\Users\\HP\\Downloads\\smartretry_screenshots_final\\.venv\\Lib\\site-packages\\pip\\_vendor\\chardet\\langthaimodel.py', reloading
2026-07-06 03:52:41,874 | INFO     | werkzeug |  * Detected change in 'C:\\Users\\HP\\Downloads\\smartretry_screenshots_final\\.venv\\Lib\\site-packages\\pip\\_vendor\\chardet\\langturkishmodel.py', reloading
2026-07-06 03:52:41,874 | INFO     | werkzeug |  * Detected change in 'C:\\Users\\HP\\Downloads\\smartretry_screenshots_final\\.venv\\Lib\\site-packages\\pip\\_vendor\\chardet\\langturkishmodel.py', reloading
2026-07-06 03:52:41,931 | INFO     | werkzeug |  * Detected change in 'C:\\Users\\HP\\Downloads\\smartretry_screenshots_final\\.venv\\Lib\\site-packages\\pip\\_vendor\\chardet\\latin1prober.py', reloading
2026-07-06 03:52:41,998 | INFO     | werkzeug |  * Detected change in 'C:\\Users\\HP\\Downloads\\smartretry_screenshots_final\\.venv\\Lib\\site-packages\\pip\\_vendor\\chardet\\macromanprober.py', reloading
2026-07-06 03:52:41,997 | INFO     | werkzeug |  * Detected change in 'C:\\Users\\HP\\Downloads\\smartretry_screenshots_final\\.venv\\Lib\\site-packages\\pip\\_vendor\\chardet\\macromanprober.py', reloading
2026-07-06 03:52:42,020 | INFO     | werkzeug |  * Detected change in 'C:\\Users\\HP\\Downloads\\smartretry_screenshots_final\\.venv\\Lib\\site-packages\\pip\\_vendor\\chardet\\mbcharsetprober.py', reloading
2026-07-06 03:52:42,020 | INFO     | werkzeug |  * Detected change in 'C:\\Users\\HP\\Downloads\\smartretry_screenshots_final\\.venv\\Lib\\site-packages\\pip\\_vendor\\chardet\\mbcharsetprober.py', reloading
2026-07-06 03:52:42,052 | INFO     | werkzeug |  * Detected change in 'C:\\Users\\HP\\Downloads\\smartretry_screenshots_final\\.venv\\Lib\\site-packages\\pip\\_vendor\\chardet\\mbcsgroupprober.py', reloading
2026-07-06 03:52:42,076 | INFO     | werkzeug |  * Detected change in 'C:\\Users\\HP\\Downloads\\smartretry_screenshots_final\\.venv\\Lib\\site-packages\\pip\\_vendor\\chardet\\mbcssm.py', reloading
2026-07-06 03:52:42,128 | INFO     | werkzeug |  * Detected change in 'C:\\Users\\HP\\Downloads\\smartretry_screenshots_final\\.venv\\Lib\\site-packages\\pip\\_vendor\\chardet\\resultdict.py', reloading
2026-07-06 03:52:42,128 | INFO     | werkzeug |  * Detected change in 'C:\\Users\\HP\\Downloads\\smartretry_screenshots_final\\.venv\\Lib\\site-packages\\pip\\_vendor\\chardet\\resultdict.py', reloading
2026-07-06 03:52:42,158 | INFO     | werkzeug |  * Detected change in 'C:\\Users\\HP\\Downloads\\smartretry_screenshots_final\\.venv\\Lib\\site-packages\\pip\\_vendor\\chardet\\sbcharsetprober.py', reloading
2026-07-06 03:52:42,158 | INFO     | werkzeug |  * Detected change in 'C:\\Users\\HP\\Downloads\\smartretry_screenshots_final\\.venv\\Lib\\site-packages\\pip\\_vendor\\chardet\\sbcharsetprober.py', reloading
2026-07-06 03:52:42,218 | INFO     | werkzeug |  * Detected change in 'C:\\Users\\HP\\Downloads\\smartretry_screenshots_final\\.venv\\Lib\\site-packages\\pip\\_vendor\\chardet\\sbcsgroupprober.py', reloading
2026-07-06 03:52:42,218 | INFO     | werkzeug |  * Detected change in 'C:\\Users\\HP\\Downloads\\smartretry_screenshots_final\\.venv\\Lib\\site-packages\\pip\\_vendor\\chardet\\sbcsgroupprober.py', reloading
2026-07-06 03:52:42,263 | INFO     | werkzeug |  * Detected change in 'C:\\Users\\HP\\Downloads\\smartretry_screenshots_final\\.venv\\Lib\\site-packages\\pip\\_vendor\\chardet\\sjisprober.py', reloading
2026-07-06 03:52:42,264 | INFO     | werkzeug |  * Detected change in 'C:\\Users\\HP\\Downloads\\smartretry_screenshots_final\\.venv\\Lib\\site-packages\\pip\\_vendor\\chardet\\sjisprober.py', reloading
2026-07-06 03:52:42,298 | INFO     | werkzeug |  * Detected change in 'C:\\Users\\HP\\Downloads\\smartretry_screenshots_final\\.venv\\Lib\\site-packages\\pip\\_vendor\\chardet\\universaldetector.py', reloading
2026-07-06 03:52:42,298 | INFO     | werkzeug |  * Detected change in 'C:\\Users\\HP\\Downloads\\smartretry_screenshots_final\\.venv\\Lib\\site-packages\\pip\\_vendor\\chardet\\universaldetector.py', reloading
2026-07-06 03:52:42,317 | INFO     | werkzeug |  * Detected change in 'C:\\Users\\HP\\Downloads\\smartretry_screenshots_final\\.venv\\Lib\\site-packages\\pip\\_vendor\\chardet\\utf1632prober.py', reloading
2026-07-06 03:52:42,317 | INFO     | werkzeug |  * Detected change in 'C:\\Users\\HP\\Downloads\\smartretry_screenshots_final\\.venv\\Lib\\site-packages\\pip\\_vendor\\chardet\\utf1632prober.py', reloading
2026-07-06 03:52:42,337 | INFO     | werkzeug |  * Detected change in 'C:\\Users\\HP\\Downloads\\smartretry_screenshots_final\\.venv\\Lib\\site-packages\\pip\\_vendor\\chardet\\utf8prober.py', reloading
2026-07-06 03:52:42,337 | INFO     | werkzeug |  * Detected change in 'C:\\Users\\HP\\Downloads\\smartretry_screenshots_final\\.venv\\Lib\\site-packages\\pip\\_vendor\\chardet\\utf8prober.py', reloading
2026-07-06 03:52:42,352 | INFO     | werkzeug |  * Detected change in 'C:\\Users\\HP\\Downloads\\smartretry_screenshots_final\\.venv\\Lib\\site-packages\\pip\\_vendor\\chardet\\version.py', reloading
2026-07-06 03:52:42,352 | INFO     | werkzeug |  * Detected change in 'C:\\Users\\HP\\Downloads\\smartretry_screenshots_final\\.venv\\Lib\\site-packages\\pip\\_vendor\\chardet\\version.py', reloading
2026-07-06 03:52:42,374 | INFO     | werkzeug |  * Detected change in 'C:\\Users\\HP\\Downloads\\smartretry_screenshots_final\\.venv\\Lib\\site-packages\\pip\\_vendor\\chardet\\__init__.py', reloading
2026-07-06 03:52:42,374 | INFO     | werkzeug |  * Detected change in 'C:\\Users\\HP\\Downloads\\smartretry_screenshots_final\\.venv\\Lib\\site-packages\\pip\\_vendor\\chardet\\__init__.py', reloading
2026-07-06 03:52:42,389 | INFO     | werkzeug |  * Detected change in 'C:\\Users\\HP\\Downloads\\smartretry_screenshots_final\\.venv\\Lib\\site-packages\\pip\\_vendor\\chardet\\cli\\chardetect.py', reloading
2026-07-06 03:52:42,389 | INFO     | werkzeug |  * Detected change in 'C:\\Users\\HP\\Downloads\\smartretry_screenshots_final\\.venv\\Lib\\site-packages\\pip\\_vendor\\chardet\\cli\\chardetect.py', reloading
2026-07-06 03:52:42,533 | INFO     | werkzeug |  * Detected change in 'C:\\Users\\HP\\Downloads\\smartretry_screenshots_final\\.venv\\Lib\\site-packages\\pip\\_vendor\\chardet\\metadata\\languages.py', reloading
2026-07-06 03:52:42,534 | INFO     | werkzeug |  * Detected change in 'C:\\Users\\HP\\Downloads\\smartretry_screenshots_final\\.venv\\Lib\\site-packages\\pip\\_vendor\\chardet\\metadata\\languages.py', reloading
2026-07-06 03:52:42,791 | INFO     | werkzeug |  * Restarting with watchdog (windowsapi)
2026-07-06 03:52:42,820 | INFO     | werkzeug |  * Restarting with watchdog (windowsapi)
2026-07-06 03:52:43,446 | INFO     | database.db_manager | Database initialized at C:\Users\HP\Downloads\smartretry_screenshots_final\database\framework.db
2026-07-06 03:52:43,473 | INFO     | database.db_manager | Database initialized at C:\Users\HP\Downloads\smartretry_screenshots_final\database\framework.db
2026-07-06 03:52:43,499 | WARNING  | werkzeug |  * Debugger is active!
2026-07-06 03:52:43,522 | INFO     | werkzeug |  * Debugger PIN: 106-337-974
2026-07-06 03:52:43,534 | WARNING  | werkzeug |  * Debugger is active!
2026-07-06 03:52:43,562 | INFO     | werkzeug |  * Debugger PIN: 106-337-974
2026-07-06 03:52:43,934 | INFO     | werkzeug |  * Detected change in 'C:\\Users\\HP\\Downloads\\smartretry_screenshots_final\\.venv\\Lib\\site-packages\\pip\\_vendor\\colorama\\ansi.py', reloading
2026-07-06 03:52:43,934 | INFO     | werkzeug |  * Detected change in 'C:\\Users\\HP\\Downloads\\smartretry_screenshots_final\\.venv\\Lib\\site-packages\\pip\\_vendor\\colorama\\ansi.py', reloading
2026-07-06 03:52:43,958 | INFO     | werkzeug |  * Detected change in 'C:\\Users\\HP\\Downloads\\smartretry_screenshots_final\\.venv\\Lib\\site-packages\\pip\\_vendor\\colorama\\ansitowin32.py', reloading
2026-07-06 03:52:43,996 | INFO     | werkzeug |  * Detected change in 'C:\\Users\\HP\\Downloads\\smartretry_screenshots_final\\.venv\\Lib\\site-packages\\pip\\_vendor\\colorama\\initialise.py', reloading
2026-07-06 03:52:44,024 | INFO     | werkzeug |  * Detected change in 'C:\\Users\\HP\\Downloads\\smartretry_screenshots_final\\.venv\\Lib\\site-packages\\pip\\_vendor\\colorama\\win32.py', reloading
2026-07-06 03:52:44,060 | INFO     | werkzeug |  * Detected change in 'C:\\Users\\HP\\Downloads\\smartretry_screenshots_final\\.venv\\Lib\\site-packages\\pip\\_vendor\\colorama\\winterm.py', reloading
2026-07-06 03:52:44,060 | INFO     | werkzeug |  * Detected change in 'C:\\Users\\HP\\Downloads\\smartretry_screenshots_final\\.venv\\Lib\\site-packages\\pip\\_vendor\\colorama\\winterm.py', reloading
2026-07-06 03:52:44,088 | INFO     | werkzeug |  * Detected change in 'C:\\Users\\HP\\Downloads\\smartretry_screenshots_final\\.venv\\Lib\\site-packages\\pip\\_vendor\\colorama\\__init__.py', reloading
2026-07-06 03:52:44,088 | INFO     | werkzeug |  * Detected change in 'C:\\Users\\HP\\Downloads\\smartretry_screenshots_final\\.venv\\Lib\\site-packages\\pip\\_vendor\\colorama\\__init__.py', reloading
2026-07-06 03:52:44,122 | INFO     | werkzeug |  * Detected change in 'C:\\Users\\HP\\Downloads\\smartretry_screenshots_final\\.venv\\Lib\\site-packages\\pip\\_vendor\\colorama\\tests\\ansitowin32_test.py', reloading
2026-07-06 03:52:44,122 | INFO     | werkzeug |  * Detected change in 'C:\\Users\\HP\\Downloads\\smartretry_screenshots_final\\.venv\\Lib\\site-packages\\pip\\_vendor\\colorama\\tests\\ansitowin32_test.py', reloading
2026-07-06 03:52:44,158 | INFO     | werkzeug |  * Detected change in 'C:\\Users\\HP\\Downloads\\smartretry_screenshots_final\\.venv\\Lib\\site-packages\\pip\\_vendor\\colorama\\tests\\ansi_test.py', reloading
2026-07-06 03:52:44,210 | INFO     | werkzeug |  * Detected change in 'C:\\Users\\HP\\Downloads\\smartretry_screenshots_final\\.venv\\Lib\\site-packages\\pip\\_vendor\\colorama\\tests\\initialise_test.py', reloading
2026-07-06 03:52:44,210 | INFO     | werkzeug |  * Detected change in 'C:\\Users\\HP\\Downloads\\smartretry_screenshots_final\\.venv\\Lib\\site-packages\\pip\\_vendor\\colorama\\tests\\initialise_test.py', reloading
2026-07-06 03:52:44,228 | INFO     | werkzeug |  * Detected change in 'C:\\Users\\HP\\Downloads\\smartretry_screenshots_final\\.venv\\Lib\\site-packages\\pip\\_vendor\\colorama\\tests\\isatty_test.py', reloading
2026-07-06 03:52:44,268 | INFO     | werkzeug |  * Detected change in 'C:\\Users\\HP\\Downloads\\smartretry_screenshots_final\\.venv\\Lib\\site-packages\\pip\\_vendor\\colorama\\tests\\utils.py', reloading
2026-07-06 03:52:44,268 | INFO     | werkzeug |  * Detected change in 'C:\\Users\\HP\\Downloads\\smartretry_screenshots_final\\.venv\\Lib\\site-packages\\pip\\_vendor\\colorama\\tests\\utils.py', reloading
2026-07-06 03:52:44,290 | INFO     | werkzeug |  * Detected change in 'C:\\Users\\HP\\Downloads\\smartretry_screenshots_final\\.venv\\Lib\\site-packages\\pip\\_vendor\\colorama\\tests\\winterm_test.py', reloading
2026-07-06 03:52:44,290 | INFO     | werkzeug |  * Detected change in 'C:\\Users\\HP\\Downloads\\smartretry_screenshots_final\\.venv\\Lib\\site-packages\\pip\\_vendor\\colorama\\tests\\winterm_test.py', reloading
2026-07-06 03:52:44,322 | INFO     | werkzeug |  * Detected change in 'C:\\Users\\HP\\Downloads\\smartretry_screenshots_final\\.venv\\Lib\\site-packages\\pip\\_vendor\\colorama\\tests\\__init__.py', reloading
2026-07-06 03:52:44,323 | INFO     | werkzeug |  * Detected change in 'C:\\Users\\HP\\Downloads\\smartretry_screenshots_final\\.venv\\Lib\\site-packages\\pip\\_vendor\\colorama\\tests\\__init__.py', reloading
2026-07-06 03:52:44,683 | INFO     | werkzeug |  * Restarting with watchdog (windowsapi)
2026-07-06 03:52:44,781 | INFO     | werkzeug |  * Restarting with watchdog (windowsapi)
2026-07-06 03:52:45,370 | INFO     | database.db_manager | Database initialized at C:\Users\HP\Downloads\smartretry_screenshots_final\database\framework.db
2026-07-06 03:52:45,438 | WARNING  | werkzeug |  * Debugger is active!
2026-07-06 03:52:45,452 | INFO     | database.db_manager | Database initialized at C:\Users\HP\Downloads\smartretry_screenshots_final\database\framework.db
2026-07-06 03:52:45,456 | INFO     | werkzeug |  * Debugger PIN: 106-337-974
2026-07-06 03:52:45,540 | WARNING  | werkzeug |  * Debugger is active!
2026-07-06 03:52:45,561 | INFO     | werkzeug |  * Debugger PIN: 106-337-974
2026-07-06 03:52:45,687 | INFO     | werkzeug |  * Detected change in 'C:\\Users\\HP\\Downloads\\smartretry_screenshots_final\\.venv\\Lib\\site-packages\\pip\\_vendor\\distlib\\wheel.py', reloading
2026-07-06 03:52:45,688 | INFO     | werkzeug |  * Detected change in 'C:\\Users\\HP\\Downloads\\smartretry_screenshots_final\\.venv\\Lib\\site-packages\\pip\\_vendor\\distlib\\wheel.py', reloading
2026-07-06 03:52:45,718 | INFO     | werkzeug |  * Detected change in 'C:\\Users\\HP\\Downloads\\smartretry_screenshots_final\\.venv\\Lib\\site-packages\\pip\\_vendor\\distlib\\__init__.py', reloading
2026-07-06 03:52:45,718 | INFO     | werkzeug |  * Detected change in 'C:\\Users\\HP\\Downloads\\smartretry_screenshots_final\\.venv\\Lib\\site-packages\\pip\\_vendor\\distlib\\__init__.py', reloading
2026-07-06 03:52:45,953 | INFO     | werkzeug |  * Detected change in 'C:\\Users\\HP\\Downloads\\smartretry_screenshots_final\\.venv\\Lib\\site-packages\\pip\\_vendor\\distro\\distro.py', reloading
2026-07-06 03:52:45,953 | INFO     | werkzeug |  * Detected change in 'C:\\Users\\HP\\Downloads\\smartretry_screenshots_final\\.venv\\Lib\\site-packages\\pip\\_vendor\\distro\\distro.py', reloading
2026-07-06 03:52:45,971 | INFO     | werkzeug |  * Detected change in 'C:\\Users\\HP\\Downloads\\smartretry_screenshots_final\\.venv\\Lib\\site-packages\\pip\\_vendor\\distro\\__init__.py', reloading
2026-07-06 03:52:45,971 | INFO     | werkzeug |  * Detected change in 'C:\\Users\\HP\\Downloads\\smartretry_screenshots_final\\.venv\\Lib\\site-packages\\pip\\_vendor\\distro\\__init__.py', reloading
2026-07-06 03:52:45,981 | INFO     | werkzeug |  * Detected change in 'C:\\Users\\HP\\Downloads\\smartretry_screenshots_final\\.venv\\Lib\\site-packages\\pip\\_vendor\\distro\\__main__.py', reloading
2026-07-06 03:52:45,983 | INFO     | werkzeug |  * Detected change in 'C:\\Users\\HP\\Downloads\\smartretry_screenshots_final\\.venv\\Lib\\site-packages\\pip\\_vendor\\distro\\__main__.py', reloading
2026-07-06 03:52:46,056 | INFO     | werkzeug |  * Detected change in 'C:\\Users\\HP\\Downloads\\smartretry_screenshots_final\\.venv\\Lib\\site-packages\\pip\\_vendor\\idna\\codec.py', reloading
2026-07-06 03:52:46,056 | INFO     | werkzeug |  * Detected change in 'C:\\Users\\HP\\Downloads\\smartretry_screenshots_final\\.venv\\Lib\\site-packages\\pip\\_vendor\\idna\\codec.py', reloading
2026-07-06 03:52:46,071 | INFO     | werkzeug |  * Detected change in 'C:\\Users\\HP\\Downloads\\smartretry_screenshots_final\\.venv\\Lib\\site-packages\\pip\\_vendor\\idna\\compat.py', reloading
2026-07-06 03:52:46,071 | INFO     | werkzeug |  * Detected change in 'C:\\Users\\HP\\Downloads\\smartretry_screenshots_final\\.venv\\Lib\\site-packages\\pip\\_vendor\\idna\\compat.py', reloading
2026-07-06 03:52:46,098 | INFO     | werkzeug |  * Detected change in 'C:\\Users\\HP\\Downloads\\smartretry_screenshots_final\\.venv\\Lib\\site-packages\\pip\\_vendor\\idna\\core.py', reloading
2026-07-06 03:52:46,097 | INFO     | werkzeug |  * Detected change in 'C:\\Users\\HP\\Downloads\\smartretry_screenshots_final\\.venv\\Lib\\site-packages\\pip\\_vendor\\idna\\core.py', reloading
2026-07-06 03:52:46,134 | INFO     | werkzeug |  * Detected change in 'C:\\Users\\HP\\Downloads\\smartretry_screenshots_final\\.venv\\Lib\\site-packages\\pip\\_vendor\\idna\\idnadata.py', reloading
2026-07-06 03:52:46,134 | INFO     | werkzeug |  * Detected change in 'C:\\Users\\HP\\Downloads\\smartretry_screenshots_final\\.venv\\Lib\\site-packages\\pip\\_vendor\\idna\\idnadata.py', reloading
2026-07-06 03:52:46,174 | INFO     | werkzeug |  * Detected change in 'C:\\Users\\HP\\Downloads\\smartretry_screenshots_final\\.venv\\Lib\\site-packages\\pip\\_vendor\\idna\\intranges.py', reloading
2026-07-06 03:52:46,174 | INFO     | werkzeug |  * Detected change in 'C:\\Users\\HP\\Downloads\\smartretry_screenshots_final\\.venv\\Lib\\site-packages\\pip\\_vendor\\idna\\intranges.py', reloading
2026-07-06 03:52:46,221 | INFO     | werkzeug |  * Detected change in 'C:\\Users\\HP\\Downloads\\smartretry_screenshots_final\\.venv\\Lib\\site-packages\\pip\\_vendor\\idna\\package_data.py', reloading
2026-07-06 03:52:46,221 | INFO     | werkzeug |  * Detected change in 'C:\\Users\\HP\\Downloads\\smartretry_screenshots_final\\.venv\\Lib\\site-packages\\pip\\_vendor\\idna\\package_data.py', reloading
2026-07-06 03:52:46,285 | INFO     | werkzeug |  * Detected change in 'C:\\Users\\HP\\Downloads\\smartretry_screenshots_final\\.venv\\Lib\\site-packages\\pip\\_vendor\\idna\\uts46data.py', reloading
2026-07-06 03:52:46,304 | INFO     | werkzeug |  * Detected change in 'C:\\Users\\HP\\Downloads\\smartretry_screenshots_final\\.venv\\Lib\\site-packages\\pip\\_vendor\\idna\\__init__.py', reloading
2026-07-06 03:52:46,304 | INFO     | werkzeug |  * Detected change in 'C:\\Users\\HP\\Downloads\\smartretry_screenshots_final\\.venv\\Lib\\site-packages\\pip\\_vendor\\idna\\__init__.py', reloading
2026-07-06 03:52:46,480 | INFO     | werkzeug |  * Detected change in 'C:\\Users\\HP\\Downloads\\smartretry_screenshots_final\\.venv\\Lib\\site-packages\\pip\\_vendor\\msgpack\\exceptions.py', reloading
2026-07-06 03:52:46,480 | INFO     | werkzeug |  * Detected change in 'C:\\Users\\HP\\Downloads\\smartretry_screenshots_final\\.venv\\Lib\\site-packages\\pip\\_vendor\\msgpack\\exceptions.py', reloading
2026-07-06 03:52:46,499 | INFO     | werkzeug |  * Detected change in 'C:\\Users\\HP\\Downloads\\smartretry_screenshots_final\\.venv\\Lib\\site-packages\\pip\\_vendor\\msgpack\\ext.py', reloading
2026-07-06 03:52:46,499 | INFO     | werkzeug |  * Detected change in 'C:\\Users\\HP\\Downloads\\smartretry_screenshots_final\\.venv\\Lib\\site-packages\\pip\\_vendor\\msgpack\\ext.py', reloading
2026-07-06 03:52:46,516 | INFO     | werkzeug |  * Detected change in 'C:\\Users\\HP\\Downloads\\smartretry_screenshots_final\\.venv\\Lib\\site-packages\\pip\\_vendor\\msgpack\\fallback.py', reloading
2026-07-06 03:52:46,516 | INFO     | werkzeug |  * Detected change in 'C:\\Users\\HP\\Downloads\\smartretry_screenshots_final\\.venv\\Lib\\site-packages\\pip\\_vendor\\msgpack\\fallback.py', reloading
2026-07-06 03:52:46,526 | INFO     | werkzeug |  * Detected change in 'C:\\Users\\HP\\Downloads\\smartretry_screenshots_final\\.venv\\Lib\\site-packages\\pip\\_vendor\\msgpack\\__init__.py', reloading
2026-07-06 03:52:46,526 | INFO     | werkzeug |  * Detected change in 'C:\\Users\\HP\\Downloads\\smartretry_screenshots_final\\.venv\\Lib\\site-packages\\pip\\_vendor\\msgpack\\__init__.py', reloading
2026-07-06 03:52:46,620 | INFO     | werkzeug |  * Restarting with watchdog (windowsapi)
2026-07-06 03:52:46,786 | INFO     | werkzeug |  * Restarting with watchdog (windowsapi)
2026-07-06 03:52:47,323 | INFO     | database.db_manager | Database initialized at C:\Users\HP\Downloads\smartretry_screenshots_final\database\framework.db
2026-07-06 03:52:47,367 | WARNING  | werkzeug |  * Debugger is active!
2026-07-06 03:52:47,373 | INFO     | database.db_manager | Database initialized at C:\Users\HP\Downloads\smartretry_screenshots_final\database\framework.db
2026-07-06 03:52:47,373 | INFO     | werkzeug |  * Debugger PIN: 106-337-974
2026-07-06 03:52:47,422 | WARNING  | werkzeug |  * Debugger is active!
2026-07-06 03:52:47,437 | INFO     | werkzeug |  * Debugger PIN: 106-337-974
2026-07-06 03:52:47,558 | INFO     | werkzeug |  * Detected change in 'C:\\Users\\HP\\Downloads\\smartretry_screenshots_final\\.venv\\Lib\\site-packages\\pip\\_vendor\\pkg_resources\\__init__.py', reloading
2026-07-06 03:52:47,558 | INFO     | werkzeug |  * Detected change in 'C:\\Users\\HP\\Downloads\\smartretry_screenshots_final\\.venv\\Lib\\site-packages\\pip\\_vendor\\pkg_resources\\__init__.py', reloading
2026-07-06 03:52:47,584 | INFO     | werkzeug |  * Detected change in 'C:\\Users\\HP\\Downloads\\smartretry_screenshots_final\\.venv\\Lib\\site-packages\\pip\\_vendor\\platformdirs\\android.py', reloading
2026-07-06 03:52:47,584 | INFO     | werkzeug |  * Detected change in 'C:\\Users\\HP\\Downloads\\smartretry_screenshots_final\\.venv\\Lib\\site-packages\\pip\\_vendor\\platformdirs\\android.py', reloading
2026-07-06 03:52:47,594 | INFO     | werkzeug |  * Detected change in 'C:\\Users\\HP\\Downloads\\smartretry_screenshots_final\\.venv\\Lib\\site-packages\\pip\\_vendor\\platformdirs\\api.py', reloading
2026-07-06 03:52:47,612 | INFO     | werkzeug |  * Detected change in 'C:\\Users\\HP\\Downloads\\smartretry_screenshots_final\\.venv\\Lib\\site-packages\\pip\\_vendor\\platformdirs\\macos.py', reloading
2026-07-06 03:52:47,671 | INFO     | werkzeug |  * Detected change in 'C:\\Users\\HP\\Downloads\\smartretry_screenshots_final\\.venv\\Lib\\site-packages\\pip\\_vendor\\platformdirs\\unix.py', reloading
2026-07-06 03:52:47,671 | INFO     | werkzeug |  * Detected change in 'C:\\Users\\HP\\Downloads\\smartretry_screenshots_final\\.venv\\Lib\\site-packages\\pip\\_vendor\\platformdirs\\unix.py', reloading
2026-07-06 03:52:47,692 | INFO     | werkzeug |  * Detected change in 'C:\\Users\\HP\\Downloads\\smartretry_screenshots_final\\.venv\\Lib\\site-packages\\pip\\_vendor\\platformdirs\\version.py', reloading
2026-07-06 03:52:47,692 | INFO     | werkzeug |  * Detected change in 'C:\\Users\\HP\\Downloads\\smartretry_screenshots_final\\.venv\\Lib\\site-packages\\pip\\_vendor\\platformdirs\\version.py', reloading
2026-07-06 03:52:47,724 | INFO     | werkzeug |  * Detected change in 'C:\\Users\\HP\\Downloads\\smartretry_screenshots_final\\.venv\\Lib\\site-packages\\pip\\_vendor\\platformdirs\\windows.py', reloading
2026-07-06 03:52:47,724 | INFO     | werkzeug |  * Detected change in 'C:\\Users\\HP\\Downloads\\smartretry_screenshots_final\\.venv\\Lib\\site-packages\\pip\\_vendor\\platformdirs\\windows.py', reloading
2026-07-06 03:52:47,767 | INFO     | werkzeug |  * Detected change in 'C:\\Users\\HP\\Downloads\\smartretry_screenshots_final\\.venv\\Lib\\site-packages\\pip\\_vendor\\platformdirs\\__init__.py', reloading
2026-07-06 03:52:47,767 | INFO     | werkzeug |  * Detected change in 'C:\\Users\\HP\\Downloads\\smartretry_screenshots_final\\.venv\\Lib\\site-packages\\pip\\_vendor\\platformdirs\\__init__.py', reloading
2026-07-06 03:52:47,800 | INFO     | werkzeug |  * Detected change in 'C:\\Users\\HP\\Downloads\\smartretry_screenshots_final\\.venv\\Lib\\site-packages\\pip\\_vendor\\platformdirs\\__main__.py', reloading
2026-07-06 03:52:48,149 | INFO     | werkzeug |  * Detected change in 'C:\\Users\\HP\\Downloads\\smartretry_screenshots_final\\.venv\\Lib\\site-packages\\pip\\_vendor\\pygments\\cmdline.py', reloading
2026-07-06 03:52:48,149 | INFO     | werkzeug |  * Detected change in 'C:\\Users\\HP\\Downloads\\smartretry_screenshots_final\\.venv\\Lib\\site-packages\\pip\\_vendor\\pygments\\cmdline.py', reloading
2026-07-06 03:52:48,161 | INFO     | werkzeug |  * Detected change in 'C:\\Users\\HP\\Downloads\\smartretry_screenshots_final\\.venv\\Lib\\site-packages\\pip\\_vendor\\pygments\\console.py', reloading
2026-07-06 03:52:48,161 | INFO     | werkzeug |  * Detected change in 'C:\\Users\\HP\\Downloads\\smartretry_screenshots_final\\.venv\\Lib\\site-packages\\pip\\_vendor\\pygments\\console.py', reloading
2026-07-06 03:52:48,201 | INFO     | werkzeug |  * Detected change in 'C:\\Users\\HP\\Downloads\\smartretry_screenshots_final\\.venv\\Lib\\site-packages\\pip\\_vendor\\pygments\\filter.py', reloading
2026-07-06 03:52:48,201 | INFO     | werkzeug |  * Detected change in 'C:\\Users\\HP\\Downloads\\smartretry_screenshots_final\\.venv\\Lib\\site-packages\\pip\\_vendor\\pygments\\filter.py', reloading
2026-07-06 03:52:48,240 | INFO     | werkzeug |  * Detected change in 'C:\\Users\\HP\\Downloads\\smartretry_screenshots_final\\.venv\\Lib\\site-packages\\pip\\_vendor\\pygments\\formatter.py', reloading
2026-07-06 03:52:48,281 | INFO     | werkzeug |  * Detected change in 'C:\\Users\\HP\\Downloads\\smartretry_screenshots_final\\.venv\\Lib\\site-packages\\pip\\_vendor\\pygments\\lexer.py', reloading
2026-07-06 03:52:48,281 | INFO     | werkzeug |  * Detected change in 'C:\\Users\\HP\\Downloads\\smartretry_screenshots_final\\.venv\\Lib\\site-packages\\pip\\_vendor\\pygments\\lexer.py', reloading
2026-07-06 03:52:48,309 | INFO     | werkzeug |  * Detected change in 'C:\\Users\\HP\\Downloads\\smartretry_screenshots_final\\.venv\\Lib\\site-packages\\pip\\_vendor\\pygments\\modeline.py', reloading
2026-07-06 03:52:48,310 | INFO     | werkzeug |  * Detected change in 'C:\\Users\\HP\\Downloads\\smartretry_screenshots_final\\.venv\\Lib\\site-packages\\pip\\_vendor\\pygments\\modeline.py', reloading
2026-07-06 03:52:48,340 | INFO     | werkzeug |  * Detected change in 'C:\\Users\\HP\\Downloads\\smartretry_screenshots_final\\.venv\\Lib\\site-packages\\pip\\_vendor\\pygments\\plugin.py', reloading
2026-07-06 03:52:48,364 | INFO     | werkzeug |  * Detected change in 'C:\\Users\\HP\\Downloads\\smartretry_screenshots_final\\.venv\\Lib\\site-packages\\pip\\_vendor\\pygments\\regexopt.py', reloading
2026-07-06 03:52:48,391 | INFO     | werkzeug |  * Detected change in 'C:\\Users\\HP\\Downloads\\smartretry_screenshots_final\\.venv\\Lib\\site-packages\\pip\\_vendor\\pygments\\scanner.py', reloading
2026-07-06 03:52:48,391 | INFO     | werkzeug |  * Detected change in 'C:\\Users\\HP\\Downloads\\smartretry_screenshots_final\\.venv\\Lib\\site-packages\\pip\\_vendor\\pygments\\scanner.py', reloading
2026-07-06 03:52:48,416 | INFO     | werkzeug |  * Detected change in 'C:\\Users\\HP\\Downloads\\smartretry_screenshots_final\\.venv\\Lib\\site-packages\\pip\\_vendor\\pygments\\sphinxext.py', reloading
2026-07-06 03:52:48,416 | INFO     | werkzeug |  * Detected change in 'C:\\Users\\HP\\Downloads\\smartretry_screenshots_final\\.venv\\Lib\\site-packages\\pip\\_vendor\\pygments\\sphinxext.py', reloading
2026-07-06 03:52:48,456 | INFO     | werkzeug |  * Detected change in 'C:\\Users\\HP\\Downloads\\smartretry_screenshots_final\\.venv\\Lib\\site-packages\\pip\\_vendor\\pygments\\style.py', reloading
2026-07-06 03:52:48,504 | INFO     | werkzeug |  * Restarting with watchdog (windowsapi)
2026-07-06 03:52:48,678 | INFO     | werkzeug |  * Restarting with watchdog (windowsapi)
2026-07-06 03:52:49,271 | INFO     | database.db_manager | Database initialized at C:\Users\HP\Downloads\smartretry_screenshots_final\database\framework.db
2026-07-06 03:52:49,321 | WARNING  | werkzeug |  * Debugger is active!
2026-07-06 03:52:49,333 | INFO     | database.db_manager | Database initialized at C:\Users\HP\Downloads\smartretry_screenshots_final\database\framework.db
2026-07-06 03:52:49,334 | INFO     | werkzeug |  * Debugger PIN: 106-337-974
2026-07-06 03:52:49,366 | WARNING  | werkzeug |  * Debugger is active!
2026-07-06 03:52:49,375 | INFO     | werkzeug |  * Debugger PIN: 106-337-974
2026-07-06 03:52:49,668 | INFO     | werkzeug |  * Detected change in 'C:\\Users\\HP\\Downloads\\smartretry_screenshots_final\\.venv\\Lib\\site-packages\\pip\\_vendor\\pygments\\lexers\\python.py', reloading
2026-07-06 03:52:49,669 | INFO     | werkzeug |  * Detected change in 'C:\\Users\\HP\\Downloads\\smartretry_screenshots_final\\.venv\\Lib\\site-packages\\pip\\_vendor\\pygments\\lexers\\python.py', reloading
2026-07-06 03:52:49,674 | INFO     | werkzeug |  * Detected change in 'C:\\Users\\HP\\Downloads\\smartretry_screenshots_final\\.venv\\Lib\\site-packages\\pip\\_vendor\\pygments\\lexers\\_mapping.py', reloading
2026-07-06 03:52:49,674 | INFO     | werkzeug |  * Detected change in 'C:\\Users\\HP\\Downloads\\smartretry_screenshots_final\\.venv\\Lib\\site-packages\\pip\\_vendor\\pygments\\lexers\\_mapping.py', reloading
2026-07-06 03:52:49,683 | INFO     | werkzeug |  * Detected change in 'C:\\Users\\HP\\Downloads\\smartretry_screenshots_final\\.venv\\Lib\\site-packages\\pip\\_vendor\\pygments\\lexers\\__init__.py', reloading
2026-07-06 03:52:49,683 | INFO     | werkzeug |  * Detected change in 'C:\\Users\\HP\\Downloads\\smartretry_screenshots_final\\.venv\\Lib\\site-packages\\pip\\_vendor\\pygments\\lexers\\__init__.py', reloading
2026-07-06 03:52:49,714 | INFO     | werkzeug |  * Detected change in 'C:\\Users\\HP\\Downloads\\smartretry_screenshots_final\\.venv\\Lib\\site-packages\\pip\\_vendor\\pygments\\styles\\__init__.py', reloading
2026-07-06 03:52:49,714 | INFO     | werkzeug |  * Detected change in 'C:\\Users\\HP\\Downloads\\smartretry_screenshots_final\\.venv\\Lib\\site-packages\\pip\\_vendor\\pygments\\styles\\__init__.py', reloading
2026-07-06 03:52:49,858 | INFO     | werkzeug |  * Detected change in 'C:\\Users\\HP\\Downloads\\smartretry_screenshots_final\\.venv\\Lib\\site-packages\\pip\\_vendor\\pyparsing\\actions.py', reloading
2026-07-06 03:52:49,858 | INFO     | werkzeug |  * Detected change in 'C:\\Users\\HP\\Downloads\\smartretry_screenshots_final\\.venv\\Lib\\site-packages\\pip\\_vendor\\pyparsing\\actions.py', reloading
2026-07-06 03:52:49,873 | INFO     | werkzeug |  * Detected change in 'C:\\Users\\HP\\Downloads\\smartretry_screenshots_final\\.venv\\Lib\\site-packages\\pip\\_vendor\\pyparsing\\common.py', reloading
2026-07-06 03:52:49,873 | INFO     | werkzeug |  * Detected change in 'C:\\Users\\HP\\Downloads\\smartretry_screenshots_final\\.venv\\Lib\\site-packages\\pip\\_vendor\\pyparsing\\common.py', reloading
2026-07-06 03:52:49,901 | INFO     | werkzeug |  * Detected change in 'C:\\Users\\HP\\Downloads\\smartretry_screenshots_final\\.venv\\Lib\\site-packages\\pip\\_vendor\\pyparsing\\core.py', reloading
2026-07-06 03:52:49,901 | INFO     | werkzeug |  * Detected change in 'C:\\Users\\HP\\Downloads\\smartretry_screenshots_final\\.venv\\Lib\\site-packages\\pip\\_vendor\\pyparsing\\core.py', reloading
2026-07-06 03:52:49,923 | INFO     | werkzeug |  * Detected change in 'C:\\Users\\HP\\Downloads\\smartretry_screenshots_final\\.venv\\Lib\\site-packages\\pip\\_vendor\\pyparsing\\exceptions.py', reloading
2026-07-06 03:52:49,923 | INFO     | werkzeug |  * Detected change in 'C:\\Users\\HP\\Downloads\\smartretry_screenshots_final\\.venv\\Lib\\site-packages\\pip\\_vendor\\pyparsing\\exceptions.py', reloading
2026-07-06 03:52:49,949 | INFO     | werkzeug |  * Detected change in 'C:\\Users\\HP\\Downloads\\smartretry_screenshots_final\\.venv\\Lib\\site-packages\\pip\\_vendor\\pyparsing\\helpers.py', reloading
2026-07-06 03:52:49,949 | INFO     | werkzeug |  * Detected change in 'C:\\Users\\HP\\Downloads\\smartretry_screenshots_final\\.venv\\Lib\\site-packages\\pip\\_vendor\\pyparsing\\helpers.py', reloading
2026-07-06 03:52:49,970 | INFO     | werkzeug |  * Detected change in 'C:\\Users\\HP\\Downloads\\smartretry_screenshots_final\\.venv\\Lib\\site-packages\\pip\\_vendor\\pyparsing\\results.py', reloading
2026-07-06 03:52:49,970 | INFO     | werkzeug |  * Detected change in 'C:\\Users\\HP\\Downloads\\smartretry_screenshots_final\\.venv\\Lib\\site-packages\\pip\\_vendor\\pyparsing\\results.py', reloading
2026-07-06 03:52:49,979 | INFO     | werkzeug |  * Detected change in 'C:\\Users\\HP\\Downloads\\smartretry_screenshots_final\\.venv\\Lib\\site-packages\\pip\\_vendor\\pyparsing\\testing.py', reloading
2026-07-06 03:52:49,989 | INFO     | werkzeug |  * Detected change in 'C:\\Users\\HP\\Downloads\\smartretry_screenshots_final\\.venv\\Lib\\site-packages\\pip\\_vendor\\pyparsing\\unicode.py', reloading
2026-07-06 03:52:49,989 | INFO     | werkzeug |  * Detected change in 'C:\\Users\\HP\\Downloads\\smartretry_screenshots_final\\.venv\\Lib\\site-packages\\pip\\_vendor\\pyparsing\\unicode.py', reloading
2026-07-06 03:52:50,001 | INFO     | werkzeug |  * Detected change in 'C:\\Users\\HP\\Downloads\\smartretry_screenshots_final\\.venv\\Lib\\site-packages\\pip\\_vendor\\pyparsing\\util.py', reloading
2026-07-06 03:52:50,010 | INFO     | werkzeug |  * Detected change in 'C:\\Users\\HP\\Downloads\\smartretry_screenshots_final\\.venv\\Lib\\site-packages\\pip\\_vendor\\pyparsing\\__init__.py', reloading
2026-07-06 03:52:50,010 | INFO     | werkzeug |  * Detected change in 'C:\\Users\\HP\\Downloads\\smartretry_screenshots_final\\.venv\\Lib\\site-packages\\pip\\_vendor\\pyparsing\\__init__.py', reloading
2026-07-06 03:52:50,038 | INFO     | werkzeug |  * Detected change in 'C:\\Users\\HP\\Downloads\\smartretry_screenshots_final\\.venv\\Lib\\site-packages\\pip\\_vendor\\pyparsing\\diagram\\__init__.py', reloading
2026-07-06 03:52:50,038 | INFO     | werkzeug |  * Detected change in 'C:\\Users\\HP\\Downloads\\smartretry_screenshots_final\\.venv\\Lib\\site-packages\\pip\\_vendor\\pyparsing\\diagram\\__init__.py', reloading
2026-07-06 03:52:50,236 | INFO     | werkzeug |  * Detected change in 'C:\\Users\\HP\\Downloads\\smartretry_screenshots_final\\.venv\\Lib\\site-packages\\pip\\_vendor\\pyproject_hooks\\_compat.py', reloading
2026-07-06 03:52:50,237 | INFO     | werkzeug |  * Detected change in 'C:\\Users\\HP\\Downloads\\smartretry_screenshots_final\\.venv\\Lib\\site-packages\\pip\\_vendor\\pyproject_hooks\\_compat.py', reloading
2026-07-06 03:52:50,244 | INFO     | werkzeug |  * Detected change in 'C:\\Users\\HP\\Downloads\\smartretry_screenshots_final\\.venv\\Lib\\site-packages\\pip\\_vendor\\pyproject_hooks\\_impl.py', reloading
2026-07-06 03:52:50,255 | INFO     | werkzeug |  * Detected change in 'C:\\Users\\HP\\Downloads\\smartretry_screenshots_final\\.venv\\Lib\\site-packages\\pip\\_vendor\\pyproject_hooks\\__init__.py', reloading
2026-07-06 03:52:50,255 | INFO     | werkzeug |  * Detected change in 'C:\\Users\\HP\\Downloads\\smartretry_screenshots_final\\.venv\\Lib\\site-packages\\pip\\_vendor\\pyproject_hooks\\__init__.py', reloading
2026-07-06 03:52:50,274 | INFO     | werkzeug |  * Detected change in 'C:\\Users\\HP\\Downloads\\smartretry_screenshots_final\\.venv\\Lib\\site-packages\\pip\\_vendor\\pyproject_hooks\\_in_process\\_in_process.py', reloading
2026-07-06 03:52:50,275 | INFO     | werkzeug |  * Detected change in 'C:\\Users\\HP\\Downloads\\smartretry_screenshots_final\\.venv\\Lib\\site-packages\\pip\\_vendor\\pyproject_hooks\\_in_process\\_in_process.py', reloading
2026-07-06 03:52:50,287 | INFO     | werkzeug |  * Detected change in 'C:\\Users\\HP\\Downloads\\smartretry_screenshots_final\\.venv\\Lib\\site-packages\\pip\\_vendor\\pyproject_hooks\\_in_process\\__init__.py', reloading
2026-07-06 03:52:50,287 | INFO     | werkzeug |  * Detected change in 'C:\\Users\\HP\\Downloads\\smartretry_screenshots_final\\.venv\\Lib\\site-packages\\pip\\_vendor\\pyproject_hooks\\_in_process\\__init__.py', reloading
2026-07-06 03:52:50,428 | INFO     | werkzeug |  * Restarting with watchdog (windowsapi)
2026-07-06 03:52:50,543 | INFO     | werkzeug |  * Restarting with watchdog (windowsapi)
2026-07-06 03:52:50,853 | INFO     | database.db_manager | Database initialized at C:\Users\HP\Downloads\smartretry_screenshots_final\database\framework.db
2026-07-06 03:52:50,875 | WARNING  | werkzeug |  * Debugger is active!
2026-07-06 03:52:50,881 | INFO     | database.db_manager | Database initialized at C:\Users\HP\Downloads\smartretry_screenshots_final\database\framework.db
2026-07-06 03:52:50,884 | INFO     | werkzeug |  * Debugger PIN: 106-337-974
2026-07-06 03:52:50,908 | WARNING  | werkzeug |  * Debugger is active!
2026-07-06 03:52:50,916 | INFO     | werkzeug |  * Debugger PIN: 106-337-974
2026-07-06 03:52:51,053 | INFO     | werkzeug |  * Detected change in 'C:\\Users\\HP\\Downloads\\smartretry_screenshots_final\\.venv\\Lib\\site-packages\\pip\\_vendor\\resolvelib\\providers.py', reloading
2026-07-06 03:52:51,053 | INFO     | werkzeug |  * Detected change in 'C:\\Users\\HP\\Downloads\\smartretry_screenshots_final\\.venv\\Lib\\site-packages\\pip\\_vendor\\resolvelib\\providers.py', reloading
2026-07-06 03:52:51,072 | INFO     | werkzeug |  * Detected change in 'C:\\Users\\HP\\Downloads\\smartretry_screenshots_final\\.venv\\Lib\\site-packages\\pip\\_vendor\\resolvelib\\reporters.py', reloading
2026-07-06 03:52:51,072 | INFO     | werkzeug |  * Detected change in 'C:\\Users\\HP\\Downloads\\smartretry_screenshots_final\\.venv\\Lib\\site-packages\\pip\\_vendor\\resolvelib\\reporters.py', reloading
2026-07-06 03:52:51,085 | INFO     | werkzeug |  * Detected change in 'C:\\Users\\HP\\Downloads\\smartretry_screenshots_final\\.venv\\Lib\\site-packages\\pip\\_vendor\\resolvelib\\resolvers.py', reloading
2026-07-06 03:52:51,085 | INFO     | werkzeug |  * Detected change in 'C:\\Users\\HP\\Downloads\\smartretry_screenshots_final\\.venv\\Lib\\site-packages\\pip\\_vendor\\resolvelib\\resolvers.py', reloading
2026-07-06 03:52:51,094 | INFO     | werkzeug |  * Detected change in 'C:\\Users\\HP\\Downloads\\smartretry_screenshots_final\\.venv\\Lib\\site-packages\\pip\\_vendor\\resolvelib\\structs.py', reloading
2026-07-06 03:52:51,095 | INFO     | werkzeug |  * Detected change in 'C:\\Users\\HP\\Downloads\\smartretry_screenshots_final\\.venv\\Lib\\site-packages\\pip\\_vendor\\resolvelib\\structs.py', reloading
2026-07-06 03:52:51,104 | INFO     | werkzeug |  * Detected change in 'C:\\Users\\HP\\Downloads\\smartretry_screenshots_final\\.venv\\Lib\\site-packages\\pip\\_vendor\\resolvelib\\__init__.py', reloading
2026-07-06 03:52:51,104 | INFO     | werkzeug |  * Detected change in 'C:\\Users\\HP\\Downloads\\smartretry_screenshots_final\\.venv\\Lib\\site-packages\\pip\\_vendor\\resolvelib\\__init__.py', reloading
2026-07-06 03:52:51,109 | INFO     | werkzeug |  * Detected change in 'C:\\Users\\HP\\Downloads\\smartretry_screenshots_final\\.venv\\Lib\\site-packages\\pip\\_vendor\\resolvelib\\compat\\collections_abc.py', reloading
2026-07-06 03:52:51,109 | INFO     | werkzeug |  * Detected change in 'C:\\Users\\HP\\Downloads\\smartretry_screenshots_final\\.venv\\Lib\\site-packages\\pip\\_vendor\\resolvelib\\compat\\collections_abc.py', reloading
2026-07-06 03:52:51,366 | INFO     | werkzeug |  * Detected change in 'C:\\Users\\HP\\Downloads\\smartretry_screenshots_final\\.venv\\Lib\\site-packages\\pip\\_vendor\\rich\\abc.py', reloading
2026-07-06 03:52:51,421 | INFO     | werkzeug |  * Detected change in 'C:\\Users\\HP\\Downloads\\smartretry_screenshots_final\\.venv\\Lib\\site-packages\\pip\\_vendor\\rich\\align.py', reloading
2026-07-06 03:52:51,421 | INFO     | werkzeug |  * Detected change in 'C:\\Users\\HP\\Downloads\\smartretry_screenshots_final\\.venv\\Lib\\site-packages\\pip\\_vendor\\rich\\align.py', reloading
2026-07-06 03:52:51,443 | INFO     | werkzeug |  * Detected change in 'C:\\Users\\HP\\Downloads\\smartretry_screenshots_final\\.venv\\Lib\\site-packages\\pip\\_vendor\\rich\\ansi.py', reloading
2026-07-06 03:52:51,491 | INFO     | werkzeug |  * Detected change in 'C:\\Users\\HP\\Downloads\\smartretry_screenshots_final\\.venv\\Lib\\site-packages\\pip\\_vendor\\rich\\bar.py', reloading
2026-07-06 03:52:51,521 | INFO     | werkzeug |  * Detected change in 'C:\\Users\\HP\\Downloads\\smartretry_screenshots_final\\.venv\\Lib\\site-packages\\pip\\_vendor\\rich\\box.py', reloading
2026-07-06 03:52:51,541 | INFO     | werkzeug |  * Detected change in 'C:\\Users\\HP\\Downloads\\smartretry_screenshots_final\\.venv\\Lib\\site-packages\\pip\\_vendor\\rich\\cells.py', reloading
2026-07-06 03:52:51,568 | INFO     | werkzeug |  * Detected change in 'C:\\Users\\HP\\Downloads\\smartretry_screenshots_final\\.venv\\Lib\\site-packages\\pip\\_vendor\\rich\\color.py', reloading
2026-07-06 03:52:51,568 | INFO     | werkzeug |  * Detected change in 'C:\\Users\\HP\\Downloads\\smartretry_screenshots_final\\.venv\\Lib\\site-packages\\pip\\_vendor\\rich\\color.py', reloading
2026-07-06 03:52:51,589 | INFO     | werkzeug |  * Detected change in 'C:\\Users\\HP\\Downloads\\smartretry_screenshots_final\\.venv\\Lib\\site-packages\\pip\\_vendor\\rich\\color_triplet.py', reloading
2026-07-06 03:52:51,589 | INFO     | werkzeug |  * Detected change in 'C:\\Users\\HP\\Downloads\\smartretry_screenshots_final\\.venv\\Lib\\site-packages\\pip\\_vendor\\rich\\color_triplet.py', reloading
2026-07-06 03:52:51,610 | INFO     | werkzeug |  * Detected change in 'C:\\Users\\HP\\Downloads\\smartretry_screenshots_final\\.venv\\Lib\\site-packages\\pip\\_vendor\\rich\\columns.py', reloading
2026-07-06 03:52:51,610 | INFO     | werkzeug |  * Detected change in 'C:\\Users\\HP\\Downloads\\smartretry_screenshots_final\\.venv\\Lib\\site-packages\\pip\\_vendor\\rich\\columns.py', reloading
2026-07-06 03:52:51,652 | INFO     | werkzeug |  * Detected change in 'C:\\Users\\HP\\Downloads\\smartretry_screenshots_final\\.venv\\Lib\\site-packages\\pip\\_vendor\\rich\\console.py', reloading
2026-07-06 03:52:51,652 | INFO     | werkzeug |  * Detected change in 'C:\\Users\\HP\\Downloads\\smartretry_screenshots_final\\.venv\\Lib\\site-packages\\pip\\_vendor\\rich\\console.py', reloading
2026-07-06 03:52:51,716 | INFO     | werkzeug |  * Detected change in 'C:\\Users\\HP\\Downloads\\smartretry_screenshots_final\\.venv\\Lib\\site-packages\\pip\\_vendor\\rich\\constrain.py', reloading
2026-07-06 03:52:51,740 | INFO     | werkzeug |  * Detected change in 'C:\\Users\\HP\\Downloads\\smartretry_screenshots_final\\.venv\\Lib\\site-packages\\pip\\_vendor\\rich\\containers.py', reloading
2026-07-06 03:52:51,740 | INFO     | werkzeug |  * Detected change in 'C:\\Users\\HP\\Downloads\\smartretry_screenshots_final\\.venv\\Lib\\site-packages\\pip\\_vendor\\rich\\containers.py', reloading
2026-07-06 03:52:51,793 | INFO     | werkzeug |  * Detected change in 'C:\\Users\\HP\\Downloads\\smartretry_screenshots_final\\.venv\\Lib\\site-packages\\pip\\_vendor\\rich\\control.py', reloading
2026-07-06 03:52:51,794 | INFO     | werkzeug |  * Detected change in 'C:\\Users\\HP\\Downloads\\smartretry_screenshots_final\\.venv\\Lib\\site-packages\\pip\\_vendor\\rich\\control.py', reloading
2026-07-06 03:52:51,816 | INFO     | werkzeug |  * Detected change in 'C:\\Users\\HP\\Downloads\\smartretry_screenshots_final\\.venv\\Lib\\site-packages\\pip\\_vendor\\rich\\default_styles.py', reloading
2026-07-06 03:52:51,816 | INFO     | werkzeug |  * Detected change in 'C:\\Users\\HP\\Downloads\\smartretry_screenshots_final\\.venv\\Lib\\site-packages\\pip\\_vendor\\rich\\default_styles.py', reloading
2026-07-06 03:52:51,871 | INFO     | werkzeug |  * Detected change in 'C:\\Users\\HP\\Downloads\\smartretry_screenshots_final\\.venv\\Lib\\site-packages\\pip\\_vendor\\rich\\diagnose.py', reloading
2026-07-06 03:52:51,871 | INFO     | werkzeug |  * Detected change in 'C:\\Users\\HP\\Downloads\\smartretry_screenshots_final\\.venv\\Lib\\site-packages\\pip\\_vendor\\rich\\diagnose.py', reloading
2026-07-06 03:52:52,010 | INFO     | werkzeug |  * Restarting with watchdog (windowsapi)
2026-07-06 03:52:52,057 | INFO     | werkzeug |  * Restarting with watchdog (windowsapi)
2026-07-06 03:52:52,502 | INFO     | database.db_manager | Database initialized at C:\Users\HP\Downloads\smartretry_screenshots_final\database\framework.db
2026-07-06 03:52:52,530 | INFO     | database.db_manager | Database initialized at C:\Users\HP\Downloads\smartretry_screenshots_final\database\framework.db
2026-07-06 03:52:52,537 | WARNING  | werkzeug |  * Debugger is active!
2026-07-06 03:52:52,556 | INFO     | werkzeug |  * Debugger PIN: 106-337-974
2026-07-06 03:52:52,591 | WARNING  | werkzeug |  * Debugger is active!
2026-07-06 03:52:52,607 | INFO     | werkzeug |  * Debugger PIN: 106-337-974
2026-07-06 03:52:52,624 | INFO     | werkzeug |  * Detected change in 'C:\\Users\\HP\\Downloads\\smartretry_screenshots_final\\.venv\\Lib\\site-packages\\pip\\_vendor\\rich\\repr.py', reloading
2026-07-06 03:52:52,650 | INFO     | werkzeug |  * Detected change in 'C:\\Users\\HP\\Downloads\\smartretry_screenshots_final\\.venv\\Lib\\site-packages\\pip\\_vendor\\rich\\rule.py', reloading
2026-07-06 03:52:52,687 | INFO     | werkzeug |  * Detected change in 'C:\\Users\\HP\\Downloads\\smartretry_screenshots_final\\.venv\\Lib\\site-packages\\pip\\_vendor\\rich\\scope.py', reloading
2026-07-06 03:52:52,688 | INFO     | werkzeug |  * Detected change in 'C:\\Users\\HP\\Downloads\\smartretry_screenshots_final\\.venv\\Lib\\site-packages\\pip\\_vendor\\rich\\scope.py', reloading
2026-07-06 03:52:52,708 | INFO     | werkzeug |  * Detected change in 'C:\\Users\\HP\\Downloads\\smartretry_screenshots_final\\.venv\\Lib\\site-packages\\pip\\_vendor\\rich\\screen.py', reloading
2026-07-06 03:52:52,708 | INFO     | werkzeug |  * Detected change in 'C:\\Users\\HP\\Downloads\\smartretry_screenshots_final\\.venv\\Lib\\site-packages\\pip\\_vendor\\rich\\screen.py', reloading
2026-07-06 03:52:52,733 | INFO     | werkzeug |  * Detected change in 'C:\\Users\\HP\\Downloads\\smartretry_screenshots_final\\.venv\\Lib\\site-packages\\pip\\_vendor\\rich\\segment.py', reloading
2026-07-06 03:52:52,733 | INFO     | werkzeug |  * Detected change in 'C:\\Users\\HP\\Downloads\\smartretry_screenshots_final\\.venv\\Lib\\site-packages\\pip\\_vendor\\rich\\segment.py', reloading
2026-07-06 03:52:52,743 | INFO     | werkzeug |  * Detected change in 'C:\\Users\\HP\\Downloads\\smartretry_screenshots_final\\.venv\\Lib\\site-packages\\pip\\_vendor\\rich\\spinner.py', reloading
2026-07-06 03:52:52,788 | INFO     | werkzeug |  * Detected change in 'C:\\Users\\HP\\Downloads\\smartretry_screenshots_final\\.venv\\Lib\\site-packages\\pip\\_vendor\\rich\\status.py', reloading
2026-07-06 03:52:52,788 | INFO     | werkzeug |  * Detected change in 'C:\\Users\\HP\\Downloads\\smartretry_screenshots_final\\.venv\\Lib\\site-packages\\pip\\_vendor\\rich\\status.py', reloading
2026-07-06 03:52:52,815 | INFO     | werkzeug |  * Detected change in 'C:\\Users\\HP\\Downloads\\smartretry_screenshots_final\\.venv\\Lib\\site-packages\\pip\\_vendor\\rich\\style.py', reloading
2026-07-06 03:52:52,815 | INFO     | werkzeug |  * Detected change in 'C:\\Users\\HP\\Downloads\\smartretry_screenshots_final\\.venv\\Lib\\site-packages\\pip\\_vendor\\rich\\style.py', reloading
2026-07-06 03:52:52,861 | INFO     | werkzeug |  * Detected change in 'C:\\Users\\HP\\Downloads\\smartretry_screenshots_final\\.venv\\Lib\\site-packages\\pip\\_vendor\\rich\\styled.py', reloading
2026-07-06 03:52:52,861 | INFO     | werkzeug |  * Detected change in 'C:\\Users\\HP\\Downloads\\smartretry_screenshots_final\\.venv\\Lib\\site-packages\\pip\\_vendor\\rich\\styled.py', reloading
2026-07-06 03:52:52,901 | INFO     | werkzeug |  * Detected change in 'C:\\Users\\HP\\Downloads\\smartretry_screenshots_final\\.venv\\Lib\\site-packages\\pip\\_vendor\\rich\\syntax.py', reloading
2026-07-06 03:52:52,940 | INFO     | werkzeug |  * Detected change in 'C:\\Users\\HP\\Downloads\\smartretry_screenshots_final\\.venv\\Lib\\site-packages\\pip\\_vendor\\rich\\table.py', reloading
2026-07-06 03:52:52,940 | INFO     | werkzeug |  * Detected change in 'C:\\Users\\HP\\Downloads\\smartretry_screenshots_final\\.venv\\Lib\\site-packages\\pip\\_vendor\\rich\\table.py', reloading
2026-07-06 03:52:52,955 | INFO     | werkzeug |  * Detected change in 'C:\\Users\\HP\\Downloads\\smartretry_screenshots_final\\.venv\\Lib\\site-packages\\pip\\_vendor\\rich\\terminal_theme.py', reloading
2026-07-06 03:52:52,955 | INFO     | werkzeug |  * Detected change in 'C:\\Users\\HP\\Downloads\\smartretry_screenshots_final\\.venv\\Lib\\site-packages\\pip\\_vendor\\rich\\terminal_theme.py', reloading
2026-07-06 03:52:53,003 | INFO     | werkzeug |  * Detected change in 'C:\\Users\\HP\\Downloads\\smartretry_screenshots_final\\.venv\\Lib\\site-packages\\pip\\_vendor\\rich\\text.py', reloading
2026-07-06 03:52:53,003 | INFO     | werkzeug |  * Detected change in 'C:\\Users\\HP\\Downloads\\smartretry_screenshots_final\\.venv\\Lib\\site-packages\\pip\\_vendor\\rich\\text.py', reloading
2026-07-06 03:52:53,060 | INFO     | werkzeug |  * Detected change in 'C:\\Users\\HP\\Downloads\\smartretry_screenshots_final\\.venv\\Lib\\site-packages\\pip\\_vendor\\rich\\theme.py', reloading
2026-07-06 03:52:53,061 | INFO     | werkzeug |  * Detected change in 'C:\\Users\\HP\\Downloads\\smartretry_screenshots_final\\.venv\\Lib\\site-packages\\pip\\_vendor\\rich\\theme.py', reloading
2026-07-06 03:52:53,117 | INFO     | werkzeug |  * Detected change in 'C:\\Users\\HP\\Downloads\\smartretry_screenshots_final\\.venv\\Lib\\site-packages\\pip\\_vendor\\rich\\themes.py', reloading
2026-07-06 03:52:53,169 | INFO     | werkzeug |  * Detected change in 'C:\\Users\\HP\\Downloads\\smartretry_screenshots_final\\.venv\\Lib\\site-packages\\pip\\_vendor\\rich\\traceback.py', reloading
2026-07-06 03:52:53,207 | INFO     | werkzeug |  * Detected change in 'C:\\Users\\HP\\Downloads\\smartretry_screenshots_final\\.venv\\Lib\\site-packages\\pip\\_vendor\\rich\\tree.py', reloading
2026-07-06 03:52:53,207 | INFO     | werkzeug |  * Detected change in 'C:\\Users\\HP\\Downloads\\smartretry_screenshots_final\\.venv\\Lib\\site-packages\\pip\\_vendor\\rich\\tree.py', reloading
2026-07-06 03:52:53,240 | INFO     | werkzeug |  * Detected change in 'C:\\Users\\HP\\Downloads\\smartretry_screenshots_final\\.venv\\Lib\\site-packages\\pip\\_vendor\\rich\\_cell_widths.py', reloading
2026-07-06 03:52:53,262 | INFO     | werkzeug |  * Detected change in 'C:\\Users\\HP\\Downloads\\smartretry_screenshots_final\\.venv\\Lib\\site-packages\\pip\\_vendor\\rich\\_emoji_codes.py', reloading
2026-07-06 03:52:53,262 | INFO     | werkzeug |  * Detected change in 'C:\\Users\\HP\\Downloads\\smartretry_screenshots_final\\.venv\\Lib\\site-packages\\pip\\_vendor\\rich\\_emoji_codes.py', reloading
2026-07-06 03:52:53,277 | INFO     | werkzeug |  * Detected change in 'C:\\Users\\HP\\Downloads\\smartretry_screenshots_final\\.venv\\Lib\\site-packages\\pip\\_vendor\\rich\\_emoji_replace.py', reloading
2026-07-06 03:52:53,300 | INFO     | werkzeug |  * Detected change in 'C:\\Users\\HP\\Downloads\\smartretry_screenshots_final\\.venv\\Lib\\site-packages\\pip\\_vendor\\rich\\_export_format.py', reloading
2026-07-06 03:52:53,300 | INFO     | werkzeug |  * Detected change in 'C:\\Users\\HP\\Downloads\\smartretry_screenshots_final\\.venv\\Lib\\site-packages\\pip\\_vendor\\rich\\_export_format.py', reloading
2026-07-06 03:52:53,326 | INFO     | werkzeug |  * Detected change in 'C:\\Users\\HP\\Downloads\\smartretry_screenshots_final\\.venv\\Lib\\site-packages\\pip\\_vendor\\rich\\_extension.py', reloading
2026-07-06 03:52:53,326 | INFO     | werkzeug |  * Detected change in 'C:\\Users\\HP\\Downloads\\smartretry_screenshots_final\\.venv\\Lib\\site-packages\\pip\\_vendor\\rich\\_extension.py', reloading
2026-07-06 03:52:53,341 | INFO     | werkzeug |  * Detected change in 'C:\\Users\\HP\\Downloads\\smartretry_screenshots_final\\.venv\\Lib\\site-packages\\pip\\_vendor\\rich\\_fileno.py', reloading
2026-07-06 03:52:53,341 | INFO     | werkzeug |  * Detected change in 'C:\\Users\\HP\\Downloads\\smartretry_screenshots_final\\.venv\\Lib\\site-packages\\pip\\_vendor\\rich\\_fileno.py', reloading
2026-07-06 03:52:53,358 | INFO     | werkzeug |  * Detected change in 'C:\\Users\\HP\\Downloads\\smartretry_screenshots_final\\.venv\\Lib\\site-packages\\pip\\_vendor\\rich\\_inspect.py', reloading
2026-07-06 03:52:53,358 | INFO     | werkzeug |  * Detected change in 'C:\\Users\\HP\\Downloads\\smartretry_screenshots_final\\.venv\\Lib\\site-packages\\pip\\_vendor\\rich\\_inspect.py', reloading
2026-07-06 03:52:53,376 | INFO     | werkzeug |  * Detected change in 'C:\\Users\\HP\\Downloads\\smartretry_screenshots_final\\.venv\\Lib\\site-packages\\pip\\_vendor\\rich\\_log_render.py', reloading
2026-07-06 03:52:53,393 | INFO     | werkzeug |  * Detected change in 'C:\\Users\\HP\\Downloads\\smartretry_screenshots_final\\.venv\\Lib\\site-packages\\pip\\_vendor\\rich\\_loop.py', reloading
2026-07-06 03:52:53,430 | INFO     | werkzeug |  * Detected change in 'C:\\Users\\HP\\Downloads\\smartretry_screenshots_final\\.venv\\Lib\\site-packages\\pip\\_vendor\\rich\\_null_file.py', reloading
2026-07-06 03:52:53,448 | INFO     | werkzeug |  * Detected change in 'C:\\Users\\HP\\Downloads\\smartretry_screenshots_final\\.venv\\Lib\\site-packages\\pip\\_vendor\\rich\\_palettes.py', reloading
2026-07-06 03:52:53,448 | INFO     | werkzeug |  * Detected change in 'C:\\Users\\HP\\Downloads\\smartretry_screenshots_final\\.venv\\Lib\\site-packages\\pip\\_vendor\\rich\\_palettes.py', reloading
2026-07-06 03:52:53,469 | INFO     | werkzeug |  * Detected change in 'C:\\Users\\HP\\Downloads\\smartretry_screenshots_final\\.venv\\Lib\\site-packages\\pip\\_vendor\\rich\\_pick.py', reloading
2026-07-06 03:52:53,469 | INFO     | werkzeug |  * Detected change in 'C:\\Users\\HP\\Downloads\\smartretry_screenshots_final\\.venv\\Lib\\site-packages\\pip\\_vendor\\rich\\_pick.py', reloading
2026-07-06 03:52:53,483 | INFO     | werkzeug |  * Detected change in 'C:\\Users\\HP\\Downloads\\smartretry_screenshots_final\\.venv\\Lib\\site-packages\\pip\\_vendor\\rich\\_ratio.py', reloading
2026-07-06 03:52:53,484 | INFO     | werkzeug |  * Detected change in 'C:\\Users\\HP\\Downloads\\smartretry_screenshots_final\\.venv\\Lib\\site-packages\\pip\\_vendor\\rich\\_ratio.py', reloading
2026-07-06 03:52:53,492 | INFO     | werkzeug |  * Detected change in 'C:\\Users\\HP\\Downloads\\smartretry_screenshots_final\\.venv\\Lib\\site-packages\\pip\\_vendor\\rich\\_spinners.py', reloading
2026-07-06 03:52:53,493 | INFO     | werkzeug |  * Detected change in 'C:\\Users\\HP\\Downloads\\smartretry_screenshots_final\\.venv\\Lib\\site-packages\\pip\\_vendor\\rich\\_spinners.py', reloading
2026-07-06 03:52:53,503 | INFO     | werkzeug |  * Detected change in 'C:\\Users\\HP\\Downloads\\smartretry_screenshots_final\\.venv\\Lib\\site-packages\\pip\\_vendor\\rich\\_stack.py', reloading
2026-07-06 03:52:53,503 | INFO     | werkzeug |  * Detected change in 'C:\\Users\\HP\\Downloads\\smartretry_screenshots_final\\.venv\\Lib\\site-packages\\pip\\_vendor\\rich\\_stack.py', reloading
2026-07-06 03:52:53,522 | INFO     | werkzeug |  * Detected change in 'C:\\Users\\HP\\Downloads\\smartretry_screenshots_final\\.venv\\Lib\\site-packages\\pip\\_vendor\\rich\\_timer.py', reloading
2026-07-06 03:52:53,522 | INFO     | werkzeug |  * Detected change in 'C:\\Users\\HP\\Downloads\\smartretry_screenshots_final\\.venv\\Lib\\site-packages\\pip\\_vendor\\rich\\_timer.py', reloading
2026-07-06 03:52:53,547 | INFO     | werkzeug |  * Detected change in 'C:\\Users\\HP\\Downloads\\smartretry_screenshots_final\\.venv\\Lib\\site-packages\\pip\\_vendor\\rich\\_win32_console.py', reloading
2026-07-06 03:52:53,547 | INFO     | werkzeug |  * Detected change in 'C:\\Users\\HP\\Downloads\\smartretry_screenshots_final\\.venv\\Lib\\site-packages\\pip\\_vendor\\rich\\_win32_console.py', reloading
2026-07-06 03:52:53,568 | INFO     | werkzeug |  * Detected change in 'C:\\Users\\HP\\Downloads\\smartretry_screenshots_final\\.venv\\Lib\\site-packages\\pip\\_vendor\\rich\\_windows.py', reloading
2026-07-06 03:52:53,594 | INFO     | werkzeug |  * Detected change in 'C:\\Users\\HP\\Downloads\\smartretry_screenshots_final\\.venv\\Lib\\site-packages\\pip\\_vendor\\rich\\_windows_renderer.py', reloading
2026-07-06 03:52:53,594 | INFO     | werkzeug |  * Detected change in 'C:\\Users\\HP\\Downloads\\smartretry_screenshots_final\\.venv\\Lib\\site-packages\\pip\\_vendor\\rich\\_windows_renderer.py', reloading
2026-07-06 03:52:53,618 | INFO     | werkzeug |  * Detected change in 'C:\\Users\\HP\\Downloads\\smartretry_screenshots_final\\.venv\\Lib\\site-packages\\pip\\_vendor\\rich\\_wrap.py', reloading
2026-07-06 03:52:53,668 | INFO     | werkzeug |  * Detected change in 'C:\\Users\\HP\\Downloads\\smartretry_screenshots_final\\.venv\\Lib\\site-packages\\pip\\_vendor\\rich\\__init__.py', reloading
2026-07-06 03:52:53,726 | INFO     | werkzeug |  * Restarting with watchdog (windowsapi)
2026-07-06 03:52:53,828 | INFO     | werkzeug |  * Restarting with watchdog (windowsapi)
2026-07-06 03:52:54,266 | INFO     | database.db_manager | Database initialized at C:\Users\HP\Downloads\smartretry_screenshots_final\database\framework.db
2026-07-06 03:52:54,300 | INFO     | database.db_manager | Database initialized at C:\Users\HP\Downloads\smartretry_screenshots_final\database\framework.db
2026-07-06 03:52:54,305 | WARNING  | werkzeug |  * Debugger is active!
2026-07-06 03:52:54,316 | INFO     | werkzeug |  * Debugger PIN: 106-337-974
2026-07-06 03:52:54,329 | WARNING  | werkzeug |  * Debugger is active!
2026-07-06 03:52:54,337 | INFO     | werkzeug |  * Debugger PIN: 106-337-974
2026-07-06 03:52:54,996 | INFO     | werkzeug |  * Detected change in 'C:\\Users\\HP\\Downloads\\smartretry_screenshots_final\\.venv\\Lib\\site-packages\\pip\\_vendor\\tenacity\\after.py', reloading
2026-07-06 03:52:54,996 | INFO     | werkzeug |  * Detected change in 'C:\\Users\\HP\\Downloads\\smartretry_screenshots_final\\.venv\\Lib\\site-packages\\pip\\_vendor\\tenacity\\after.py', reloading
2026-07-06 03:52:55,003 | INFO     | werkzeug |  * Detected change in 'C:\\Users\\HP\\Downloads\\smartretry_screenshots_final\\.venv\\Lib\\site-packages\\pip\\_vendor\\tenacity\\before.py', reloading
2026-07-06 03:52:55,004 | INFO     | werkzeug |  * Detected change in 'C:\\Users\\HP\\Downloads\\smartretry_screenshots_final\\.venv\\Lib\\site-packages\\pip\\_vendor\\tenacity\\before.py', reloading
2026-07-06 03:52:55,017 | INFO     | werkzeug |  * Detected change in 'C:\\Users\\HP\\Downloads\\smartretry_screenshots_final\\.venv\\Lib\\site-packages\\pip\\_vendor\\tenacity\\before_sleep.py', reloading
2026-07-06 03:52:55,017 | INFO     | werkzeug |  * Detected change in 'C:\\Users\\HP\\Downloads\\smartretry_screenshots_final\\.venv\\Lib\\site-packages\\pip\\_vendor\\tenacity\\before_sleep.py', reloading
2026-07-06 03:52:55,025 | INFO     | werkzeug |  * Detected change in 'C:\\Users\\HP\\Downloads\\smartretry_screenshots_final\\.venv\\Lib\\site-packages\\pip\\_vendor\\tenacity\\nap.py', reloading
2026-07-06 03:52:55,025 | INFO     | werkzeug |  * Detected change in 'C:\\Users\\HP\\Downloads\\smartretry_screenshots_final\\.venv\\Lib\\site-packages\\pip\\_vendor\\tenacity\\nap.py', reloading
2026-07-06 03:52:55,058 | INFO     | werkzeug |  * Detected change in 'C:\\Users\\HP\\Downloads\\smartretry_screenshots_final\\.venv\\Lib\\site-packages\\pip\\_vendor\\tenacity\\retry.py', reloading
2026-07-06 03:52:55,058 | INFO     | werkzeug |  * Detected change in 'C:\\Users\\HP\\Downloads\\smartretry_screenshots_final\\.venv\\Lib\\site-packages\\pip\\_vendor\\tenacity\\retry.py', reloading
2026-07-06 03:52:55,073 | INFO     | werkzeug |  * Detected change in 'C:\\Users\\HP\\Downloads\\smartretry_screenshots_final\\.venv\\Lib\\site-packages\\pip\\_vendor\\tenacity\\stop.py', reloading
2026-07-06 03:52:55,073 | INFO     | werkzeug |  * Detected change in 'C:\\Users\\HP\\Downloads\\smartretry_screenshots_final\\.venv\\Lib\\site-packages\\pip\\_vendor\\tenacity\\stop.py', reloading
2026-07-06 03:52:55,090 | INFO     | werkzeug |  * Detected change in 'C:\\Users\\HP\\Downloads\\smartretry_screenshots_final\\.venv\\Lib\\site-packages\\pip\\_vendor\\tenacity\\tornadoweb.py', reloading
2026-07-06 03:52:55,091 | INFO     | werkzeug |  * Detected change in 'C:\\Users\\HP\\Downloads\\smartretry_screenshots_final\\.venv\\Lib\\site-packages\\pip\\_vendor\\tenacity\\tornadoweb.py', reloading
2026-07-06 03:52:55,116 | INFO     | werkzeug |  * Detected change in 'C:\\Users\\HP\\Downloads\\smartretry_screenshots_final\\.venv\\Lib\\site-packages\\pip\\_vendor\\tenacity\\wait.py', reloading
2026-07-06 03:52:55,116 | INFO     | werkzeug |  * Detected change in 'C:\\Users\\HP\\Downloads\\smartretry_screenshots_final\\.venv\\Lib\\site-packages\\pip\\_vendor\\tenacity\\wait.py', reloading
2026-07-06 03:52:55,125 | INFO     | werkzeug |  * Detected change in 'C:\\Users\\HP\\Downloads\\smartretry_screenshots_final\\.venv\\Lib\\site-packages\\pip\\_vendor\\tenacity\\_asyncio.py', reloading
2026-07-06 03:52:55,125 | INFO     | werkzeug |  * Detected change in 'C:\\Users\\HP\\Downloads\\smartretry_screenshots_final\\.venv\\Lib\\site-packages\\pip\\_vendor\\tenacity\\_asyncio.py', reloading
2026-07-06 03:52:55,158 | INFO     | werkzeug |  * Detected change in 'C:\\Users\\HP\\Downloads\\smartretry_screenshots_final\\.venv\\Lib\\site-packages\\pip\\_vendor\\tenacity\\_utils.py', reloading
2026-07-06 03:52:55,159 | INFO     | werkzeug |  * Detected change in 'C:\\Users\\HP\\Downloads\\smartretry_screenshots_final\\.venv\\Lib\\site-packages\\pip\\_vendor\\tenacity\\_utils.py', reloading
2026-07-06 03:52:55,206 | INFO     | werkzeug |  * Detected change in 'C:\\Users\\HP\\Downloads\\smartretry_screenshots_final\\.venv\\Lib\\site-packages\\pip\\_vendor\\tenacity\\__init__.py', reloading
2026-07-06 03:52:55,206 | INFO     | werkzeug |  * Detected change in 'C:\\Users\\HP\\Downloads\\smartretry_screenshots_final\\.venv\\Lib\\site-packages\\pip\\_vendor\\tenacity\\__init__.py', reloading
2026-07-06 03:52:55,465 | INFO     | werkzeug |  * Restarting with watchdog (windowsapi)
2026-07-06 03:52:55,483 | INFO     | werkzeug |  * Restarting with watchdog (windowsapi)
2026-07-06 03:52:56,114 | INFO     | database.db_manager | Database initialized at C:\Users\HP\Downloads\smartretry_screenshots_final\database\framework.db
2026-07-06 03:52:56,152 | INFO     | database.db_manager | Database initialized at C:\Users\HP\Downloads\smartretry_screenshots_final\database\framework.db
2026-07-06 03:52:56,204 | WARNING  | werkzeug |  * Debugger is active!
2026-07-06 03:52:56,225 | WARNING  | werkzeug |  * Debugger is active!
2026-07-06 03:52:56,239 | INFO     | werkzeug |  * Debugger PIN: 106-337-974
2026-07-06 03:52:56,263 | INFO     | werkzeug |  * Debugger PIN: 106-337-974
2026-07-06 03:52:56,535 | INFO     | werkzeug |  * Detected change in 'C:\\Users\\HP\\Downloads\\smartretry_screenshots_final\\.venv\\Lib\\site-packages\\pip\\_vendor\\urllib3\\connection.py', reloading
2026-07-06 03:52:56,535 | INFO     | werkzeug |  * Detected change in 'C:\\Users\\HP\\Downloads\\smartretry_screenshots_final\\.venv\\Lib\\site-packages\\pip\\_vendor\\urllib3\\connection.py', reloading
2026-07-06 03:52:56,548 | INFO     | werkzeug |  * Detected change in 'C:\\Users\\HP\\Downloads\\smartretry_screenshots_final\\.venv\\Lib\\site-packages\\pip\\_vendor\\urllib3\\connectionpool.py', reloading
2026-07-06 03:52:56,548 | INFO     | werkzeug |  * Detected change in 'C:\\Users\\HP\\Downloads\\smartretry_screenshots_final\\.venv\\Lib\\site-packages\\pip\\_vendor\\urllib3\\connectionpool.py', reloading
2026-07-06 03:52:56,557 | INFO     | werkzeug |  * Detected change in 'C:\\Users\\HP\\Downloads\\smartretry_screenshots_final\\.venv\\Lib\\site-packages\\pip\\_vendor\\urllib3\\exceptions.py', reloading
2026-07-06 03:52:56,557 | INFO     | werkzeug |  * Detected change in 'C:\\Users\\HP\\Downloads\\smartretry_screenshots_final\\.venv\\Lib\\site-packages\\pip\\_vendor\\urllib3\\exceptions.py', reloading
2026-07-06 03:52:56,569 | INFO     | werkzeug |  * Detected change in 'C:\\Users\\HP\\Downloads\\smartretry_screenshots_final\\.venv\\Lib\\site-packages\\pip\\_vendor\\urllib3\\fields.py', reloading
2026-07-06 03:52:56,569 | INFO     | werkzeug |  * Detected change in 'C:\\Users\\HP\\Downloads\\smartretry_screenshots_final\\.venv\\Lib\\site-packages\\pip\\_vendor\\urllib3\\fields.py', reloading
2026-07-06 03:52:56,582 | INFO     | werkzeug |  * Detected change in 'C:\\Users\\HP\\Downloads\\smartretry_screenshots_final\\.venv\\Lib\\site-packages\\pip\\_vendor\\urllib3\\filepost.py', reloading
2026-07-06 03:52:56,582 | INFO     | werkzeug |  * Detected change in 'C:\\Users\\HP\\Downloads\\smartretry_screenshots_final\\.venv\\Lib\\site-packages\\pip\\_vendor\\urllib3\\filepost.py', reloading
2026-07-06 03:52:56,612 | INFO     | werkzeug |  * Detected change in 'C:\\Users\\HP\\Downloads\\smartretry_screenshots_final\\.venv\\Lib\\site-packages\\pip\\_vendor\\urllib3\\poolmanager.py', reloading
2026-07-06 03:52:56,612 | INFO     | werkzeug |  * Detected change in 'C:\\Users\\HP\\Downloads\\smartretry_screenshots_final\\.venv\\Lib\\site-packages\\pip\\_vendor\\urllib3\\poolmanager.py', reloading
2026-07-06 03:52:56,707 | INFO     | werkzeug |  * Detected change in 'C:\\Users\\HP\\Downloads\\smartretry_screenshots_final\\.venv\\Lib\\site-packages\\pip\\_vendor\\urllib3\\request.py', reloading
2026-07-06 03:52:56,707 | INFO     | werkzeug |  * Detected change in 'C:\\Users\\HP\\Downloads\\smartretry_screenshots_final\\.venv\\Lib\\site-packages\\pip\\_vendor\\urllib3\\request.py', reloading
2026-07-06 03:52:56,789 | INFO     | werkzeug |  * Detected change in 'C:\\Users\\HP\\Downloads\\smartretry_screenshots_final\\.venv\\Lib\\site-packages\\pip\\_vendor\\urllib3\\response.py', reloading
2026-07-06 03:52:56,789 | INFO     | werkzeug |  * Detected change in 'C:\\Users\\HP\\Downloads\\smartretry_screenshots_final\\.venv\\Lib\\site-packages\\pip\\_vendor\\urllib3\\response.py', reloading
2026-07-06 03:52:56,835 | INFO     | werkzeug |  * Detected change in 'C:\\Users\\HP\\Downloads\\smartretry_screenshots_final\\.venv\\Lib\\site-packages\\pip\\_vendor\\urllib3\\_collections.py', reloading
2026-07-06 03:52:56,836 | INFO     | werkzeug |  * Detected change in 'C:\\Users\\HP\\Downloads\\smartretry_screenshots_final\\.venv\\Lib\\site-packages\\pip\\_vendor\\urllib3\\_collections.py', reloading
2026-07-06 03:52:56,884 | INFO     | werkzeug |  * Detected change in 'C:\\Users\\HP\\Downloads\\smartretry_screenshots_final\\.venv\\Lib\\site-packages\\pip\\_vendor\\urllib3\\_version.py', reloading
2026-07-06 03:52:56,884 | INFO     | werkzeug |  * Detected change in 'C:\\Users\\HP\\Downloads\\smartretry_screenshots_final\\.venv\\Lib\\site-packages\\pip\\_vendor\\urllib3\\_version.py', reloading
2026-07-06 03:52:56,914 | INFO     | werkzeug |  * Detected change in 'C:\\Users\\HP\\Downloads\\smartretry_screenshots_final\\.venv\\Lib\\site-packages\\pip\\_vendor\\urllib3\\__init__.py', reloading
2026-07-06 03:52:56,980 | INFO     | werkzeug |  * Detected change in 'C:\\Users\\HP\\Downloads\\smartretry_screenshots_final\\.venv\\Lib\\site-packages\\pip\\_vendor\\urllib3\\contrib\\appengine.py', reloading
2026-07-06 03:52:56,980 | INFO     | werkzeug |  * Detected change in 'C:\\Users\\HP\\Downloads\\smartretry_screenshots_final\\.venv\\Lib\\site-packages\\pip\\_vendor\\urllib3\\contrib\\appengine.py', reloading
2026-07-06 03:52:57,054 | INFO     | werkzeug |  * Detected change in 'C:\\Users\\HP\\Downloads\\smartretry_screenshots_final\\.venv\\Lib\\site-packages\\pip\\_vendor\\urllib3\\contrib\\ntlmpool.py', reloading
2026-07-06 03:52:57,090 | INFO     | werkzeug |  * Detected change in 'C:\\Users\\HP\\Downloads\\smartretry_screenshots_final\\.venv\\Lib\\site-packages\\pip\\_vendor\\urllib3\\contrib\\pyopenssl.py', reloading
2026-07-06 03:52:57,090 | INFO     | werkzeug |  * Detected change in 'C:\\Users\\HP\\Downloads\\smartretry_screenshots_final\\.venv\\Lib\\site-packages\\pip\\_vendor\\urllib3\\contrib\\pyopenssl.py', reloading
2026-07-06 03:52:57,135 | INFO     | werkzeug |  * Detected change in 'C:\\Users\\HP\\Downloads\\smartretry_screenshots_final\\.venv\\Lib\\site-packages\\pip\\_vendor\\urllib3\\contrib\\securetransport.py', reloading
2026-07-06 03:52:57,135 | INFO     | werkzeug |  * Detected change in 'C:\\Users\\HP\\Downloads\\smartretry_screenshots_final\\.venv\\Lib\\site-packages\\pip\\_vendor\\urllib3\\contrib\\securetransport.py', reloading
2026-07-06 03:52:57,189 | INFO     | werkzeug |  * Detected change in 'C:\\Users\\HP\\Downloads\\smartretry_screenshots_final\\.venv\\Lib\\site-packages\\pip\\_vendor\\urllib3\\contrib\\socks.py', reloading
2026-07-06 03:52:57,190 | INFO     | werkzeug |  * Detected change in 'C:\\Users\\HP\\Downloads\\smartretry_screenshots_final\\.venv\\Lib\\site-packages\\pip\\_vendor\\urllib3\\contrib\\socks.py', reloading
2026-07-06 03:52:57,241 | INFO     | werkzeug |  * Detected change in 'C:\\Users\\HP\\Downloads\\smartretry_screenshots_final\\.venv\\Lib\\site-packages\\pip\\_vendor\\urllib3\\contrib\\_appengine_environ.py', reloading
2026-07-06 03:52:57,241 | INFO     | werkzeug |  * Detected change in 'C:\\Users\\HP\\Downloads\\smartretry_screenshots_final\\.venv\\Lib\\site-packages\\pip\\_vendor\\urllib3\\contrib\\_appengine_environ.py', reloading
2026-07-06 03:52:57,292 | INFO     | werkzeug |  * Detected change in 'C:\\Users\\HP\\Downloads\\smartretry_screenshots_final\\.venv\\Lib\\site-packages\\pip\\_vendor\\urllib3\\contrib\\_securetransport\\bindings.py', reloading
2026-07-06 03:52:57,292 | INFO     | werkzeug |  * Detected change in 'C:\\Users\\HP\\Downloads\\smartretry_screenshots_final\\.venv\\Lib\\site-packages\\pip\\_vendor\\urllib3\\contrib\\_securetransport\\bindings.py', reloading
2026-07-06 03:52:57,312 | INFO     | werkzeug |  * Detected change in 'C:\\Users\\HP\\Downloads\\smartretry_screenshots_final\\.venv\\Lib\\site-packages\\pip\\_vendor\\urllib3\\contrib\\_securetransport\\low_level.py', reloading
2026-07-06 03:52:57,312 | INFO     | werkzeug |  * Detected change in 'C:\\Users\\HP\\Downloads\\smartretry_screenshots_final\\.venv\\Lib\\site-packages\\pip\\_vendor\\urllib3\\contrib\\_securetransport\\low_level.py', reloading
2026-07-06 03:52:57,426 | INFO     | werkzeug |  * Restarting with watchdog (windowsapi)
2026-07-06 03:52:57,496 | INFO     | werkzeug |  * Restarting with watchdog (windowsapi)
2026-07-06 03:52:58,014 | INFO     | database.db_manager | Database initialized at C:\Users\HP\Downloads\smartretry_screenshots_final\database\framework.db
2026-07-06 03:52:58,030 | INFO     | database.db_manager | Database initialized at C:\Users\HP\Downloads\smartretry_screenshots_final\database\framework.db
2026-07-06 03:52:58,062 | WARNING  | werkzeug |  * Debugger is active!
2026-07-06 03:52:58,071 | INFO     | werkzeug |  * Debugger PIN: 106-337-974
2026-07-06 03:52:58,077 | WARNING  | werkzeug |  * Debugger is active!
2026-07-06 03:52:58,097 | INFO     | werkzeug |  * Debugger PIN: 106-337-974
2026-07-06 03:52:58,114 | INFO     | werkzeug |  * Detected change in 'C:\\Users\\HP\\Downloads\\smartretry_screenshots_final\\.venv\\Lib\\site-packages\\pip\\_vendor\\urllib3\\util\\connection.py', reloading
2026-07-06 03:52:58,128 | INFO     | werkzeug |  * Detected change in 'C:\\Users\\HP\\Downloads\\smartretry_screenshots_final\\.venv\\Lib\\site-packages\\pip\\_vendor\\urllib3\\util\\proxy.py', reloading
2026-07-06 03:52:58,142 | INFO     | werkzeug |  * Detected change in 'C:\\Users\\HP\\Downloads\\smartretry_screenshots_final\\.venv\\Lib\\site-packages\\pip\\_vendor\\urllib3\\util\\queue.py', reloading
2026-07-06 03:52:58,144 | INFO     | werkzeug |  * Detected change in 'C:\\Users\\HP\\Downloads\\smartretry_screenshots_final\\.venv\\Lib\\site-packages\\pip\\_vendor\\urllib3\\util\\queue.py', reloading
2026-07-06 03:52:58,169 | INFO     | werkzeug |  * Detected change in 'C:\\Users\\HP\\Downloads\\smartretry_screenshots_final\\.venv\\Lib\\site-packages\\pip\\_vendor\\urllib3\\util\\request.py', reloading
2026-07-06 03:52:58,169 | INFO     | werkzeug |  * Detected change in 'C:\\Users\\HP\\Downloads\\smartretry_screenshots_final\\.venv\\Lib\\site-packages\\pip\\_vendor\\urllib3\\util\\request.py', reloading
2026-07-06 03:52:58,198 | INFO     | werkzeug |  * Detected change in 'C:\\Users\\HP\\Downloads\\smartretry_screenshots_final\\.venv\\Lib\\site-packages\\pip\\_vendor\\urllib3\\util\\response.py', reloading
2026-07-06 03:52:58,198 | INFO     | werkzeug |  * Detected change in 'C:\\Users\\HP\\Downloads\\smartretry_screenshots_final\\.venv\\Lib\\site-packages\\pip\\_vendor\\urllib3\\util\\response.py', reloading
2026-07-06 03:52:58,213 | INFO     | werkzeug |  * Detected change in 'C:\\Users\\HP\\Downloads\\smartretry_screenshots_final\\.venv\\Lib\\site-packages\\pip\\_vendor\\urllib3\\util\\retry.py', reloading
2026-07-06 03:52:58,214 | INFO     | werkzeug |  * Detected change in 'C:\\Users\\HP\\Downloads\\smartretry_screenshots_final\\.venv\\Lib\\site-packages\\pip\\_vendor\\urllib3\\util\\retry.py', reloading
2026-07-06 03:52:58,230 | INFO     | werkzeug |  * Detected change in 'C:\\Users\\HP\\Downloads\\smartretry_screenshots_final\\.venv\\Lib\\site-packages\\pip\\_vendor\\urllib3\\util\\ssltransport.py', reloading
2026-07-06 03:52:58,230 | INFO     | werkzeug |  * Detected change in 'C:\\Users\\HP\\Downloads\\smartretry_screenshots_final\\.venv\\Lib\\site-packages\\pip\\_vendor\\urllib3\\util\\ssltransport.py', reloading
2026-07-06 03:52:58,246 | INFO     | werkzeug |  * Detected change in 'C:\\Users\\HP\\Downloads\\smartretry_screenshots_final\\.venv\\Lib\\site-packages\\pip\\_vendor\\urllib3\\util\\ssl_.py', reloading
2026-07-06 03:52:58,246 | INFO     | werkzeug |  * Detected change in 'C:\\Users\\HP\\Downloads\\smartretry_screenshots_final\\.venv\\Lib\\site-packages\\pip\\_vendor\\urllib3\\util\\ssl_.py', reloading
2026-07-06 03:52:58,282 | INFO     | werkzeug |  * Detected change in 'C:\\Users\\HP\\Downloads\\smartretry_screenshots_final\\.venv\\Lib\\site-packages\\pip\\_vendor\\urllib3\\util\\ssl_match_hostname.py', reloading
2026-07-06 03:52:58,282 | INFO     | werkzeug |  * Detected change in 'C:\\Users\\HP\\Downloads\\smartretry_screenshots_final\\.venv\\Lib\\site-packages\\pip\\_vendor\\urllib3\\util\\ssl_match_hostname.py', reloading
2026-07-06 03:52:58,308 | INFO     | werkzeug |  * Detected change in 'C:\\Users\\HP\\Downloads\\smartretry_screenshots_final\\.venv\\Lib\\site-packages\\pip\\_vendor\\urllib3\\util\\timeout.py', reloading
2026-07-06 03:52:58,308 | INFO     | werkzeug |  * Detected change in 'C:\\Users\\HP\\Downloads\\smartretry_screenshots_final\\.venv\\Lib\\site-packages\\pip\\_vendor\\urllib3\\util\\timeout.py', reloading
2026-07-06 03:52:58,349 | INFO     | werkzeug |  * Detected change in 'C:\\Users\\HP\\Downloads\\smartretry_screenshots_final\\.venv\\Lib\\site-packages\\pip\\_vendor\\urllib3\\util\\url.py', reloading
2026-07-06 03:52:58,349 | INFO     | werkzeug |  * Detected change in 'C:\\Users\\HP\\Downloads\\smartretry_screenshots_final\\.venv\\Lib\\site-packages\\pip\\_vendor\\urllib3\\util\\url.py', reloading
2026-07-06 03:52:58,381 | INFO     | werkzeug |  * Detected change in 'C:\\Users\\HP\\Downloads\\smartretry_screenshots_final\\.venv\\Lib\\site-packages\\pip\\_vendor\\urllib3\\util\\wait.py', reloading
2026-07-06 03:52:58,381 | INFO     | werkzeug |  * Detected change in 'C:\\Users\\HP\\Downloads\\smartretry_screenshots_final\\.venv\\Lib\\site-packages\\pip\\_vendor\\urllib3\\util\\wait.py', reloading
2026-07-06 03:52:58,426 | INFO     | werkzeug |  * Detected change in 'C:\\Users\\HP\\Downloads\\smartretry_screenshots_final\\.venv\\Lib\\site-packages\\pip\\_vendor\\urllib3\\util\\__init__.py', reloading
2026-07-06 03:52:58,796 | INFO     | werkzeug |  * Detected change in 'C:\\Users\\HP\\Downloads\\smartretry_screenshots_final\\.venv\\Lib\\site-packages\\pip\\_vendor\\webencodings\\labels.py', reloading
2026-07-06 03:52:58,796 | INFO     | werkzeug |  * Detected change in 'C:\\Users\\HP\\Downloads\\smartretry_screenshots_final\\.venv\\Lib\\site-packages\\pip\\_vendor\\webencodings\\labels.py', reloading
2026-07-06 03:52:58,804 | INFO     | werkzeug |  * Detected change in 'C:\\Users\\HP\\Downloads\\smartretry_screenshots_final\\.venv\\Lib\\site-packages\\pip\\_vendor\\webencodings\\mklabels.py', reloading
2026-07-06 03:52:58,804 | INFO     | werkzeug |  * Detected change in 'C:\\Users\\HP\\Downloads\\smartretry_screenshots_final\\.venv\\Lib\\site-packages\\pip\\_vendor\\webencodings\\mklabels.py', reloading
2026-07-06 03:52:58,813 | INFO     | werkzeug |  * Detected change in 'C:\\Users\\HP\\Downloads\\smartretry_screenshots_final\\.venv\\Lib\\site-packages\\pip\\_vendor\\webencodings\\tests.py', reloading
2026-07-06 03:52:58,812 | INFO     | werkzeug |  * Detected change in 'C:\\Users\\HP\\Downloads\\smartretry_screenshots_final\\.venv\\Lib\\site-packages\\pip\\_vendor\\webencodings\\tests.py', reloading
2026-07-06 03:52:58,820 | INFO     | werkzeug |  * Detected change in 'C:\\Users\\HP\\Downloads\\smartretry_screenshots_final\\.venv\\Lib\\site-packages\\pip\\_vendor\\webencodings\\x_user_defined.py', reloading
2026-07-06 03:52:58,828 | INFO     | werkzeug |  * Detected change in 'C:\\Users\\HP\\Downloads\\smartretry_screenshots_final\\.venv\\Lib\\site-packages\\pip\\_vendor\\webencodings\\__init__.py', reloading
2026-07-06 03:52:58,829 | INFO     | werkzeug |  * Detected change in 'C:\\Users\\HP\\Downloads\\smartretry_screenshots_final\\.venv\\Lib\\site-packages\\pip\\_vendor\\webencodings\\__init__.py', reloading
2026-07-06 03:52:59,028 | INFO     | werkzeug |  * Detected change in 'C:\\Users\\HP\\Downloads\\smartretry_screenshots_final\\.venv\\Lib\\site-packages\\pkg_resources\\__init__.py', reloading
2026-07-06 03:52:59,028 | INFO     | werkzeug |  * Detected change in 'C:\\Users\\HP\\Downloads\\smartretry_screenshots_final\\.venv\\Lib\\site-packages\\pkg_resources\\__init__.py', reloading
2026-07-06 03:52:59,037 | INFO     | werkzeug |  * Detected change in 'C:\\Users\\HP\\Downloads\\smartretry_screenshots_final\\.venv\\Lib\\site-packages\\pkg_resources\\extern\\__init__.py', reloading
2026-07-06 03:52:59,037 | INFO     | werkzeug |  * Detected change in 'C:\\Users\\HP\\Downloads\\smartretry_screenshots_final\\.venv\\Lib\\site-packages\\pkg_resources\\extern\\__init__.py', reloading
2026-07-06 03:52:59,092 | INFO     | werkzeug |  * Detected change in 'C:\\Users\\HP\\Downloads\\smartretry_screenshots_final\\.venv\\Lib\\site-packages\\pkg_resources\\_vendor\\appdirs.py', reloading
2026-07-06 03:52:59,092 | INFO     | werkzeug |  * Detected change in 'C:\\Users\\HP\\Downloads\\smartretry_screenshots_final\\.venv\\Lib\\site-packages\\pkg_resources\\_vendor\\appdirs.py', reloading
2026-07-06 03:52:59,286 | INFO     | werkzeug |  * Restarting with watchdog (windowsapi)
2026-07-06 03:52:59,292 | INFO     | werkzeug |  * Restarting with watchdog (windowsapi)
2026-07-06 03:52:59,966 | INFO     | database.db_manager | Database initialized at C:\Users\HP\Downloads\smartretry_screenshots_final\database\framework.db
2026-07-06 03:52:59,988 | INFO     | database.db_manager | Database initialized at C:\Users\HP\Downloads\smartretry_screenshots_final\database\framework.db
2026-07-06 03:53:00,039 | WARNING  | werkzeug |  * Debugger is active!
2026-07-06 03:53:00,059 | INFO     | werkzeug |  * Debugger PIN: 106-337-974
2026-07-06 03:53:00,080 | WARNING  | werkzeug |  * Debugger is active!
2026-07-06 03:53:00,113 | INFO     | werkzeug |  * Debugger PIN: 106-337-974
2026-07-06 03:53:00,132 | INFO     | werkzeug |  * Detected change in 'C:\\Users\\HP\\Downloads\\smartretry_screenshots_final\\.venv\\Lib\\site-packages\\pkg_resources\\_vendor\\jaraco\\text\\__init__.py', reloading
2026-07-06 03:53:00,270 | INFO     | werkzeug |  * Detected change in 'C:\\Users\\HP\\Downloads\\smartretry_screenshots_final\\.venv\\Lib\\site-packages\\pkg_resources\\_vendor\\more_itertools\\more.py', reloading
2026-07-06 03:53:00,271 | INFO     | werkzeug |  * Detected change in 'C:\\Users\\HP\\Downloads\\smartretry_screenshots_final\\.venv\\Lib\\site-packages\\pkg_resources\\_vendor\\more_itertools\\more.py', reloading
2026-07-06 03:53:00,286 | INFO     | werkzeug |  * Detected change in 'C:\\Users\\HP\\Downloads\\smartretry_screenshots_final\\.venv\\Lib\\site-packages\\pkg_resources\\_vendor\\more_itertools\\recipes.py', reloading
2026-07-06 03:53:00,302 | INFO     | werkzeug |  * Detected change in 'C:\\Users\\HP\\Downloads\\smartretry_screenshots_final\\.venv\\Lib\\site-packages\\pkg_resources\\_vendor\\more_itertools\\__init__.py', reloading
2026-07-06 03:53:00,302 | INFO     | werkzeug |  * Detected change in 'C:\\Users\\HP\\Downloads\\smartretry_screenshots_final\\.venv\\Lib\\site-packages\\pkg_resources\\_vendor\\more_itertools\\__init__.py', reloading
2026-07-06 03:53:00,416 | INFO     | werkzeug |  * Detected change in 'C:\\Users\\HP\\Downloads\\smartretry_screenshots_final\\.venv\\Lib\\site-packages\\pkg_resources\\_vendor\\packaging\\markers.py', reloading
2026-07-06 03:53:00,416 | INFO     | werkzeug |  * Detected change in 'C:\\Users\\HP\\Downloads\\smartretry_screenshots_final\\.venv\\Lib\\site-packages\\pkg_resources\\_vendor\\packaging\\markers.py', reloading
2026-07-06 03:53:00,445 | INFO     | werkzeug |  * Detected change in 'C:\\Users\\HP\\Downloads\\smartretry_screenshots_final\\.venv\\Lib\\site-packages\\pkg_resources\\_vendor\\packaging\\requirements.py', reloading
2026-07-06 03:53:00,445 | INFO     | werkzeug |  * Detected change in 'C:\\Users\\HP\\Downloads\\smartretry_screenshots_final\\.venv\\Lib\\site-packages\\pkg_resources\\_vendor\\packaging\\requirements.py', reloading
2026-07-06 03:53:00,481 | INFO     | werkzeug |  * Detected change in 'C:\\Users\\HP\\Downloads\\smartretry_screenshots_final\\.venv\\Lib\\site-packages\\pkg_resources\\_vendor\\packaging\\specifiers.py', reloading
2026-07-06 03:53:00,481 | INFO     | werkzeug |  * Detected change in 'C:\\Users\\HP\\Downloads\\smartretry_screenshots_final\\.venv\\Lib\\site-packages\\pkg_resources\\_vendor\\packaging\\specifiers.py', reloading
2026-07-06 03:53:00,534 | INFO     | werkzeug |  * Detected change in 'C:\\Users\\HP\\Downloads\\smartretry_screenshots_final\\.venv\\Lib\\site-packages\\pkg_resources\\_vendor\\packaging\\tags.py', reloading
2026-07-06 03:53:00,534 | INFO     | werkzeug |  * Detected change in 'C:\\Users\\HP\\Downloads\\smartretry_screenshots_final\\.venv\\Lib\\site-packages\\pkg_resources\\_vendor\\packaging\\tags.py', reloading
2026-07-06 03:53:00,556 | INFO     | werkzeug |  * Detected change in 'C:\\Users\\HP\\Downloads\\smartretry_screenshots_final\\.venv\\Lib\\site-packages\\pkg_resources\\_vendor\\packaging\\utils.py', reloading
2026-07-06 03:53:00,556 | INFO     | werkzeug |  * Detected change in 'C:\\Users\\HP\\Downloads\\smartretry_screenshots_final\\.venv\\Lib\\site-packages\\pkg_resources\\_vendor\\packaging\\utils.py', reloading
2026-07-06 03:53:00,575 | INFO     | werkzeug |  * Detected change in 'C:\\Users\\HP\\Downloads\\smartretry_screenshots_final\\.venv\\Lib\\site-packages\\pkg_resources\\_vendor\\packaging\\version.py', reloading
2026-07-06 03:53:00,575 | INFO     | werkzeug |  * Detected change in 'C:\\Users\\HP\\Downloads\\smartretry_screenshots_final\\.venv\\Lib\\site-packages\\pkg_resources\\_vendor\\packaging\\version.py', reloading
2026-07-06 03:53:00,594 | INFO     | werkzeug |  * Detected change in 'C:\\Users\\HP\\Downloads\\smartretry_screenshots_final\\.venv\\Lib\\site-packages\\pkg_resources\\_vendor\\packaging\\_manylinux.py', reloading
2026-07-06 03:53:00,594 | INFO     | werkzeug |  * Detected change in 'C:\\Users\\HP\\Downloads\\smartretry_screenshots_final\\.venv\\Lib\\site-packages\\pkg_resources\\_vendor\\packaging\\_manylinux.py', reloading
2026-07-06 03:53:00,622 | INFO     | werkzeug |  * Detected change in 'C:\\Users\\HP\\Downloads\\smartretry_screenshots_final\\.venv\\Lib\\site-packages\\pkg_resources\\_vendor\\packaging\\_musllinux.py', reloading
2026-07-06 03:53:00,622 | INFO     | werkzeug |  * Detected change in 'C:\\Users\\HP\\Downloads\\smartretry_screenshots_final\\.venv\\Lib\\site-packages\\pkg_resources\\_vendor\\packaging\\_musllinux.py', reloading
2026-07-06 03:53:00,659 | INFO     | werkzeug |  * Detected change in 'C:\\Users\\HP\\Downloads\\smartretry_screenshots_final\\.venv\\Lib\\site-packages\\pkg_resources\\_vendor\\packaging\\_structures.py', reloading
2026-07-06 03:53:00,659 | INFO     | werkzeug |  * Detected change in 'C:\\Users\\HP\\Downloads\\smartretry_screenshots_final\\.venv\\Lib\\site-packages\\pkg_resources\\_vendor\\packaging\\_structures.py', reloading
2026-07-06 03:53:00,701 | INFO     | werkzeug |  * Detected change in 'C:\\Users\\HP\\Downloads\\smartretry_screenshots_final\\.venv\\Lib\\site-packages\\pkg_resources\\_vendor\\packaging\\__about__.py', reloading
2026-07-06 03:53:00,736 | INFO     | werkzeug |  * Detected change in 'C:\\Users\\HP\\Downloads\\smartretry_screenshots_final\\.venv\\Lib\\site-packages\\pkg_resources\\_vendor\\packaging\\__init__.py', reloading
2026-07-06 03:53:00,736 | INFO     | werkzeug |  * Detected change in 'C:\\Users\\HP\\Downloads\\smartretry_screenshots_final\\.venv\\Lib\\site-packages\\pkg_resources\\_vendor\\packaging\\__init__.py', reloading
2026-07-06 03:53:01,144 | INFO     | werkzeug |  * Detected change in 'C:\\Users\\HP\\Downloads\\smartretry_screenshots_final\\.venv\\Lib\\site-packages\\pkg_resources\\_vendor\\pyparsing\\actions.py', reloading
2026-07-06 03:53:01,291 | INFO     | werkzeug |  * Restarting with watchdog (windowsapi)
2026-07-06 03:53:01,315 | INFO     | werkzeug |  * Restarting with watchdog (windowsapi)
2026-07-06 03:53:01,726 | INFO     | database.db_manager | Database initialized at C:\Users\HP\Downloads\smartretry_screenshots_final\database\framework.db
2026-07-06 03:53:01,746 | INFO     | database.db_manager | Database initialized at C:\Users\HP\Downloads\smartretry_screenshots_final\database\framework.db
2026-07-06 03:53:01,762 | WARNING  | werkzeug |  * Debugger is active!
2026-07-06 03:53:01,769 | INFO     | werkzeug |  * Debugger PIN: 106-337-974
2026-07-06 03:53:01,771 | WARNING  | werkzeug |  * Debugger is active!
2026-07-06 03:53:01,779 | INFO     | werkzeug |  * Debugger PIN: 106-337-974
2026-07-06 03:53:01,835 | INFO     | werkzeug |  * Detected change in 'C:\\Users\\HP\\Downloads\\smartretry_screenshots_final\\.venv\\Lib\\site-packages\\pycparser\\ast_transforms.py', reloading
2026-07-06 03:53:01,836 | INFO     | werkzeug |  * Detected change in 'C:\\Users\\HP\\Downloads\\smartretry_screenshots_final\\.venv\\Lib\\site-packages\\pycparser\\ast_transforms.py', reloading
2026-07-06 03:53:01,847 | INFO     | werkzeug |  * Detected change in 'C:\\Users\\HP\\Downloads\\smartretry_screenshots_final\\.venv\\Lib\\site-packages\\pycparser\\c_ast.py', reloading
2026-07-06 03:53:01,847 | INFO     | werkzeug |  * Detected change in 'C:\\Users\\HP\\Downloads\\smartretry_screenshots_final\\.venv\\Lib\\site-packages\\pycparser\\c_ast.py', reloading
2026-07-06 03:53:01,858 | INFO     | werkzeug |  * Detected change in 'C:\\Users\\HP\\Downloads\\smartretry_screenshots_final\\.venv\\Lib\\site-packages\\pycparser\\c_generator.py', reloading
2026-07-06 03:53:01,871 | INFO     | werkzeug |  * Detected change in 'C:\\Users\\HP\\Downloads\\smartretry_screenshots_final\\.venv\\Lib\\site-packages\\pycparser\\c_lexer.py', reloading
2026-07-06 03:53:01,872 | INFO     | werkzeug |  * Detected change in 'C:\\Users\\HP\\Downloads\\smartretry_screenshots_final\\.venv\\Lib\\site-packages\\pycparser\\c_lexer.py', reloading
2026-07-06 03:53:01,886 | INFO     | werkzeug |  * Detected change in 'C:\\Users\\HP\\Downloads\\smartretry_screenshots_final\\.venv\\Lib\\site-packages\\pycparser\\c_parser.py', reloading
2026-07-06 03:53:01,898 | INFO     | werkzeug |  * Detected change in 'C:\\Users\\HP\\Downloads\\smartretry_screenshots_final\\.venv\\Lib\\site-packages\\pycparser\\_ast_gen.py', reloading
2026-07-06 03:53:01,898 | INFO     | werkzeug |  * Detected change in 'C:\\Users\\HP\\Downloads\\smartretry_screenshots_final\\.venv\\Lib\\site-packages\\pycparser\\_ast_gen.py', reloading
2026-07-06 03:53:01,922 | INFO     | werkzeug |  * Detected change in 'C:\\Users\\HP\\Downloads\\smartretry_screenshots_final\\.venv\\Lib\\site-packages\\pycparser\\__init__.py', reloading
2026-07-06 03:53:02,235 | INFO     | werkzeug |  * Detected change in 'C:\\Users\\HP\\Downloads\\smartretry_screenshots_final\\.venv\\Lib\\site-packages\\requests\\adapters.py', reloading
2026-07-06 03:53:02,235 | INFO     | werkzeug |  * Detected change in 'C:\\Users\\HP\\Downloads\\smartretry_screenshots_final\\.venv\\Lib\\site-packages\\requests\\adapters.py', reloading
2026-07-06 03:53:02,243 | INFO     | werkzeug |  * Detected change in 'C:\\Users\\HP\\Downloads\\smartretry_screenshots_final\\.venv\\Lib\\site-packages\\requests\\api.py', reloading
2026-07-06 03:53:02,243 | INFO     | werkzeug |  * Detected change in 'C:\\Users\\HP\\Downloads\\smartretry_screenshots_final\\.venv\\Lib\\site-packages\\requests\\api.py', reloading
2026-07-06 03:53:02,253 | INFO     | werkzeug |  * Detected change in 'C:\\Users\\HP\\Downloads\\smartretry_screenshots_final\\.venv\\Lib\\site-packages\\requests\\auth.py', reloading
2026-07-06 03:53:02,253 | INFO     | werkzeug |  * Detected change in 'C:\\Users\\HP\\Downloads\\smartretry_screenshots_final\\.venv\\Lib\\site-packages\\requests\\auth.py', reloading
2026-07-06 03:53:02,262 | INFO     | werkzeug |  * Detected change in 'C:\\Users\\HP\\Downloads\\smartretry_screenshots_final\\.venv\\Lib\\site-packages\\requests\\certs.py', reloading
2026-07-06 03:53:02,262 | INFO     | werkzeug |  * Detected change in 'C:\\Users\\HP\\Downloads\\smartretry_screenshots_final\\.venv\\Lib\\site-packages\\requests\\certs.py', reloading
2026-07-06 03:53:02,270 | INFO     | werkzeug |  * Detected change in 'C:\\Users\\HP\\Downloads\\smartretry_screenshots_final\\.venv\\Lib\\site-packages\\requests\\compat.py', reloading
2026-07-06 03:53:02,270 | INFO     | werkzeug |  * Detected change in 'C:\\Users\\HP\\Downloads\\smartretry_screenshots_final\\.venv\\Lib\\site-packages\\requests\\compat.py', reloading
2026-07-06 03:53:02,279 | INFO     | werkzeug |  * Detected change in 'C:\\Users\\HP\\Downloads\\smartretry_screenshots_final\\.venv\\Lib\\site-packages\\requests\\cookies.py', reloading
2026-07-06 03:53:02,288 | INFO     | werkzeug |  * Detected change in 'C:\\Users\\HP\\Downloads\\smartretry_screenshots_final\\.venv\\Lib\\site-packages\\requests\\exceptions.py', reloading
2026-07-06 03:53:02,288 | INFO     | werkzeug |  * Detected change in 'C:\\Users\\HP\\Downloads\\smartretry_screenshots_final\\.venv\\Lib\\site-packages\\requests\\exceptions.py', reloading
2026-07-06 03:53:02,298 | INFO     | werkzeug |  * Detected change in 'C:\\Users\\HP\\Downloads\\smartretry_screenshots_final\\.venv\\Lib\\site-packages\\requests\\help.py', reloading
2026-07-06 03:53:02,309 | INFO     | werkzeug |  * Detected change in 'C:\\Users\\HP\\Downloads\\smartretry_screenshots_final\\.venv\\Lib\\site-packages\\requests\\hooks.py', reloading
2026-07-06 03:53:02,309 | INFO     | werkzeug |  * Detected change in 'C:\\Users\\HP\\Downloads\\smartretry_screenshots_final\\.venv\\Lib\\site-packages\\requests\\hooks.py', reloading
2026-07-06 03:53:02,320 | INFO     | werkzeug |  * Detected change in 'C:\\Users\\HP\\Downloads\\smartretry_screenshots_final\\.venv\\Lib\\site-packages\\requests\\models.py', reloading
2026-07-06 03:53:02,320 | INFO     | werkzeug |  * Detected change in 'C:\\Users\\HP\\Downloads\\smartretry_screenshots_final\\.venv\\Lib\\site-packages\\requests\\models.py', reloading
2026-07-06 03:53:02,332 | INFO     | werkzeug |  * Detected change in 'C:\\Users\\HP\\Downloads\\smartretry_screenshots_final\\.venv\\Lib\\site-packages\\requests\\packages.py', reloading
2026-07-06 03:53:02,332 | INFO     | werkzeug |  * Detected change in 'C:\\Users\\HP\\Downloads\\smartretry_screenshots_final\\.venv\\Lib\\site-packages\\requests\\packages.py', reloading
2026-07-06 03:53:02,346 | INFO     | werkzeug |  * Detected change in 'C:\\Users\\HP\\Downloads\\smartretry_screenshots_final\\.venv\\Lib\\site-packages\\requests\\sessions.py', reloading
2026-07-06 03:53:02,346 | INFO     | werkzeug |  * Detected change in 'C:\\Users\\HP\\Downloads\\smartretry_screenshots_final\\.venv\\Lib\\site-packages\\requests\\sessions.py', reloading
2026-07-06 03:53:02,355 | INFO     | werkzeug |  * Detected change in 'C:\\Users\\HP\\Downloads\\smartretry_screenshots_final\\.venv\\Lib\\site-packages\\requests\\status_codes.py', reloading
2026-07-06 03:53:02,367 | INFO     | werkzeug |  * Detected change in 'C:\\Users\\HP\\Downloads\\smartretry_screenshots_final\\.venv\\Lib\\site-packages\\requests\\structures.py', reloading
2026-07-06 03:53:02,367 | INFO     | werkzeug |  * Detected change in 'C:\\Users\\HP\\Downloads\\smartretry_screenshots_final\\.venv\\Lib\\site-packages\\requests\\structures.py', reloading
2026-07-06 03:53:02,381 | INFO     | werkzeug |  * Detected change in 'C:\\Users\\HP\\Downloads\\smartretry_screenshots_final\\.venv\\Lib\\site-packages\\requests\\utils.py', reloading
2026-07-06 03:53:02,381 | INFO     | werkzeug |  * Detected change in 'C:\\Users\\HP\\Downloads\\smartretry_screenshots_final\\.venv\\Lib\\site-packages\\requests\\utils.py', reloading
2026-07-06 03:53:02,389 | INFO     | werkzeug |  * Detected change in 'C:\\Users\\HP\\Downloads\\smartretry_screenshots_final\\.venv\\Lib\\site-packages\\requests\\_internal_utils.py', reloading
2026-07-06 03:53:02,389 | INFO     | werkzeug |  * Detected change in 'C:\\Users\\HP\\Downloads\\smartretry_screenshots_final\\.venv\\Lib\\site-packages\\requests\\_internal_utils.py', reloading
2026-07-06 03:53:02,400 | INFO     | werkzeug |  * Detected change in 'C:\\Users\\HP\\Downloads\\smartretry_screenshots_final\\.venv\\Lib\\site-packages\\requests\\_types.py', reloading
2026-07-06 03:53:02,409 | INFO     | werkzeug |  * Detected change in 'C:\\Users\\HP\\Downloads\\smartretry_screenshots_final\\.venv\\Lib\\site-packages\\requests\\__init__.py', reloading
2026-07-06 03:53:02,409 | INFO     | werkzeug |  * Detected change in 'C:\\Users\\HP\\Downloads\\smartretry_screenshots_final\\.venv\\Lib\\site-packages\\requests\\__init__.py', reloading
2026-07-06 03:53:02,423 | INFO     | werkzeug |  * Detected change in 'C:\\Users\\HP\\Downloads\\smartretry_screenshots_final\\.venv\\Lib\\site-packages\\requests\\__version__.py', reloading
2026-07-06 03:53:02,624 | INFO     | werkzeug |  * Detected change in 'C:\\Users\\HP\\Downloads\\smartretry_screenshots_final\\.venv\\Lib\\site-packages\\selenium\\types.py', reloading
2026-07-06 03:53:02,624 | INFO     | werkzeug |  * Detected change in 'C:\\Users\\HP\\Downloads\\smartretry_screenshots_final\\.venv\\Lib\\site-packages\\selenium\\types.py', reloading
2026-07-06 03:53:02,633 | INFO     | werkzeug |  * Detected change in 'C:\\Users\\HP\\Downloads\\smartretry_screenshots_final\\.venv\\Lib\\site-packages\\selenium\\__init__.py', reloading
2026-07-06 03:53:02,633 | INFO     | werkzeug |  * Detected change in 'C:\\Users\\HP\\Downloads\\smartretry_screenshots_final\\.venv\\Lib\\site-packages\\selenium\\__init__.py', reloading
2026-07-06 03:53:02,638 | INFO     | werkzeug |  * Detected change in 'C:\\Users\\HP\\Downloads\\smartretry_screenshots_final\\.venv\\Lib\\site-packages\\selenium\\common\\exceptions.py', reloading
2026-07-06 03:53:02,639 | INFO     | werkzeug |  * Detected change in 'C:\\Users\\HP\\Downloads\\smartretry_screenshots_final\\.venv\\Lib\\site-packages\\selenium\\common\\exceptions.py', reloading
2026-07-06 03:53:02,651 | INFO     | werkzeug |  * Detected change in 'C:\\Users\\HP\\Downloads\\smartretry_screenshots_final\\.venv\\Lib\\site-packages\\selenium\\common\\__init__.py', reloading
2026-07-06 03:53:02,651 | INFO     | werkzeug |  * Detected change in 'C:\\Users\\HP\\Downloads\\smartretry_screenshots_final\\.venv\\Lib\\site-packages\\selenium\\common\\__init__.py', reloading
2026-07-06 03:53:02,672 | INFO     | werkzeug |  * Detected change in 'C:\\Users\\HP\\Downloads\\smartretry_screenshots_final\\.venv\\Lib\\site-packages\\selenium\\webdriver\\__init__.py', reloading
2026-07-06 03:53:02,672 | INFO     | werkzeug |  * Detected change in 'C:\\Users\\HP\\Downloads\\smartretry_screenshots_final\\.venv\\Lib\\site-packages\\selenium\\webdriver\\__init__.py', reloading
2026-07-06 03:53:02,683 | INFO     | werkzeug |  * Detected change in 'C:\\Users\\HP\\Downloads\\smartretry_screenshots_final\\.venv\\Lib\\site-packages\\selenium\\webdriver\\chrome\\options.py', reloading
2026-07-06 03:53:02,683 | INFO     | werkzeug |  * Detected change in 'C:\\Users\\HP\\Downloads\\smartretry_screenshots_final\\.venv\\Lib\\site-packages\\selenium\\webdriver\\chrome\\options.py', reloading
2026-07-06 03:53:02,688 | INFO     | werkzeug |  * Detected change in 'C:\\Users\\HP\\Downloads\\smartretry_screenshots_final\\.venv\\Lib\\site-packages\\selenium\\webdriver\\chrome\\remote_connection.py', reloading
2026-07-06 03:53:02,688 | INFO     | werkzeug |  * Detected change in 'C:\\Users\\HP\\Downloads\\smartretry_screenshots_final\\.venv\\Lib\\site-packages\\selenium\\webdriver\\chrome\\remote_connection.py', reloading
2026-07-06 03:53:02,698 | INFO     | werkzeug |  * Detected change in 'C:\\Users\\HP\\Downloads\\smartretry_screenshots_final\\.venv\\Lib\\site-packages\\selenium\\webdriver\\chrome\\service.py', reloading
2026-07-06 03:53:02,704 | INFO     | werkzeug |  * Detected change in 'C:\\Users\\HP\\Downloads\\smartretry_screenshots_final\\.venv\\Lib\\site-packages\\selenium\\webdriver\\chrome\\webdriver.py', reloading
2026-07-06 03:53:02,704 | INFO     | werkzeug |  * Detected change in 'C:\\Users\\HP\\Downloads\\smartretry_screenshots_final\\.venv\\Lib\\site-packages\\selenium\\webdriver\\chrome\\webdriver.py', reloading
2026-07-06 03:53:02,714 | INFO     | werkzeug |  * Detected change in 'C:\\Users\\HP\\Downloads\\smartretry_screenshots_final\\.venv\\Lib\\site-packages\\selenium\\webdriver\\chrome\\__init__.py', reloading
2026-07-06 03:53:02,714 | INFO     | werkzeug |  * Detected change in 'C:\\Users\\HP\\Downloads\\smartretry_screenshots_final\\.venv\\Lib\\site-packages\\selenium\\webdriver\\chrome\\__init__.py', reloading
2026-07-06 03:53:02,772 | INFO     | werkzeug |  * Detected change in 'C:\\Users\\HP\\Downloads\\smartretry_screenshots_final\\.venv\\Lib\\site-packages\\selenium\\webdriver\\chromium\\options.py', reloading
2026-07-06 03:53:02,772 | INFO     | werkzeug |  * Detected change in 'C:\\Users\\HP\\Downloads\\smartretry_screenshots_final\\.venv\\Lib\\site-packages\\selenium\\webdriver\\chromium\\options.py', reloading
2026-07-06 03:53:02,786 | INFO     | werkzeug |  * Detected change in 'C:\\Users\\HP\\Downloads\\smartretry_screenshots_final\\.venv\\Lib\\site-packages\\selenium\\webdriver\\chromium\\remote_connection.py', reloading
2026-07-06 03:53:02,787 | INFO     | werkzeug |  * Detected change in 'C:\\Users\\HP\\Downloads\\smartretry_screenshots_final\\.venv\\Lib\\site-packages\\selenium\\webdriver\\chromium\\remote_connection.py', reloading
2026-07-06 03:53:02,800 | INFO     | werkzeug |  * Detected change in 'C:\\Users\\HP\\Downloads\\smartretry_screenshots_final\\.venv\\Lib\\site-packages\\selenium\\webdriver\\chromium\\service.py', reloading
2026-07-06 03:53:02,888 | INFO     | werkzeug |  * Restarting with watchdog (windowsapi)
2026-07-06 03:53:02,903 | INFO     | werkzeug |  * Restarting with watchdog (windowsapi)
2026-07-06 03:53:03,280 | INFO     | database.db_manager | Database initialized at C:\Users\HP\Downloads\smartretry_screenshots_final\database\framework.db
2026-07-06 03:53:03,297 | INFO     | database.db_manager | Database initialized at C:\Users\HP\Downloads\smartretry_screenshots_final\database\framework.db
2026-07-06 03:53:03,317 | WARNING  | werkzeug |  * Debugger is active!
2026-07-06 03:53:03,325 | INFO     | werkzeug |  * Debugger PIN: 106-337-974
2026-07-06 03:53:03,334 | WARNING  | werkzeug |  * Debugger is active!
2026-07-06 03:53:03,342 | INFO     | werkzeug |  * Debugger PIN: 106-337-974
2026-07-06 03:53:03,376 | INFO     | werkzeug |  * Detected change in 'C:\\Users\\HP\\Downloads\\smartretry_screenshots_final\\.venv\\Lib\\site-packages\\selenium\\webdriver\\common\\actions\\input_device.py', reloading
2026-07-06 03:53:03,376 | INFO     | werkzeug |  * Detected change in 'C:\\Users\\HP\\Downloads\\smartretry_screenshots_final\\.venv\\Lib\\site-packages\\selenium\\webdriver\\common\\actions\\input_device.py', reloading
2026-07-06 03:53:03,394 | INFO     | werkzeug |  * Detected change in 'C:\\Users\\HP\\Downloads\\smartretry_screenshots_final\\.venv\\Lib\\site-packages\\selenium\\webdriver\\common\\actions\\interaction.py', reloading
2026-07-06 03:53:03,421 | INFO     | werkzeug |  * Detected change in 'C:\\Users\\HP\\Downloads\\smartretry_screenshots_final\\.venv\\Lib\\site-packages\\selenium\\webdriver\\common\\actions\\key_actions.py', reloading
2026-07-06 03:53:03,421 | INFO     | werkzeug |  * Detected change in 'C:\\Users\\HP\\Downloads\\smartretry_screenshots_final\\.venv\\Lib\\site-packages\\selenium\\webdriver\\common\\actions\\key_actions.py', reloading
2026-07-06 03:53:03,436 | INFO     | werkzeug |  * Detected change in 'C:\\Users\\HP\\Downloads\\smartretry_screenshots_final\\.venv\\Lib\\site-packages\\selenium\\webdriver\\common\\actions\\key_input.py', reloading
2026-07-06 03:53:03,448 | INFO     | werkzeug |  * Detected change in 'C:\\Users\\HP\\Downloads\\smartretry_screenshots_final\\.venv\\Lib\\site-packages\\selenium\\webdriver\\common\\actions\\mouse_button.py', reloading
2026-07-06 03:53:03,448 | INFO     | werkzeug |  * Detected change in 'C:\\Users\\HP\\Downloads\\smartretry_screenshots_final\\.venv\\Lib\\site-packages\\selenium\\webdriver\\common\\actions\\mouse_button.py', reloading
2026-07-06 03:53:03,458 | INFO     | werkzeug |  * Detected change in 'C:\\Users\\HP\\Downloads\\smartretry_screenshots_final\\.venv\\Lib\\site-packages\\selenium\\webdriver\\common\\actions\\pointer_actions.py', reloading
2026-07-06 03:53:03,458 | INFO     | werkzeug |  * Detected change in 'C:\\Users\\HP\\Downloads\\smartretry_screenshots_final\\.venv\\Lib\\site-packages\\selenium\\webdriver\\common\\actions\\pointer_actions.py', reloading
2026-07-06 03:53:03,471 | INFO     | werkzeug |  * Detected change in 'C:\\Users\\HP\\Downloads\\smartretry_screenshots_final\\.venv\\Lib\\site-packages\\selenium\\webdriver\\common\\actions\\pointer_input.py', reloading
2026-07-06 03:53:03,471 | INFO     | werkzeug |  * Detected change in 'C:\\Users\\HP\\Downloads\\smartretry_screenshots_final\\.venv\\Lib\\site-packages\\selenium\\webdriver\\common\\actions\\pointer_input.py', reloading
2026-07-06 03:53:03,483 | INFO     | werkzeug |  * Detected change in 'C:\\Users\\HP\\Downloads\\smartretry_screenshots_final\\.venv\\Lib\\site-packages\\selenium\\webdriver\\common\\actions\\wheel_actions.py', reloading
2026-07-06 03:53:03,483 | INFO     | werkzeug |  * Detected change in 'C:\\Users\\HP\\Downloads\\smartretry_screenshots_final\\.venv\\Lib\\site-packages\\selenium\\webdriver\\common\\actions\\wheel_actions.py', reloading
2026-07-06 03:53:03,491 | INFO     | werkzeug |  * Detected change in 'C:\\Users\\HP\\Downloads\\smartretry_screenshots_final\\.venv\\Lib\\site-packages\\selenium\\webdriver\\common\\actions\\wheel_input.py', reloading
2026-07-06 03:53:03,491 | INFO     | werkzeug |  * Detected change in 'C:\\Users\\HP\\Downloads\\smartretry_screenshots_final\\.venv\\Lib\\site-packages\\selenium\\webdriver\\common\\actions\\wheel_input.py', reloading
2026-07-06 03:53:03,500 | INFO     | werkzeug |  * Detected change in 'C:\\Users\\HP\\Downloads\\smartretry_screenshots_final\\.venv\\Lib\\site-packages\\selenium\\webdriver\\common\\actions\\__init__.py', reloading
2026-07-06 03:53:03,500 | INFO     | werkzeug |  * Detected change in 'C:\\Users\\HP\\Downloads\\smartretry_screenshots_final\\.venv\\Lib\\site-packages\\selenium\\webdriver\\common\\actions\\__init__.py', reloading
2026-07-06 03:53:03,633 | INFO     | werkzeug |  * Detected change in 'C:\\Users\\HP\\Downloads\\smartretry_screenshots_final\\.venv\\Lib\\site-packages\\selenium\\webdriver\\common\\bidi\\cdp.py', reloading
2026-07-06 03:53:03,634 | INFO     | werkzeug |  * Detected change in 'C:\\Users\\HP\\Downloads\\smartretry_screenshots_final\\.venv\\Lib\\site-packages\\selenium\\webdriver\\common\\bidi\\cdp.py', reloading
2026-07-06 03:53:03,640 | INFO     | werkzeug |  * Detected change in 'C:\\Users\\HP\\Downloads\\smartretry_screenshots_final\\.venv\\Lib\\site-packages\\selenium\\webdriver\\common\\bidi\\console.py', reloading
2026-07-06 03:53:03,641 | INFO     | werkzeug |  * Detected change in 'C:\\Users\\HP\\Downloads\\smartretry_screenshots_final\\.venv\\Lib\\site-packages\\selenium\\webdriver\\common\\bidi\\console.py', reloading
2026-07-06 03:53:03,656 | INFO     | werkzeug |  * Detected change in 'C:\\Users\\HP\\Downloads\\smartretry_screenshots_final\\.venv\\Lib\\site-packages\\selenium\\webdriver\\common\\bidi\\script.py', reloading
2026-07-06 03:53:03,665 | INFO     | werkzeug |  * Detected change in 'C:\\Users\\HP\\Downloads\\smartretry_screenshots_final\\.venv\\Lib\\site-packages\\selenium\\webdriver\\common\\bidi\\session.py', reloading
2026-07-06 03:53:03,665 | INFO     | werkzeug |  * Detected change in 'C:\\Users\\HP\\Downloads\\smartretry_screenshots_final\\.venv\\Lib\\site-packages\\selenium\\webdriver\\common\\bidi\\session.py', reloading
2026-07-06 03:53:03,675 | INFO     | werkzeug |  * Detected change in 'C:\\Users\\HP\\Downloads\\smartretry_screenshots_final\\.venv\\Lib\\site-packages\\selenium\\webdriver\\common\\bidi\\__init__.py', reloading
2026-07-06 03:53:03,675 | INFO     | werkzeug |  * Detected change in 'C:\\Users\\HP\\Downloads\\smartretry_screenshots_final\\.venv\\Lib\\site-packages\\selenium\\webdriver\\common\\bidi\\__init__.py', reloading
2026-07-06 03:53:03,733 | INFO     | werkzeug |  * Detected change in 'C:\\Users\\HP\\Downloads\\smartretry_screenshots_final\\.venv\\Lib\\site-packages\\selenium\\webdriver\\common\\devtools\\v125\\accessibility.py', reloading
2026-07-06 03:53:03,733 | INFO     | werkzeug |  * Detected change in 'C:\\Users\\HP\\Downloads\\smartretry_screenshots_final\\.venv\\Lib\\site-packages\\selenium\\webdriver\\common\\devtools\\v125\\accessibility.py', reloading
2026-07-06 03:53:03,740 | INFO     | werkzeug |  * Detected change in 'C:\\Users\\HP\\Downloads\\smartretry_screenshots_final\\.venv\\Lib\\site-packages\\selenium\\webdriver\\common\\devtools\\v125\\animation.py', reloading
2026-07-06 03:53:03,740 | INFO     | werkzeug |  * Detected change in 'C:\\Users\\HP\\Downloads\\smartretry_screenshots_final\\.venv\\Lib\\site-packages\\selenium\\webdriver\\common\\devtools\\v125\\animation.py', reloading
2026-07-06 03:53:03,754 | INFO     | werkzeug |  * Detected change in 'C:\\Users\\HP\\Downloads\\smartretry_screenshots_final\\.venv\\Lib\\site-packages\\selenium\\webdriver\\common\\devtools\\v125\\audits.py', reloading
2026-07-06 03:53:03,754 | INFO     | werkzeug |  * Detected change in 'C:\\Users\\HP\\Downloads\\smartretry_screenshots_final\\.venv\\Lib\\site-packages\\selenium\\webdriver\\common\\devtools\\v125\\audits.py', reloading
2026-07-06 03:53:03,763 | INFO     | werkzeug |  * Detected change in 'C:\\Users\\HP\\Downloads\\smartretry_screenshots_final\\.venv\\Lib\\site-packages\\selenium\\webdriver\\common\\devtools\\v125\\autofill.py', reloading
2026-07-06 03:53:03,773 | INFO     | werkzeug |  * Detected change in 'C:\\Users\\HP\\Downloads\\smartretry_screenshots_final\\.venv\\Lib\\site-packages\\selenium\\webdriver\\common\\devtools\\v125\\background_service.py', reloading
2026-07-06 03:53:03,773 | INFO     | werkzeug |  * Detected change in 'C:\\Users\\HP\\Downloads\\smartretry_screenshots_final\\.venv\\Lib\\site-packages\\selenium\\webdriver\\common\\devtools\\v125\\background_service.py', reloading
2026-07-06 03:53:03,782 | INFO     | werkzeug |  * Detected change in 'C:\\Users\\HP\\Downloads\\smartretry_screenshots_final\\.venv\\Lib\\site-packages\\selenium\\webdriver\\common\\devtools\\v125\\browser.py', reloading
2026-07-06 03:53:03,783 | INFO     | werkzeug |  * Detected change in 'C:\\Users\\HP\\Downloads\\smartretry_screenshots_final\\.venv\\Lib\\site-packages\\selenium\\webdriver\\common\\devtools\\v125\\browser.py', reloading
2026-07-06 03:53:03,789 | INFO     | werkzeug |  * Detected change in 'C:\\Users\\HP\\Downloads\\smartretry_screenshots_final\\.venv\\Lib\\site-packages\\selenium\\webdriver\\common\\devtools\\v125\\cache_storage.py', reloading
2026-07-06 03:53:03,790 | INFO     | werkzeug |  * Detected change in 'C:\\Users\\HP\\Downloads\\smartretry_screenshots_final\\.venv\\Lib\\site-packages\\selenium\\webdriver\\common\\devtools\\v125\\cache_storage.py', reloading
2026-07-06 03:53:03,805 | INFO     | werkzeug |  * Detected change in 'C:\\Users\\HP\\Downloads\\smartretry_screenshots_final\\.venv\\Lib\\site-packages\\selenium\\webdriver\\common\\devtools\\v125\\cast.py', reloading
2026-07-06 03:53:03,818 | INFO     | werkzeug |  * Detected change in 'C:\\Users\\HP\\Downloads\\smartretry_screenshots_final\\.venv\\Lib\\site-packages\\selenium\\webdriver\\common\\devtools\\v125\\console.py', reloading
2026-07-06 03:53:03,818 | INFO     | werkzeug |  * Detected change in 'C:\\Users\\HP\\Downloads\\smartretry_screenshots_final\\.venv\\Lib\\site-packages\\selenium\\webdriver\\common\\devtools\\v125\\console.py', reloading
2026-07-06 03:53:03,824 | INFO     | werkzeug |  * Detected change in 'C:\\Users\\HP\\Downloads\\smartretry_screenshots_final\\.venv\\Lib\\site-packages\\selenium\\webdriver\\common\\devtools\\v125\\css.py', reloading
2026-07-06 03:53:03,824 | INFO     | werkzeug |  * Detected change in 'C:\\Users\\HP\\Downloads\\smartretry_screenshots_final\\.venv\\Lib\\site-packages\\selenium\\webdriver\\common\\devtools\\v125\\css.py', reloading
2026-07-06 03:53:03,835 | INFO     | werkzeug |  * Detected change in 'C:\\Users\\HP\\Downloads\\smartretry_screenshots_final\\.venv\\Lib\\site-packages\\selenium\\webdriver\\common\\devtools\\v125\\database.py', reloading
2026-07-06 03:53:03,835 | INFO     | werkzeug |  * Detected change in 'C:\\Users\\HP\\Downloads\\smartretry_screenshots_final\\.venv\\Lib\\site-packages\\selenium\\webdriver\\common\\devtools\\v125\\database.py', reloading
2026-07-06 03:53:03,842 | INFO     | werkzeug |  * Detected change in 'C:\\Users\\HP\\Downloads\\smartretry_screenshots_final\\.venv\\Lib\\site-packages\\selenium\\webdriver\\common\\devtools\\v125\\debugger.py', reloading
2026-07-06 03:53:03,842 | INFO     | werkzeug |  * Detected change in 'C:\\Users\\HP\\Downloads\\smartretry_screenshots_final\\.venv\\Lib\\site-packages\\selenium\\webdriver\\common\\devtools\\v125\\debugger.py', reloading
2026-07-06 03:53:03,856 | INFO     | werkzeug |  * Detected change in 'C:\\Users\\HP\\Downloads\\smartretry_screenshots_final\\.venv\\Lib\\site-packages\\selenium\\webdriver\\common\\devtools\\v125\\device_access.py', reloading
2026-07-06 03:53:03,856 | INFO     | werkzeug |  * Detected change in 'C:\\Users\\HP\\Downloads\\smartretry_screenshots_final\\.venv\\Lib\\site-packages\\selenium\\webdriver\\common\\devtools\\v125\\device_access.py', reloading
2026-07-06 03:53:03,864 | INFO     | werkzeug |  * Detected change in 'C:\\Users\\HP\\Downloads\\smartretry_screenshots_final\\.venv\\Lib\\site-packages\\selenium\\webdriver\\common\\devtools\\v125\\device_orientation.py', reloading
2026-07-06 03:53:03,864 | INFO     | werkzeug |  * Detected change in 'C:\\Users\\HP\\Downloads\\smartretry_screenshots_final\\.venv\\Lib\\site-packages\\selenium\\webdriver\\common\\devtools\\v125\\device_orientation.py', reloading
2026-07-06 03:53:03,872 | INFO     | werkzeug |  * Detected change in 'C:\\Users\\HP\\Downloads\\smartretry_screenshots_final\\.venv\\Lib\\site-packages\\selenium\\webdriver\\common\\devtools\\v125\\dom.py', reloading
2026-07-06 03:53:03,872 | INFO     | werkzeug |  * Detected change in 'C:\\Users\\HP\\Downloads\\smartretry_screenshots_final\\.venv\\Lib\\site-packages\\selenium\\webdriver\\common\\devtools\\v125\\dom.py', reloading
2026-07-06 03:53:03,881 | INFO     | werkzeug |  * Detected change in 'C:\\Users\\HP\\Downloads\\smartretry_screenshots_final\\.venv\\Lib\\site-packages\\selenium\\webdriver\\common\\devtools\\v125\\dom_debugger.py', reloading
2026-07-06 03:53:03,881 | INFO     | werkzeug |  * Detected change in 'C:\\Users\\HP\\Downloads\\smartretry_screenshots_final\\.venv\\Lib\\site-packages\\selenium\\webdriver\\common\\devtools\\v125\\dom_debugger.py', reloading
2026-07-06 03:53:03,888 | INFO     | werkzeug |  * Detected change in 'C:\\Users\\HP\\Downloads\\smartretry_screenshots_final\\.venv\\Lib\\site-packages\\selenium\\webdriver\\common\\devtools\\v125\\dom_snapshot.py', reloading
2026-07-06 03:53:03,888 | INFO     | werkzeug |  * Detected change in 'C:\\Users\\HP\\Downloads\\smartretry_screenshots_final\\.venv\\Lib\\site-packages\\selenium\\webdriver\\common\\devtools\\v125\\dom_snapshot.py', reloading
2026-07-06 03:53:03,899 | INFO     | werkzeug |  * Detected change in 'C:\\Users\\HP\\Downloads\\smartretry_screenshots_final\\.venv\\Lib\\site-packages\\selenium\\webdriver\\common\\devtools\\v125\\dom_storage.py', reloading
2026-07-06 03:53:03,899 | INFO     | werkzeug |  * Detected change in 'C:\\Users\\HP\\Downloads\\smartretry_screenshots_final\\.venv\\Lib\\site-packages\\selenium\\webdriver\\common\\devtools\\v125\\dom_storage.py', reloading
2026-07-06 03:53:03,907 | INFO     | werkzeug |  * Detected change in 'C:\\Users\\HP\\Downloads\\smartretry_screenshots_final\\.venv\\Lib\\site-packages\\selenium\\webdriver\\common\\devtools\\v125\\emulation.py', reloading
2026-07-06 03:53:03,907 | INFO     | werkzeug |  * Detected change in 'C:\\Users\\HP\\Downloads\\smartretry_screenshots_final\\.venv\\Lib\\site-packages\\selenium\\webdriver\\common\\devtools\\v125\\emulation.py', reloading
2026-07-06 03:53:03,918 | INFO     | werkzeug |  * Detected change in 'C:\\Users\\HP\\Downloads\\smartretry_screenshots_final\\.venv\\Lib\\site-packages\\selenium\\webdriver\\common\\devtools\\v125\\event_breakpoints.py', reloading
2026-07-06 03:53:03,918 | INFO     | werkzeug |  * Detected change in 'C:\\Users\\HP\\Downloads\\smartretry_screenshots_final\\.venv\\Lib\\site-packages\\selenium\\webdriver\\common\\devtools\\v125\\event_breakpoints.py', reloading
2026-07-06 03:53:03,924 | INFO     | werkzeug |  * Detected change in 'C:\\Users\\HP\\Downloads\\smartretry_screenshots_final\\.venv\\Lib\\site-packages\\selenium\\webdriver\\common\\devtools\\v125\\fed_cm.py', reloading
2026-07-06 03:53:03,924 | INFO     | werkzeug |  * Detected change in 'C:\\Users\\HP\\Downloads\\smartretry_screenshots_final\\.venv\\Lib\\site-packages\\selenium\\webdriver\\common\\devtools\\v125\\fed_cm.py', reloading
2026-07-06 03:53:03,935 | INFO     | werkzeug |  * Detected change in 'C:\\Users\\HP\\Downloads\\smartretry_screenshots_final\\.venv\\Lib\\site-packages\\selenium\\webdriver\\common\\devtools\\v125\\fetch.py', reloading
2026-07-06 03:53:03,935 | INFO     | werkzeug |  * Detected change in 'C:\\Users\\HP\\Downloads\\smartretry_screenshots_final\\.venv\\Lib\\site-packages\\selenium\\webdriver\\common\\devtools\\v125\\fetch.py', reloading
2026-07-06 03:53:03,942 | INFO     | werkzeug |  * Detected change in 'C:\\Users\\HP\\Downloads\\smartretry_screenshots_final\\.venv\\Lib\\site-packages\\selenium\\webdriver\\common\\devtools\\v125\\headless_experimental.py', reloading
2026-07-06 03:53:03,942 | INFO     | werkzeug |  * Detected change in 'C:\\Users\\HP\\Downloads\\smartretry_screenshots_final\\.venv\\Lib\\site-packages\\selenium\\webdriver\\common\\devtools\\v125\\headless_experimental.py', reloading
2026-07-06 03:53:03,954 | INFO     | werkzeug |  * Detected change in 'C:\\Users\\HP\\Downloads\\smartretry_screenshots_final\\.venv\\Lib\\site-packages\\selenium\\webdriver\\common\\devtools\\v125\\heap_profiler.py', reloading
2026-07-06 03:53:03,954 | INFO     | werkzeug |  * Detected change in 'C:\\Users\\HP\\Downloads\\smartretry_screenshots_final\\.venv\\Lib\\site-packages\\selenium\\webdriver\\common\\devtools\\v125\\heap_profiler.py', reloading
2026-07-06 03:53:03,966 | INFO     | werkzeug |  * Detected change in 'C:\\Users\\HP\\Downloads\\smartretry_screenshots_final\\.venv\\Lib\\site-packages\\selenium\\webdriver\\common\\devtools\\v125\\indexed_db.py', reloading
2026-07-06 03:53:03,966 | INFO     | werkzeug |  * Detected change in 'C:\\Users\\HP\\Downloads\\smartretry_screenshots_final\\.venv\\Lib\\site-packages\\selenium\\webdriver\\common\\devtools\\v125\\indexed_db.py', reloading
2026-07-06 03:53:03,972 | INFO     | werkzeug |  * Detected change in 'C:\\Users\\HP\\Downloads\\smartretry_screenshots_final\\.venv\\Lib\\site-packages\\selenium\\webdriver\\common\\devtools\\v125\\input_.py', reloading
2026-07-06 03:53:03,973 | INFO     | werkzeug |  * Detected change in 'C:\\Users\\HP\\Downloads\\smartretry_screenshots_final\\.venv\\Lib\\site-packages\\selenium\\webdriver\\common\\devtools\\v125\\input_.py', reloading
2026-07-06 03:53:03,981 | INFO     | werkzeug |  * Detected change in 'C:\\Users\\HP\\Downloads\\smartretry_screenshots_final\\.venv\\Lib\\site-packages\\selenium\\webdriver\\common\\devtools\\v125\\inspector.py', reloading
2026-07-06 03:53:03,981 | INFO     | werkzeug |  * Detected change in 'C:\\Users\\HP\\Downloads\\smartretry_screenshots_final\\.venv\\Lib\\site-packages\\selenium\\webdriver\\common\\devtools\\v125\\inspector.py', reloading
2026-07-06 03:53:03,987 | INFO     | werkzeug |  * Detected change in 'C:\\Users\\HP\\Downloads\\smartretry_screenshots_final\\.venv\\Lib\\site-packages\\selenium\\webdriver\\common\\devtools\\v125\\io.py', reloading
2026-07-06 03:53:03,987 | INFO     | werkzeug |  * Detected change in 'C:\\Users\\HP\\Downloads\\smartretry_screenshots_final\\.venv\\Lib\\site-packages\\selenium\\webdriver\\common\\devtools\\v125\\io.py', reloading
2026-07-06 03:53:03,993 | INFO     | werkzeug |  * Detected change in 'C:\\Users\\HP\\Downloads\\smartretry_screenshots_final\\.venv\\Lib\\site-packages\\selenium\\webdriver\\common\\devtools\\v125\\layer_tree.py', reloading
2026-07-06 03:53:03,993 | INFO     | werkzeug |  * Detected change in 'C:\\Users\\HP\\Downloads\\smartretry_screenshots_final\\.venv\\Lib\\site-packages\\selenium\\webdriver\\common\\devtools\\v125\\layer_tree.py', reloading
2026-07-06 03:53:04,002 | INFO     | werkzeug |  * Detected change in 'C:\\Users\\HP\\Downloads\\smartretry_screenshots_final\\.venv\\Lib\\site-packages\\selenium\\webdriver\\common\\devtools\\v125\\log.py', reloading
2026-07-06 03:53:04,002 | INFO     | werkzeug |  * Detected change in 'C:\\Users\\HP\\Downloads\\smartretry_screenshots_final\\.venv\\Lib\\site-packages\\selenium\\webdriver\\common\\devtools\\v125\\log.py', reloading
2026-07-06 03:53:04,008 | INFO     | werkzeug |  * Detected change in 'C:\\Users\\HP\\Downloads\\smartretry_screenshots_final\\.venv\\Lib\\site-packages\\selenium\\webdriver\\common\\devtools\\v125\\media.py', reloading
2026-07-06 03:53:04,008 | INFO     | werkzeug |  * Detected change in 'C:\\Users\\HP\\Downloads\\smartretry_screenshots_final\\.venv\\Lib\\site-packages\\selenium\\webdriver\\common\\devtools\\v125\\media.py', reloading
2026-07-06 03:53:04,019 | INFO     | werkzeug |  * Detected change in 'C:\\Users\\HP\\Downloads\\smartretry_screenshots_final\\.venv\\Lib\\site-packages\\selenium\\webdriver\\common\\devtools\\v125\\memory.py', reloading
2026-07-06 03:53:04,020 | INFO     | werkzeug |  * Detected change in 'C:\\Users\\HP\\Downloads\\smartretry_screenshots_final\\.venv\\Lib\\site-packages\\selenium\\webdriver\\common\\devtools\\v125\\memory.py', reloading
2026-07-06 03:53:04,025 | INFO     | werkzeug |  * Detected change in 'C:\\Users\\HP\\Downloads\\smartretry_screenshots_final\\.venv\\Lib\\site-packages\\selenium\\webdriver\\common\\devtools\\v125\\network.py', reloading
2026-07-06 03:53:04,025 | INFO     | werkzeug |  * Detected change in 'C:\\Users\\HP\\Downloads\\smartretry_screenshots_final\\.venv\\Lib\\site-packages\\selenium\\webdriver\\common\\devtools\\v125\\network.py', reloading
2026-07-06 03:53:04,037 | INFO     | werkzeug |  * Detected change in 'C:\\Users\\HP\\Downloads\\smartretry_screenshots_final\\.venv\\Lib\\site-packages\\selenium\\webdriver\\common\\devtools\\v125\\overlay.py', reloading
2026-07-06 03:53:04,037 | INFO     | werkzeug |  * Detected change in 'C:\\Users\\HP\\Downloads\\smartretry_screenshots_final\\.venv\\Lib\\site-packages\\selenium\\webdriver\\common\\devtools\\v125\\overlay.py', reloading
2026-07-06 03:53:04,055 | INFO     | werkzeug |  * Detected change in 'C:\\Users\\HP\\Downloads\\smartretry_screenshots_final\\.venv\\Lib\\site-packages\\selenium\\webdriver\\common\\devtools\\v125\\page.py', reloading
2026-07-06 03:53:04,055 | INFO     | werkzeug |  * Detected change in 'C:\\Users\\HP\\Downloads\\smartretry_screenshots_final\\.venv\\Lib\\site-packages\\selenium\\webdriver\\common\\devtools\\v125\\page.py', reloading
2026-07-06 03:53:04,066 | INFO     | werkzeug |  * Detected change in 'C:\\Users\\HP\\Downloads\\smartretry_screenshots_final\\.venv\\Lib\\site-packages\\selenium\\webdriver\\common\\devtools\\v125\\performance.py', reloading
2026-07-06 03:53:04,066 | INFO     | werkzeug |  * Detected change in 'C:\\Users\\HP\\Downloads\\smartretry_screenshots_final\\.venv\\Lib\\site-packages\\selenium\\webdriver\\common\\devtools\\v125\\performance.py', reloading
2026-07-06 03:53:04,073 | INFO     | werkzeug |  * Detected change in 'C:\\Users\\HP\\Downloads\\smartretry_screenshots_final\\.venv\\Lib\\site-packages\\selenium\\webdriver\\common\\devtools\\v125\\performance_timeline.py', reloading
2026-07-06 03:53:04,081 | INFO     | werkzeug |  * Detected change in 'C:\\Users\\HP\\Downloads\\smartretry_screenshots_final\\.venv\\Lib\\site-packages\\selenium\\webdriver\\common\\devtools\\v125\\preload.py', reloading
2026-07-06 03:53:04,081 | INFO     | werkzeug |  * Detected change in 'C:\\Users\\HP\\Downloads\\smartretry_screenshots_final\\.venv\\Lib\\site-packages\\selenium\\webdriver\\common\\devtools\\v125\\preload.py', reloading
2026-07-06 03:53:04,088 | INFO     | werkzeug |  * Detected change in 'C:\\Users\\HP\\Downloads\\smartretry_screenshots_final\\.venv\\Lib\\site-packages\\selenium\\webdriver\\common\\devtools\\v125\\profiler.py', reloading
2026-07-06 03:53:04,088 | INFO     | werkzeug |  * Detected change in 'C:\\Users\\HP\\Downloads\\smartretry_screenshots_final\\.venv\\Lib\\site-packages\\selenium\\webdriver\\common\\devtools\\v125\\profiler.py', reloading
2026-07-06 03:53:04,094 | INFO     | werkzeug |  * Detected change in 'C:\\Users\\HP\\Downloads\\smartretry_screenshots_final\\.venv\\Lib\\site-packages\\selenium\\webdriver\\common\\devtools\\v125\\pwa.py', reloading
2026-07-06 03:53:04,094 | INFO     | werkzeug |  * Detected change in 'C:\\Users\\HP\\Downloads\\smartretry_screenshots_final\\.venv\\Lib\\site-packages\\selenium\\webdriver\\common\\devtools\\v125\\pwa.py', reloading
2026-07-06 03:53:04,108 | INFO     | werkzeug |  * Detected change in 'C:\\Users\\HP\\Downloads\\smartretry_screenshots_final\\.venv\\Lib\\site-packages\\selenium\\webdriver\\common\\devtools\\v125\\runtime.py', reloading
2026-07-06 03:53:04,108 | INFO     | werkzeug |  * Detected change in 'C:\\Users\\HP\\Downloads\\smartretry_screenshots_final\\.venv\\Lib\\site-packages\\selenium\\webdriver\\common\\devtools\\v125\\runtime.py', reloading
2026-07-06 03:53:04,118 | INFO     | werkzeug |  * Detected change in 'C:\\Users\\HP\\Downloads\\smartretry_screenshots_final\\.venv\\Lib\\site-packages\\selenium\\webdriver\\common\\devtools\\v125\\schema.py', reloading
2026-07-06 03:53:04,123 | INFO     | werkzeug |  * Detected change in 'C:\\Users\\HP\\Downloads\\smartretry_screenshots_final\\.venv\\Lib\\site-packages\\selenium\\webdriver\\common\\devtools\\v125\\security.py', reloading
2026-07-06 03:53:04,124 | INFO     | werkzeug |  * Detected change in 'C:\\Users\\HP\\Downloads\\smartretry_screenshots_final\\.venv\\Lib\\site-packages\\selenium\\webdriver\\common\\devtools\\v125\\security.py', reloading
2026-07-06 03:53:04,134 | INFO     | werkzeug |  * Detected change in 'C:\\Users\\HP\\Downloads\\smartretry_screenshots_final\\.venv\\Lib\\site-packages\\selenium\\webdriver\\common\\devtools\\v125\\service_worker.py', reloading
2026-07-06 03:53:04,134 | INFO     | werkzeug |  * Detected change in 'C:\\Users\\HP\\Downloads\\smartretry_screenshots_final\\.venv\\Lib\\site-packages\\selenium\\webdriver\\common\\devtools\\v125\\service_worker.py', reloading
2026-07-06 03:53:04,140 | INFO     | werkzeug |  * Detected change in 'C:\\Users\\HP\\Downloads\\smartretry_screenshots_final\\.venv\\Lib\\site-packages\\selenium\\webdriver\\common\\devtools\\v125\\storage.py', reloading
2026-07-06 03:53:04,140 | INFO     | werkzeug |  * Detected change in 'C:\\Users\\HP\\Downloads\\smartretry_screenshots_final\\.venv\\Lib\\site-packages\\selenium\\webdriver\\common\\devtools\\v125\\storage.py', reloading
2026-07-06 03:53:04,153 | INFO     | werkzeug |  * Detected change in 'C:\\Users\\HP\\Downloads\\smartretry_screenshots_final\\.venv\\Lib\\site-packages\\selenium\\webdriver\\common\\devtools\\v125\\system_info.py', reloading
2026-07-06 03:53:04,153 | INFO     | werkzeug |  * Detected change in 'C:\\Users\\HP\\Downloads\\smartretry_screenshots_final\\.venv\\Lib\\site-packages\\selenium\\webdriver\\common\\devtools\\v125\\system_info.py', reloading
2026-07-06 03:53:04,159 | INFO     | werkzeug |  * Detected change in 'C:\\Users\\HP\\Downloads\\smartretry_screenshots_final\\.venv\\Lib\\site-packages\\selenium\\webdriver\\common\\devtools\\v125\\target.py', reloading
2026-07-06 03:53:04,161 | INFO     | werkzeug |  * Detected change in 'C:\\Users\\HP\\Downloads\\smartretry_screenshots_final\\.venv\\Lib\\site-packages\\selenium\\webdriver\\common\\devtools\\v125\\target.py', reloading
2026-07-06 03:53:04,177 | INFO     | werkzeug |  * Detected change in 'C:\\Users\\HP\\Downloads\\smartretry_screenshots_final\\.venv\\Lib\\site-packages\\selenium\\webdriver\\common\\devtools\\v125\\tethering.py', reloading
2026-07-06 03:53:04,177 | INFO     | werkzeug |  * Detected change in 'C:\\Users\\HP\\Downloads\\smartretry_screenshots_final\\.venv\\Lib\\site-packages\\selenium\\webdriver\\common\\devtools\\v125\\tethering.py', reloading
2026-07-06 03:53:04,192 | INFO     | werkzeug |  * Detected change in 'C:\\Users\\HP\\Downloads\\smartretry_screenshots_final\\.venv\\Lib\\site-packages\\selenium\\webdriver\\common\\devtools\\v125\\tracing.py', reloading
2026-07-06 03:53:04,192 | INFO     | werkzeug |  * Detected change in 'C:\\Users\\HP\\Downloads\\smartretry_screenshots_final\\.venv\\Lib\\site-packages\\selenium\\webdriver\\common\\devtools\\v125\\tracing.py', reloading
2026-07-06 03:53:04,215 | INFO     | werkzeug |  * Detected change in 'C:\\Users\\HP\\Downloads\\smartretry_screenshots_final\\.venv\\Lib\\site-packages\\selenium\\webdriver\\common\\devtools\\v125\\util.py', reloading
2026-07-06 03:53:04,215 | INFO     | werkzeug |  * Detected change in 'C:\\Users\\HP\\Downloads\\smartretry_screenshots_final\\.venv\\Lib\\site-packages\\selenium\\webdriver\\common\\devtools\\v125\\util.py', reloading
2026-07-06 03:53:04,247 | INFO     | werkzeug |  * Detected change in 'C:\\Users\\HP\\Downloads\\smartretry_screenshots_final\\.venv\\Lib\\site-packages\\selenium\\webdriver\\common\\devtools\\v125\\web_audio.py', reloading
2026-07-06 03:53:04,282 | INFO     | werkzeug |  * Detected change in 'C:\\Users\\HP\\Downloads\\smartretry_screenshots_final\\.venv\\Lib\\site-packages\\selenium\\webdriver\\common\\devtools\\v125\\web_authn.py', reloading
2026-07-06 03:53:04,304 | INFO     | werkzeug |  * Detected change in 'C:\\Users\\HP\\Downloads\\smartretry_screenshots_final\\.venv\\Lib\\site-packages\\selenium\\webdriver\\common\\devtools\\v125\\__init__.py', reloading
2026-07-06 03:53:04,304 | INFO     | werkzeug |  * Detected change in 'C:\\Users\\HP\\Downloads\\smartretry_screenshots_final\\.venv\\Lib\\site-packages\\selenium\\webdriver\\common\\devtools\\v125\\__init__.py', reloading
2026-07-06 03:53:04,414 | INFO     | werkzeug |  * Restarting with watchdog (windowsapi)
2026-07-06 03:53:04,448 | INFO     | werkzeug |  * Restarting with watchdog (windowsapi)
2026-07-06 03:53:04,779 | INFO     | database.db_manager | Database initialized at C:\Users\HP\Downloads\smartretry_screenshots_final\database\framework.db
2026-07-06 03:53:04,792 | INFO     | database.db_manager | Database initialized at C:\Users\HP\Downloads\smartretry_screenshots_final\database\framework.db
2026-07-06 03:53:04,806 | WARNING  | werkzeug |  * Debugger is active!
2026-07-06 03:53:04,820 | INFO     | werkzeug |  * Debugger PIN: 106-337-974
2026-07-06 03:53:04,834 | WARNING  | werkzeug |  * Debugger is active!
2026-07-06 03:53:04,844 | INFO     | werkzeug |  * Debugger PIN: 106-337-974
2026-07-06 03:53:05,065 | INFO     | werkzeug |  * Detected change in 'C:\\Users\\HP\\Downloads\\smartretry_screenshots_final\\.venv\\Lib\\site-packages\\selenium\\webdriver\\common\\devtools\\v126\\accessibility.py', reloading
2026-07-06 03:53:05,065 | INFO     | werkzeug |  * Detected change in 'C:\\Users\\HP\\Downloads\\smartretry_screenshots_final\\.venv\\Lib\\site-packages\\selenium\\webdriver\\common\\devtools\\v126\\accessibility.py', reloading
2026-07-06 03:53:05,070 | INFO     | werkzeug |  * Detected change in 'C:\\Users\\HP\\Downloads\\smartretry_screenshots_final\\.venv\\Lib\\site-packages\\selenium\\webdriver\\common\\devtools\\v126\\animation.py', reloading
2026-07-06 03:53:05,071 | INFO     | werkzeug |  * Detected change in 'C:\\Users\\HP\\Downloads\\smartretry_screenshots_final\\.venv\\Lib\\site-packages\\selenium\\webdriver\\common\\devtools\\v126\\animation.py', reloading
2026-07-06 03:53:05,080 | INFO     | werkzeug |  * Detected change in 'C:\\Users\\HP\\Downloads\\smartretry_screenshots_final\\.venv\\Lib\\site-packages\\selenium\\webdriver\\common\\devtools\\v126\\audits.py', reloading
2026-07-06 03:53:05,079 | INFO     | werkzeug |  * Detected change in 'C:\\Users\\HP\\Downloads\\smartretry_screenshots_final\\.venv\\Lib\\site-packages\\selenium\\webdriver\\common\\devtools\\v126\\audits.py', reloading
2026-07-06 03:53:05,086 | INFO     | werkzeug |  * Detected change in 'C:\\Users\\HP\\Downloads\\smartretry_screenshots_final\\.venv\\Lib\\site-packages\\selenium\\webdriver\\common\\devtools\\v126\\autofill.py', reloading
2026-07-06 03:53:05,086 | INFO     | werkzeug |  * Detected change in 'C:\\Users\\HP\\Downloads\\smartretry_screenshots_final\\.venv\\Lib\\site-packages\\selenium\\webdriver\\common\\devtools\\v126\\autofill.py', reloading
2026-07-06 03:53:05,092 | INFO     | werkzeug |  * Detected change in 'C:\\Users\\HP\\Downloads\\smartretry_screenshots_final\\.venv\\Lib\\site-packages\\selenium\\webdriver\\common\\devtools\\v126\\background_service.py', reloading
2026-07-06 03:53:05,092 | INFO     | werkzeug |  * Detected change in 'C:\\Users\\HP\\Downloads\\smartretry_screenshots_final\\.venv\\Lib\\site-packages\\selenium\\webdriver\\common\\devtools\\v126\\background_service.py', reloading
2026-07-06 03:53:05,100 | INFO     | werkzeug |  * Detected change in 'C:\\Users\\HP\\Downloads\\smartretry_screenshots_final\\.venv\\Lib\\site-packages\\selenium\\webdriver\\common\\devtools\\v126\\browser.py', reloading
2026-07-06 03:53:05,101 | INFO     | werkzeug |  * Detected change in 'C:\\Users\\HP\\Downloads\\smartretry_screenshots_final\\.venv\\Lib\\site-packages\\selenium\\webdriver\\common\\devtools\\v126\\browser.py', reloading
2026-07-06 03:53:05,106 | INFO     | werkzeug |  * Detected change in 'C:\\Users\\HP\\Downloads\\smartretry_screenshots_final\\.venv\\Lib\\site-packages\\selenium\\webdriver\\common\\devtools\\v126\\cache_storage.py', reloading
2026-07-06 03:53:05,116 | INFO     | werkzeug |  * Detected change in 'C:\\Users\\HP\\Downloads\\smartretry_screenshots_final\\.venv\\Lib\\site-packages\\selenium\\webdriver\\common\\devtools\\v126\\cast.py', reloading
2026-07-06 03:53:05,116 | INFO     | werkzeug |  * Detected change in 'C:\\Users\\HP\\Downloads\\smartretry_screenshots_final\\.venv\\Lib\\site-packages\\selenium\\webdriver\\common\\devtools\\v126\\cast.py', reloading
2026-07-06 03:53:05,121 | INFO     | werkzeug |  * Detected change in 'C:\\Users\\HP\\Downloads\\smartretry_screenshots_final\\.venv\\Lib\\site-packages\\selenium\\webdriver\\common\\devtools\\v126\\console.py', reloading
2026-07-06 03:53:05,121 | INFO     | werkzeug |  * Detected change in 'C:\\Users\\HP\\Downloads\\smartretry_screenshots_final\\.venv\\Lib\\site-packages\\selenium\\webdriver\\common\\devtools\\v126\\console.py', reloading
2026-07-06 03:53:05,129 | INFO     | werkzeug |  * Detected change in 'C:\\Users\\HP\\Downloads\\smartretry_screenshots_final\\.venv\\Lib\\site-packages\\selenium\\webdriver\\common\\devtools\\v126\\css.py', reloading
2026-07-06 03:53:05,129 | INFO     | werkzeug |  * Detected change in 'C:\\Users\\HP\\Downloads\\smartretry_screenshots_final\\.venv\\Lib\\site-packages\\selenium\\webdriver\\common\\devtools\\v126\\css.py', reloading
2026-07-06 03:53:05,136 | INFO     | werkzeug |  * Detected change in 'C:\\Users\\HP\\Downloads\\smartretry_screenshots_final\\.venv\\Lib\\site-packages\\selenium\\webdriver\\common\\devtools\\v126\\database.py', reloading
2026-07-06 03:53:05,136 | INFO     | werkzeug |  * Detected change in 'C:\\Users\\HP\\Downloads\\smartretry_screenshots_final\\.venv\\Lib\\site-packages\\selenium\\webdriver\\common\\devtools\\v126\\database.py', reloading
2026-07-06 03:53:05,144 | INFO     | werkzeug |  * Detected change in 'C:\\Users\\HP\\Downloads\\smartretry_screenshots_final\\.venv\\Lib\\site-packages\\selenium\\webdriver\\common\\devtools\\v126\\debugger.py', reloading
2026-07-06 03:53:05,144 | INFO     | werkzeug |  * Detected change in 'C:\\Users\\HP\\Downloads\\smartretry_screenshots_final\\.venv\\Lib\\site-packages\\selenium\\webdriver\\common\\devtools\\v126\\debugger.py', reloading
2026-07-06 03:53:05,152 | INFO     | werkzeug |  * Detected change in 'C:\\Users\\HP\\Downloads\\smartretry_screenshots_final\\.venv\\Lib\\site-packages\\selenium\\webdriver\\common\\devtools\\v126\\device_access.py', reloading
2026-07-06 03:53:05,152 | INFO     | werkzeug |  * Detected change in 'C:\\Users\\HP\\Downloads\\smartretry_screenshots_final\\.venv\\Lib\\site-packages\\selenium\\webdriver\\common\\devtools\\v126\\device_access.py', reloading
2026-07-06 03:53:05,163 | INFO     | werkzeug |  * Detected change in 'C:\\Users\\HP\\Downloads\\smartretry_screenshots_final\\.venv\\Lib\\site-packages\\selenium\\webdriver\\common\\devtools\\v126\\device_orientation.py', reloading
2026-07-06 03:53:05,163 | INFO     | werkzeug |  * Detected change in 'C:\\Users\\HP\\Downloads\\smartretry_screenshots_final\\.venv\\Lib\\site-packages\\selenium\\webdriver\\common\\devtools\\v126\\device_orientation.py', reloading
2026-07-06 03:53:05,173 | INFO     | werkzeug |  * Detected change in 'C:\\Users\\HP\\Downloads\\smartretry_screenshots_final\\.venv\\Lib\\site-packages\\selenium\\webdriver\\common\\devtools\\v126\\dom.py', reloading
2026-07-06 03:53:05,173 | INFO     | werkzeug |  * Detected change in 'C:\\Users\\HP\\Downloads\\smartretry_screenshots_final\\.venv\\Lib\\site-packages\\selenium\\webdriver\\common\\devtools\\v126\\dom.py', reloading
2026-07-06 03:53:05,186 | INFO     | werkzeug |  * Detected change in 'C:\\Users\\HP\\Downloads\\smartretry_screenshots_final\\.venv\\Lib\\site-packages\\selenium\\webdriver\\common\\devtools\\v126\\dom_debugger.py', reloading
2026-07-06 03:53:05,186 | INFO     | werkzeug |  * Detected change in 'C:\\Users\\HP\\Downloads\\smartretry_screenshots_final\\.venv\\Lib\\site-packages\\selenium\\webdriver\\common\\devtools\\v126\\dom_debugger.py', reloading
2026-07-06 03:53:05,204 | INFO     | werkzeug |  * Detected change in 'C:\\Users\\HP\\Downloads\\smartretry_screenshots_final\\.venv\\Lib\\site-packages\\selenium\\webdriver\\common\\devtools\\v126\\dom_snapshot.py', reloading
2026-07-06 03:53:05,204 | INFO     | werkzeug |  * Detected change in 'C:\\Users\\HP\\Downloads\\smartretry_screenshots_final\\.venv\\Lib\\site-packages\\selenium\\webdriver\\common\\devtools\\v126\\dom_snapshot.py', reloading
2026-07-06 03:53:05,219 | INFO     | werkzeug |  * Detected change in 'C:\\Users\\HP\\Downloads\\smartretry_screenshots_final\\.venv\\Lib\\site-packages\\selenium\\webdriver\\common\\devtools\\v126\\dom_storage.py', reloading
2026-07-06 03:53:05,220 | INFO     | werkzeug |  * Detected change in 'C:\\Users\\HP\\Downloads\\smartretry_screenshots_final\\.venv\\Lib\\site-packages\\selenium\\webdriver\\common\\devtools\\v126\\dom_storage.py', reloading
2026-07-06 03:53:05,239 | INFO     | werkzeug |  * Detected change in 'C:\\Users\\HP\\Downloads\\smartretry_screenshots_final\\.venv\\Lib\\site-packages\\selenium\\webdriver\\common\\devtools\\v126\\emulation.py', reloading
2026-07-06 03:53:05,239 | INFO     | werkzeug |  * Detected change in 'C:\\Users\\HP\\Downloads\\smartretry_screenshots_final\\.venv\\Lib\\site-packages\\selenium\\webdriver\\common\\devtools\\v126\\emulation.py', reloading
2026-07-06 03:53:05,254 | INFO     | werkzeug |  * Detected change in 'C:\\Users\\HP\\Downloads\\smartretry_screenshots_final\\.venv\\Lib\\site-packages\\selenium\\webdriver\\common\\devtools\\v126\\event_breakpoints.py', reloading
2026-07-06 03:53:05,254 | INFO     | werkzeug |  * Detected change in 'C:\\Users\\HP\\Downloads\\smartretry_screenshots_final\\.venv\\Lib\\site-packages\\selenium\\webdriver\\common\\devtools\\v126\\event_breakpoints.py', reloading
2026-07-06 03:53:05,266 | INFO     | werkzeug |  * Detected change in 'C:\\Users\\HP\\Downloads\\smartretry_screenshots_final\\.venv\\Lib\\site-packages\\selenium\\webdriver\\common\\devtools\\v126\\extensions.py', reloading
2026-07-06 03:53:05,275 | INFO     | werkzeug |  * Detected change in 'C:\\Users\\HP\\Downloads\\smartretry_screenshots_final\\.venv\\Lib\\site-packages\\selenium\\webdriver\\common\\devtools\\v126\\fed_cm.py', reloading
2026-07-06 03:53:05,275 | INFO     | werkzeug |  * Detected change in 'C:\\Users\\HP\\Downloads\\smartretry_screenshots_final\\.venv\\Lib\\site-packages\\selenium\\webdriver\\common\\devtools\\v126\\fed_cm.py', reloading
2026-07-06 03:53:05,287 | INFO     | werkzeug |  * Detected change in 'C:\\Users\\HP\\Downloads\\smartretry_screenshots_final\\.venv\\Lib\\site-packages\\selenium\\webdriver\\common\\devtools\\v126\\fetch.py', reloading
2026-07-06 03:53:05,287 | INFO     | werkzeug |  * Detected change in 'C:\\Users\\HP\\Downloads\\smartretry_screenshots_final\\.venv\\Lib\\site-packages\\selenium\\webdriver\\common\\devtools\\v126\\fetch.py', reloading
2026-07-06 03:53:05,297 | INFO     | werkzeug |  * Detected change in 'C:\\Users\\HP\\Downloads\\smartretry_screenshots_final\\.venv\\Lib\\site-packages\\selenium\\webdriver\\common\\devtools\\v126\\headless_experimental.py', reloading
2026-07-06 03:53:05,297 | INFO     | werkzeug |  * Detected change in 'C:\\Users\\HP\\Downloads\\smartretry_screenshots_final\\.venv\\Lib\\site-packages\\selenium\\webdriver\\common\\devtools\\v126\\headless_experimental.py', reloading
2026-07-06 03:53:05,306 | INFO     | werkzeug |  * Detected change in 'C:\\Users\\HP\\Downloads\\smartretry_screenshots_final\\.venv\\Lib\\site-packages\\selenium\\webdriver\\common\\devtools\\v126\\heap_profiler.py', reloading
2026-07-06 03:53:05,306 | INFO     | werkzeug |  * Detected change in 'C:\\Users\\HP\\Downloads\\smartretry_screenshots_final\\.venv\\Lib\\site-packages\\selenium\\webdriver\\common\\devtools\\v126\\heap_profiler.py', reloading
2026-07-06 03:53:05,317 | INFO     | werkzeug |  * Detected change in 'C:\\Users\\HP\\Downloads\\smartretry_screenshots_final\\.venv\\Lib\\site-packages\\selenium\\webdriver\\common\\devtools\\v126\\indexed_db.py', reloading
2026-07-06 03:53:05,317 | INFO     | werkzeug |  * Detected change in 'C:\\Users\\HP\\Downloads\\smartretry_screenshots_final\\.venv\\Lib\\site-packages\\selenium\\webdriver\\common\\devtools\\v126\\indexed_db.py', reloading
2026-07-06 03:53:05,327 | INFO     | werkzeug |  * Detected change in 'C:\\Users\\HP\\Downloads\\smartretry_screenshots_final\\.venv\\Lib\\site-packages\\selenium\\webdriver\\common\\devtools\\v126\\input_.py', reloading
2026-07-06 03:53:05,327 | INFO     | werkzeug |  * Detected change in 'C:\\Users\\HP\\Downloads\\smartretry_screenshots_final\\.venv\\Lib\\site-packages\\selenium\\webdriver\\common\\devtools\\v126\\input_.py', reloading
2026-07-06 03:53:05,337 | INFO     | werkzeug |  * Detected change in 'C:\\Users\\HP\\Downloads\\smartretry_screenshots_final\\.venv\\Lib\\site-packages\\selenium\\webdriver\\common\\devtools\\v126\\inspector.py', reloading
2026-07-06 03:53:05,337 | INFO     | werkzeug |  * Detected change in 'C:\\Users\\HP\\Downloads\\smartretry_screenshots_final\\.venv\\Lib\\site-packages\\selenium\\webdriver\\common\\devtools\\v126\\inspector.py', reloading
2026-07-06 03:53:05,343 | INFO     | werkzeug |  * Detected change in 'C:\\Users\\HP\\Downloads\\smartretry_screenshots_final\\.venv\\Lib\\site-packages\\selenium\\webdriver\\common\\devtools\\v126\\io.py', reloading
2026-07-06 03:53:05,344 | INFO     | werkzeug |  * Detected change in 'C:\\Users\\HP\\Downloads\\smartretry_screenshots_final\\.venv\\Lib\\site-packages\\selenium\\webdriver\\common\\devtools\\v126\\io.py', reloading
2026-07-06 03:53:05,358 | INFO     | werkzeug |  * Detected change in 'C:\\Users\\HP\\Downloads\\smartretry_screenshots_final\\.venv\\Lib\\site-packages\\selenium\\webdriver\\common\\devtools\\v126\\layer_tree.py', reloading
2026-07-06 03:53:05,358 | INFO     | werkzeug |  * Detected change in 'C:\\Users\\HP\\Downloads\\smartretry_screenshots_final\\.venv\\Lib\\site-packages\\selenium\\webdriver\\common\\devtools\\v126\\layer_tree.py', reloading
2026-07-06 03:53:05,368 | INFO     | werkzeug |  * Detected change in 'C:\\Users\\HP\\Downloads\\smartretry_screenshots_final\\.venv\\Lib\\site-packages\\selenium\\webdriver\\common\\devtools\\v126\\log.py', reloading
2026-07-06 03:53:05,368 | INFO     | werkzeug |  * Detected change in 'C:\\Users\\HP\\Downloads\\smartretry_screenshots_final\\.venv\\Lib\\site-packages\\selenium\\webdriver\\common\\devtools\\v126\\log.py', reloading
2026-07-06 03:53:05,376 | INFO     | werkzeug |  * Detected change in 'C:\\Users\\HP\\Downloads\\smartretry_screenshots_final\\.venv\\Lib\\site-packages\\selenium\\webdriver\\common\\devtools\\v126\\media.py', reloading
2026-07-06 03:53:05,376 | INFO     | werkzeug |  * Detected change in 'C:\\Users\\HP\\Downloads\\smartretry_screenshots_final\\.venv\\Lib\\site-packages\\selenium\\webdriver\\common\\devtools\\v126\\media.py', reloading
2026-07-06 03:53:05,388 | INFO     | werkzeug |  * Detected change in 'C:\\Users\\HP\\Downloads\\smartretry_screenshots_final\\.venv\\Lib\\site-packages\\selenium\\webdriver\\common\\devtools\\v126\\memory.py', reloading
2026-07-06 03:53:05,388 | INFO     | werkzeug |  * Detected change in 'C:\\Users\\HP\\Downloads\\smartretry_screenshots_final\\.venv\\Lib\\site-packages\\selenium\\webdriver\\common\\devtools\\v126\\memory.py', reloading
2026-07-06 03:53:05,403 | INFO     | werkzeug |  * Detected change in 'C:\\Users\\HP\\Downloads\\smartretry_screenshots_final\\.venv\\Lib\\site-packages\\selenium\\webdriver\\common\\devtools\\v126\\network.py', reloading
2026-07-06 03:53:05,403 | INFO     | werkzeug |  * Detected change in 'C:\\Users\\HP\\Downloads\\smartretry_screenshots_final\\.venv\\Lib\\site-packages\\selenium\\webdriver\\common\\devtools\\v126\\network.py', reloading
2026-07-06 03:53:05,418 | INFO     | werkzeug |  * Detected change in 'C:\\Users\\HP\\Downloads\\smartretry_screenshots_final\\.venv\\Lib\\site-packages\\selenium\\webdriver\\common\\devtools\\v126\\overlay.py', reloading
2026-07-06 03:53:05,418 | INFO     | werkzeug |  * Detected change in 'C:\\Users\\HP\\Downloads\\smartretry_screenshots_final\\.venv\\Lib\\site-packages\\selenium\\webdriver\\common\\devtools\\v126\\overlay.py', reloading
2026-07-06 03:53:05,427 | INFO     | werkzeug |  * Detected change in 'C:\\Users\\HP\\Downloads\\smartretry_screenshots_final\\.venv\\Lib\\site-packages\\selenium\\webdriver\\common\\devtools\\v126\\page.py', reloading
2026-07-06 03:53:05,427 | INFO     | werkzeug |  * Detected change in 'C:\\Users\\HP\\Downloads\\smartretry_screenshots_final\\.venv\\Lib\\site-packages\\selenium\\webdriver\\common\\devtools\\v126\\page.py', reloading
2026-07-06 03:53:05,440 | INFO     | werkzeug |  * Detected change in 'C:\\Users\\HP\\Downloads\\smartretry_screenshots_final\\.venv\\Lib\\site-packages\\selenium\\webdriver\\common\\devtools\\v126\\performance.py', reloading
2026-07-06 03:53:05,455 | INFO     | werkzeug |  * Detected change in 'C:\\Users\\HP\\Downloads\\smartretry_screenshots_final\\.venv\\Lib\\site-packages\\selenium\\webdriver\\common\\devtools\\v126\\performance_timeline.py', reloading
2026-07-06 03:53:05,455 | INFO     | werkzeug |  * Detected change in 'C:\\Users\\HP\\Downloads\\smartretry_screenshots_final\\.venv\\Lib\\site-packages\\selenium\\webdriver\\common\\devtools\\v126\\performance_timeline.py', reloading
2026-07-06 03:53:05,463 | INFO     | werkzeug |  * Detected change in 'C:\\Users\\HP\\Downloads\\smartretry_screenshots_final\\.venv\\Lib\\site-packages\\selenium\\webdriver\\common\\devtools\\v126\\preload.py', reloading
2026-07-06 03:53:05,472 | INFO     | werkzeug |  * Detected change in 'C:\\Users\\HP\\Downloads\\smartretry_screenshots_final\\.venv\\Lib\\site-packages\\selenium\\webdriver\\common\\devtools\\v126\\profiler.py', reloading
2026-07-06 03:53:05,480 | INFO     | werkzeug |  * Detected change in 'C:\\Users\\HP\\Downloads\\smartretry_screenshots_final\\.venv\\Lib\\site-packages\\selenium\\webdriver\\common\\devtools\\v126\\pwa.py', reloading
2026-07-06 03:53:05,480 | INFO     | werkzeug |  * Detected change in 'C:\\Users\\HP\\Downloads\\smartretry_screenshots_final\\.venv\\Lib\\site-packages\\selenium\\webdriver\\common\\devtools\\v126\\pwa.py', reloading
2026-07-06 03:53:05,493 | INFO     | werkzeug |  * Detected change in 'C:\\Users\\HP\\Downloads\\smartretry_screenshots_final\\.venv\\Lib\\site-packages\\selenium\\webdriver\\common\\devtools\\v126\\runtime.py', reloading
2026-07-06 03:53:05,493 | INFO     | werkzeug |  * Detected change in 'C:\\Users\\HP\\Downloads\\smartretry_screenshots_final\\.venv\\Lib\\site-packages\\selenium\\webdriver\\common\\devtools\\v126\\runtime.py', reloading
2026-07-06 03:53:05,504 | INFO     | werkzeug |  * Detected change in 'C:\\Users\\HP\\Downloads\\smartretry_screenshots_final\\.venv\\Lib\\site-packages\\selenium\\webdriver\\common\\devtools\\v126\\schema.py', reloading
2026-07-06 03:53:05,504 | INFO     | werkzeug |  * Detected change in 'C:\\Users\\HP\\Downloads\\smartretry_screenshots_final\\.venv\\Lib\\site-packages\\selenium\\webdriver\\common\\devtools\\v126\\schema.py', reloading
2026-07-06 03:53:05,509 | INFO     | werkzeug |  * Detected change in 'C:\\Users\\HP\\Downloads\\smartretry_screenshots_final\\.venv\\Lib\\site-packages\\selenium\\webdriver\\common\\devtools\\v126\\security.py', reloading
2026-07-06 03:53:05,509 | INFO     | werkzeug |  * Detected change in 'C:\\Users\\HP\\Downloads\\smartretry_screenshots_final\\.venv\\Lib\\site-packages\\selenium\\webdriver\\common\\devtools\\v126\\security.py', reloading
2026-07-06 03:53:05,519 | INFO     | werkzeug |  * Detected change in 'C:\\Users\\HP\\Downloads\\smartretry_screenshots_final\\.venv\\Lib\\site-packages\\selenium\\webdriver\\common\\devtools\\v126\\service_worker.py', reloading
2026-07-06 03:53:05,527 | INFO     | werkzeug |  * Detected change in 'C:\\Users\\HP\\Downloads\\smartretry_screenshots_final\\.venv\\Lib\\site-packages\\selenium\\webdriver\\common\\devtools\\v126\\storage.py', reloading
2026-07-06 03:53:05,527 | INFO     | werkzeug |  * Detected change in 'C:\\Users\\HP\\Downloads\\smartretry_screenshots_final\\.venv\\Lib\\site-packages\\selenium\\webdriver\\common\\devtools\\v126\\storage.py', reloading
2026-07-06 03:53:05,539 | INFO     | werkzeug |  * Detected change in 'C:\\Users\\HP\\Downloads\\smartretry_screenshots_final\\.venv\\Lib\\site-packages\\selenium\\webdriver\\common\\devtools\\v126\\system_info.py', reloading
2026-07-06 03:53:05,540 | INFO     | werkzeug |  * Detected change in 'C:\\Users\\HP\\Downloads\\smartretry_screenshots_final\\.venv\\Lib\\site-packages\\selenium\\webdriver\\common\\devtools\\v126\\system_info.py', reloading
2026-07-06 03:53:05,552 | INFO     | werkzeug |  * Detected change in 'C:\\Users\\HP\\Downloads\\smartretry_screenshots_final\\.venv\\Lib\\site-packages\\selenium\\webdriver\\common\\devtools\\v126\\target.py', reloading
2026-07-06 03:53:05,552 | INFO     | werkzeug |  * Detected change in 'C:\\Users\\HP\\Downloads\\smartretry_screenshots_final\\.venv\\Lib\\site-packages\\selenium\\webdriver\\common\\devtools\\v126\\target.py', reloading
2026-07-06 03:53:05,558 | INFO     | werkzeug |  * Detected change in 'C:\\Users\\HP\\Downloads\\smartretry_screenshots_final\\.venv\\Lib\\site-packages\\selenium\\webdriver\\common\\devtools\\v126\\tethering.py', reloading
2026-07-06 03:53:05,558 | INFO     | werkzeug |  * Detected change in 'C:\\Users\\HP\\Downloads\\smartretry_screenshots_final\\.venv\\Lib\\site-packages\\selenium\\webdriver\\common\\devtools\\v126\\tethering.py', reloading
2026-07-06 03:53:05,571 | INFO     | werkzeug |  * Detected change in 'C:\\Users\\HP\\Downloads\\smartretry_screenshots_final\\.venv\\Lib\\site-packages\\selenium\\webdriver\\common\\devtools\\v126\\tracing.py', reloading
2026-07-06 03:53:05,571 | INFO     | werkzeug |  * Detected change in 'C:\\Users\\HP\\Downloads\\smartretry_screenshots_final\\.venv\\Lib\\site-packages\\selenium\\webdriver\\common\\devtools\\v126\\tracing.py', reloading
2026-07-06 03:53:05,580 | INFO     | werkzeug |  * Detected change in 'C:\\Users\\HP\\Downloads\\smartretry_screenshots_final\\.venv\\Lib\\site-packages\\selenium\\webdriver\\common\\devtools\\v126\\util.py', reloading
2026-07-06 03:53:05,580 | INFO     | werkzeug |  * Detected change in 'C:\\Users\\HP\\Downloads\\smartretry_screenshots_final\\.venv\\Lib\\site-packages\\selenium\\webdriver\\common\\devtools\\v126\\util.py', reloading
2026-07-06 03:53:05,592 | INFO     | werkzeug |  * Detected change in 'C:\\Users\\HP\\Downloads\\smartretry_screenshots_final\\.venv\\Lib\\site-packages\\selenium\\webdriver\\common\\devtools\\v126\\web_audio.py', reloading
2026-07-06 03:53:05,592 | INFO     | werkzeug |  * Detected change in 'C:\\Users\\HP\\Downloads\\smartretry_screenshots_final\\.venv\\Lib\\site-packages\\selenium\\webdriver\\common\\devtools\\v126\\web_audio.py', reloading
2026-07-06 03:53:05,601 | INFO     | werkzeug |  * Detected change in 'C:\\Users\\HP\\Downloads\\smartretry_screenshots_final\\.venv\\Lib\\site-packages\\selenium\\webdriver\\common\\devtools\\v126\\web_authn.py', reloading
2026-07-06 03:53:05,601 | INFO     | werkzeug |  * Detected change in 'C:\\Users\\HP\\Downloads\\smartretry_screenshots_final\\.venv\\Lib\\site-packages\\selenium\\webdriver\\common\\devtools\\v126\\web_authn.py', reloading
2026-07-06 03:53:05,610 | INFO     | werkzeug |  * Detected change in 'C:\\Users\\HP\\Downloads\\smartretry_screenshots_final\\.venv\\Lib\\site-packages\\selenium\\webdriver\\common\\devtools\\v126\\__init__.py', reloading
2026-07-06 03:53:05,997 | INFO     | werkzeug |  * Restarting with watchdog (windowsapi)
2026-07-06 03:53:06,013 | INFO     | werkzeug |  * Restarting with watchdog (windowsapi)
2026-07-06 03:53:06,540 | INFO     | database.db_manager | Database initialized at C:\Users\HP\Downloads\smartretry_screenshots_final\database\framework.db
2026-07-06 03:53:06,549 | INFO     | database.db_manager | Database initialized at C:\Users\HP\Downloads\smartretry_screenshots_final\database\framework.db
2026-07-06 03:53:06,576 | WARNING  | werkzeug |  * Debugger is active!
2026-07-06 03:53:06,584 | WARNING  | werkzeug |  * Debugger is active!
2026-07-06 03:53:06,585 | INFO     | werkzeug |  * Debugger PIN: 106-337-974
2026-07-06 03:53:06,591 | INFO     | werkzeug |  * Debugger PIN: 106-337-974
2026-07-06 03:53:06,722 | INFO     | werkzeug |  * Detected change in 'C:\\Users\\HP\\Downloads\\smartretry_screenshots_final\\.venv\\Lib\\site-packages\\selenium\\webdriver\\common\\devtools\\v127\\accessibility.py', reloading
2026-07-06 03:53:06,722 | INFO     | werkzeug |  * Detected change in 'C:\\Users\\HP\\Downloads\\smartretry_screenshots_final\\.venv\\Lib\\site-packages\\selenium\\webdriver\\common\\devtools\\v127\\accessibility.py', reloading
2026-07-06 03:53:06,731 | INFO     | werkzeug |  * Detected change in 'C:\\Users\\HP\\Downloads\\smartretry_screenshots_final\\.venv\\Lib\\site-packages\\selenium\\webdriver\\common\\devtools\\v127\\animation.py', reloading
2026-07-06 03:53:06,731 | INFO     | werkzeug |  * Detected change in 'C:\\Users\\HP\\Downloads\\smartretry_screenshots_final\\.venv\\Lib\\site-packages\\selenium\\webdriver\\common\\devtools\\v127\\animation.py', reloading
2026-07-06 03:53:06,738 | INFO     | werkzeug |  * Detected change in 'C:\\Users\\HP\\Downloads\\smartretry_screenshots_final\\.venv\\Lib\\site-packages\\selenium\\webdriver\\common\\devtools\\v127\\audits.py', reloading
2026-07-06 03:53:06,738 | INFO     | werkzeug |  * Detected change in 'C:\\Users\\HP\\Downloads\\smartretry_screenshots_final\\.venv\\Lib\\site-packages\\selenium\\webdriver\\common\\devtools\\v127\\audits.py', reloading
2026-07-06 03:53:06,746 | INFO     | werkzeug |  * Detected change in 'C:\\Users\\HP\\Downloads\\smartretry_screenshots_final\\.venv\\Lib\\site-packages\\selenium\\webdriver\\common\\devtools\\v127\\autofill.py', reloading
2026-07-06 03:53:06,746 | INFO     | werkzeug |  * Detected change in 'C:\\Users\\HP\\Downloads\\smartretry_screenshots_final\\.venv\\Lib\\site-packages\\selenium\\webdriver\\common\\devtools\\v127\\autofill.py', reloading
2026-07-06 03:53:06,754 | INFO     | werkzeug |  * Detected change in 'C:\\Users\\HP\\Downloads\\smartretry_screenshots_final\\.venv\\Lib\\site-packages\\selenium\\webdriver\\common\\devtools\\v127\\background_service.py', reloading
2026-07-06 03:53:06,754 | INFO     | werkzeug |  * Detected change in 'C:\\Users\\HP\\Downloads\\smartretry_screenshots_final\\.venv\\Lib\\site-packages\\selenium\\webdriver\\common\\devtools\\v127\\background_service.py', reloading
2026-07-06 03:53:06,767 | INFO     | werkzeug |  * Detected change in 'C:\\Users\\HP\\Downloads\\smartretry_screenshots_final\\.venv\\Lib\\site-packages\\selenium\\webdriver\\common\\devtools\\v127\\browser.py', reloading
2026-07-06 03:53:06,774 | INFO     | werkzeug |  * Detected change in 'C:\\Users\\HP\\Downloads\\smartretry_screenshots_final\\.venv\\Lib\\site-packages\\selenium\\webdriver\\common\\devtools\\v127\\cache_storage.py', reloading
2026-07-06 03:53:06,774 | INFO     | werkzeug |  * Detected change in 'C:\\Users\\HP\\Downloads\\smartretry_screenshots_final\\.venv\\Lib\\site-packages\\selenium\\webdriver\\common\\devtools\\v127\\cache_storage.py', reloading
2026-07-06 03:53:06,788 | INFO     | werkzeug |  * Detected change in 'C:\\Users\\HP\\Downloads\\smartretry_screenshots_final\\.venv\\Lib\\site-packages\\selenium\\webdriver\\common\\devtools\\v127\\cast.py', reloading
2026-07-06 03:53:06,788 | INFO     | werkzeug |  * Detected change in 'C:\\Users\\HP\\Downloads\\smartretry_screenshots_final\\.venv\\Lib\\site-packages\\selenium\\webdriver\\common\\devtools\\v127\\cast.py', reloading
2026-07-06 03:53:06,802 | INFO     | werkzeug |  * Detected change in 'C:\\Users\\HP\\Downloads\\smartretry_screenshots_final\\.venv\\Lib\\site-packages\\selenium\\webdriver\\common\\devtools\\v127\\console.py', reloading
2026-07-06 03:53:06,803 | INFO     | werkzeug |  * Detected change in 'C:\\Users\\HP\\Downloads\\smartretry_screenshots_final\\.venv\\Lib\\site-packages\\selenium\\webdriver\\common\\devtools\\v127\\console.py', reloading
2026-07-06 03:53:06,815 | INFO     | werkzeug |  * Detected change in 'C:\\Users\\HP\\Downloads\\smartretry_screenshots_final\\.venv\\Lib\\site-packages\\selenium\\webdriver\\common\\devtools\\v127\\css.py', reloading
2026-07-06 03:53:06,826 | INFO     | werkzeug |  * Detected change in 'C:\\Users\\HP\\Downloads\\smartretry_screenshots_final\\.venv\\Lib\\site-packages\\selenium\\webdriver\\common\\devtools\\v127\\database.py', reloading
2026-07-06 03:53:06,826 | INFO     | werkzeug |  * Detected change in 'C:\\Users\\HP\\Downloads\\smartretry_screenshots_final\\.venv\\Lib\\site-packages\\selenium\\webdriver\\common\\devtools\\v127\\database.py', reloading
2026-07-06 03:53:06,844 | INFO     | werkzeug |  * Detected change in 'C:\\Users\\HP\\Downloads\\smartretry_screenshots_final\\.venv\\Lib\\site-packages\\selenium\\webdriver\\common\\devtools\\v127\\debugger.py', reloading
2026-07-06 03:53:06,844 | INFO     | werkzeug |  * Detected change in 'C:\\Users\\HP\\Downloads\\smartretry_screenshots_final\\.venv\\Lib\\site-packages\\selenium\\webdriver\\common\\devtools\\v127\\debugger.py', reloading
2026-07-06 03:53:06,876 | INFO     | werkzeug |  * Detected change in 'C:\\Users\\HP\\Downloads\\smartretry_screenshots_final\\.venv\\Lib\\site-packages\\selenium\\webdriver\\common\\devtools\\v127\\device_access.py', reloading
2026-07-06 03:53:06,916 | INFO     | werkzeug |  * Detected change in 'C:\\Users\\HP\\Downloads\\smartretry_screenshots_final\\.venv\\Lib\\site-packages\\selenium\\webdriver\\common\\devtools\\v127\\device_orientation.py', reloading
2026-07-06 03:53:06,916 | INFO     | werkzeug |  * Detected change in 'C:\\Users\\HP\\Downloads\\smartretry_screenshots_final\\.venv\\Lib\\site-packages\\selenium\\webdriver\\common\\devtools\\v127\\device_orientation.py', reloading
2026-07-06 03:53:06,947 | INFO     | werkzeug |  * Detected change in 'C:\\Users\\HP\\Downloads\\smartretry_screenshots_final\\.venv\\Lib\\site-packages\\selenium\\webdriver\\common\\devtools\\v127\\dom.py', reloading
2026-07-06 03:53:06,947 | INFO     | werkzeug |  * Detected change in 'C:\\Users\\HP\\Downloads\\smartretry_screenshots_final\\.venv\\Lib\\site-packages\\selenium\\webdriver\\common\\devtools\\v127\\dom.py', reloading
2026-07-06 03:53:06,973 | INFO     | werkzeug |  * Detected change in 'C:\\Users\\HP\\Downloads\\smartretry_screenshots_final\\.venv\\Lib\\site-packages\\selenium\\webdriver\\common\\devtools\\v127\\dom_debugger.py', reloading
2026-07-06 03:53:06,973 | INFO     | werkzeug |  * Detected change in 'C:\\Users\\HP\\Downloads\\smartretry_screenshots_final\\.venv\\Lib\\site-packages\\selenium\\webdriver\\common\\devtools\\v127\\dom_debugger.py', reloading
2026-07-06 03:53:07,006 | INFO     | werkzeug |  * Detected change in 'C:\\Users\\HP\\Downloads\\smartretry_screenshots_final\\.venv\\Lib\\site-packages\\selenium\\webdriver\\common\\devtools\\v127\\dom_snapshot.py', reloading
2026-07-06 03:53:07,006 | INFO     | werkzeug |  * Detected change in 'C:\\Users\\HP\\Downloads\\smartretry_screenshots_final\\.venv\\Lib\\site-packages\\selenium\\webdriver\\common\\devtools\\v127\\dom_snapshot.py', reloading
2026-07-06 03:53:07,036 | INFO     | werkzeug |  * Detected change in 'C:\\Users\\HP\\Downloads\\smartretry_screenshots_final\\.venv\\Lib\\site-packages\\selenium\\webdriver\\common\\devtools\\v127\\dom_storage.py', reloading
2026-07-06 03:53:07,036 | INFO     | werkzeug |  * Detected change in 'C:\\Users\\HP\\Downloads\\smartretry_screenshots_final\\.venv\\Lib\\site-packages\\selenium\\webdriver\\common\\devtools\\v127\\dom_storage.py', reloading
2026-07-06 03:53:07,060 | INFO     | werkzeug |  * Detected change in 'C:\\Users\\HP\\Downloads\\smartretry_screenshots_final\\.venv\\Lib\\site-packages\\selenium\\webdriver\\common\\devtools\\v127\\emulation.py', reloading
2026-07-06 03:53:07,060 | INFO     | werkzeug |  * Detected change in 'C:\\Users\\HP\\Downloads\\smartretry_screenshots_final\\.venv\\Lib\\site-packages\\selenium\\webdriver\\common\\devtools\\v127\\emulation.py', reloading
2026-07-06 03:53:07,095 | INFO     | werkzeug |  * Detected change in 'C:\\Users\\HP\\Downloads\\smartretry_screenshots_final\\.venv\\Lib\\site-packages\\selenium\\webdriver\\common\\devtools\\v127\\event_breakpoints.py', reloading
2026-07-06 03:53:07,095 | INFO     | werkzeug |  * Detected change in 'C:\\Users\\HP\\Downloads\\smartretry_screenshots_final\\.venv\\Lib\\site-packages\\selenium\\webdriver\\common\\devtools\\v127\\event_breakpoints.py', reloading
2026-07-06 03:53:07,146 | INFO     | werkzeug |  * Detected change in 'C:\\Users\\HP\\Downloads\\smartretry_screenshots_final\\.venv\\Lib\\site-packages\\selenium\\webdriver\\common\\devtools\\v127\\extensions.py', reloading
2026-07-06 03:53:07,146 | INFO     | werkzeug |  * Detected change in 'C:\\Users\\HP\\Downloads\\smartretry_screenshots_final\\.venv\\Lib\\site-packages\\selenium\\webdriver\\common\\devtools\\v127\\extensions.py', reloading
2026-07-06 03:53:07,195 | INFO     | werkzeug |  * Detected change in 'C:\\Users\\HP\\Downloads\\smartretry_screenshots_final\\.venv\\Lib\\site-packages\\selenium\\webdriver\\common\\devtools\\v127\\fed_cm.py', reloading
2026-07-06 03:53:07,253 | INFO     | werkzeug |  * Detected change in 'C:\\Users\\HP\\Downloads\\smartretry_screenshots_final\\.venv\\Lib\\site-packages\\selenium\\webdriver\\common\\devtools\\v127\\fetch.py', reloading
2026-07-06 03:53:07,253 | INFO     | werkzeug |  * Detected change in 'C:\\Users\\HP\\Downloads\\smartretry_screenshots_final\\.venv\\Lib\\site-packages\\selenium\\webdriver\\common\\devtools\\v127\\fetch.py', reloading
2026-07-06 03:53:07,325 | INFO     | werkzeug |  * Detected change in 'C:\\Users\\HP\\Downloads\\smartretry_screenshots_final\\.venv\\Lib\\site-packages\\selenium\\webdriver\\common\\devtools\\v127\\headless_experimental.py', reloading
2026-07-06 03:53:07,376 | INFO     | werkzeug |  * Detected change in 'C:\\Users\\HP\\Downloads\\smartretry_screenshots_final\\.venv\\Lib\\site-packages\\selenium\\webdriver\\common\\devtools\\v127\\heap_profiler.py', reloading
2026-07-06 03:53:07,376 | INFO     | werkzeug |  * Detected change in 'C:\\Users\\HP\\Downloads\\smartretry_screenshots_final\\.venv\\Lib\\site-packages\\selenium\\webdriver\\common\\devtools\\v127\\heap_profiler.py', reloading
2026-07-06 03:53:07,426 | INFO     | werkzeug |  * Detected change in 'C:\\Users\\HP\\Downloads\\smartretry_screenshots_final\\.venv\\Lib\\site-packages\\selenium\\webdriver\\common\\devtools\\v127\\indexed_db.py', reloading
2026-07-06 03:53:07,426 | INFO     | werkzeug |  * Detected change in 'C:\\Users\\HP\\Downloads\\smartretry_screenshots_final\\.venv\\Lib\\site-packages\\selenium\\webdriver\\common\\devtools\\v127\\indexed_db.py', reloading
2026-07-06 03:53:07,466 | INFO     | werkzeug |  * Detected change in 'C:\\Users\\HP\\Downloads\\smartretry_screenshots_final\\.venv\\Lib\\site-packages\\selenium\\webdriver\\common\\devtools\\v127\\input_.py', reloading
2026-07-06 03:53:07,466 | INFO     | werkzeug |  * Detected change in 'C:\\Users\\HP\\Downloads\\smartretry_screenshots_final\\.venv\\Lib\\site-packages\\selenium\\webdriver\\common\\devtools\\v127\\input_.py', reloading
2026-07-06 03:53:07,491 | INFO     | werkzeug |  * Detected change in 'C:\\Users\\HP\\Downloads\\smartretry_screenshots_final\\.venv\\Lib\\site-packages\\selenium\\webdriver\\common\\devtools\\v127\\inspector.py', reloading
2026-07-06 03:53:07,512 | INFO     | werkzeug |  * Detected change in 'C:\\Users\\HP\\Downloads\\smartretry_screenshots_final\\.venv\\Lib\\site-packages\\selenium\\webdriver\\common\\devtools\\v127\\io.py', reloading
2026-07-06 03:53:07,557 | INFO     | werkzeug |  * Detected change in 'C:\\Users\\HP\\Downloads\\smartretry_screenshots_final\\.venv\\Lib\\site-packages\\selenium\\webdriver\\common\\devtools\\v127\\layer_tree.py', reloading
2026-07-06 03:53:07,558 | INFO     | werkzeug |  * Detected change in 'C:\\Users\\HP\\Downloads\\smartretry_screenshots_final\\.venv\\Lib\\site-packages\\selenium\\webdriver\\common\\devtools\\v127\\layer_tree.py', reloading
2026-07-06 03:53:07,731 | INFO     | werkzeug |  * Restarting with watchdog (windowsapi)
2026-07-06 03:53:07,737 | INFO     | werkzeug |  * Restarting with watchdog (windowsapi)
2026-07-06 03:53:08,299 | INFO     | database.db_manager | Database initialized at C:\Users\HP\Downloads\smartretry_screenshots_final\database\framework.db
2026-07-06 03:53:08,326 | INFO     | database.db_manager | Database initialized at C:\Users\HP\Downloads\smartretry_screenshots_final\database\framework.db
2026-07-06 03:53:08,352 | WARNING  | werkzeug |  * Debugger is active!
2026-07-06 03:53:08,372 | INFO     | werkzeug |  * Debugger PIN: 106-337-974
2026-07-06 03:53:08,390 | WARNING  | werkzeug |  * Debugger is active!
2026-07-06 03:53:08,410 | INFO     | werkzeug |  * Debugger PIN: 106-337-974
2026-07-06 03:53:08,422 | INFO     | werkzeug |  * Detected change in 'C:\\Users\\HP\\Downloads\\smartretry_screenshots_final\\.venv\\Lib\\site-packages\\selenium\\webdriver\\common\\devtools\\v127\\web_audio.py', reloading
2026-07-06 03:53:08,444 | INFO     | werkzeug |  * Detected change in 'C:\\Users\\HP\\Downloads\\smartretry_screenshots_final\\.venv\\Lib\\site-packages\\selenium\\webdriver\\common\\devtools\\v127\\web_authn.py', reloading
2026-07-06 03:53:08,445 | INFO     | werkzeug |  * Detected change in 'C:\\Users\\HP\\Downloads\\smartretry_screenshots_final\\.venv\\Lib\\site-packages\\selenium\\webdriver\\common\\devtools\\v127\\web_authn.py', reloading
2026-07-06 03:53:08,457 | INFO     | werkzeug |  * Detected change in 'C:\\Users\\HP\\Downloads\\smartretry_screenshots_final\\.venv\\Lib\\site-packages\\selenium\\webdriver\\common\\devtools\\v127\\__init__.py', reloading
2026-07-06 03:53:08,457 | INFO     | werkzeug |  * Detected change in 'C:\\Users\\HP\\Downloads\\smartretry_screenshots_final\\.venv\\Lib\\site-packages\\selenium\\webdriver\\common\\devtools\\v127\\__init__.py', reloading
2026-07-06 03:53:09,082 | INFO     | werkzeug |  * Detected change in 'C:\\Users\\HP\\Downloads\\smartretry_screenshots_final\\.venv\\Lib\\site-packages\\selenium\\webdriver\\common\\devtools\\v85\\accessibility.py', reloading
2026-07-06 03:53:09,082 | INFO     | werkzeug |  * Detected change in 'C:\\Users\\HP\\Downloads\\smartretry_screenshots_final\\.venv\\Lib\\site-packages\\selenium\\webdriver\\common\\devtools\\v85\\accessibility.py', reloading
2026-07-06 03:53:09,092 | INFO     | werkzeug |  * Detected change in 'C:\\Users\\HP\\Downloads\\smartretry_screenshots_final\\.venv\\Lib\\site-packages\\selenium\\webdriver\\common\\devtools\\v85\\animation.py', reloading
2026-07-06 03:53:09,092 | INFO     | werkzeug |  * Detected change in 'C:\\Users\\HP\\Downloads\\smartretry_screenshots_final\\.venv\\Lib\\site-packages\\selenium\\webdriver\\common\\devtools\\v85\\animation.py', reloading
2026-07-06 03:53:09,101 | INFO     | werkzeug |  * Detected change in 'C:\\Users\\HP\\Downloads\\smartretry_screenshots_final\\.venv\\Lib\\site-packages\\selenium\\webdriver\\common\\devtools\\v85\\application_cache.py', reloading
2026-07-06 03:53:09,102 | INFO     | werkzeug |  * Detected change in 'C:\\Users\\HP\\Downloads\\smartretry_screenshots_final\\.venv\\Lib\\site-packages\\selenium\\webdriver\\common\\devtools\\v85\\application_cache.py', reloading
2026-07-06 03:53:09,109 | INFO     | werkzeug |  * Detected change in 'C:\\Users\\HP\\Downloads\\smartretry_screenshots_final\\.venv\\Lib\\site-packages\\selenium\\webdriver\\common\\devtools\\v85\\audits.py', reloading
2026-07-06 03:53:09,120 | INFO     | werkzeug |  * Detected change in 'C:\\Users\\HP\\Downloads\\smartretry_screenshots_final\\.venv\\Lib\\site-packages\\selenium\\webdriver\\common\\devtools\\v85\\background_service.py', reloading
2026-07-06 03:53:09,120 | INFO     | werkzeug |  * Detected change in 'C:\\Users\\HP\\Downloads\\smartretry_screenshots_final\\.venv\\Lib\\site-packages\\selenium\\webdriver\\common\\devtools\\v85\\background_service.py', reloading
2026-07-06 03:53:09,130 | INFO     | werkzeug |  * Detected change in 'C:\\Users\\HP\\Downloads\\smartretry_screenshots_final\\.venv\\Lib\\site-packages\\selenium\\webdriver\\common\\devtools\\v85\\browser.py', reloading
2026-07-06 03:53:09,130 | INFO     | werkzeug |  * Detected change in 'C:\\Users\\HP\\Downloads\\smartretry_screenshots_final\\.venv\\Lib\\site-packages\\selenium\\webdriver\\common\\devtools\\v85\\browser.py', reloading
2026-07-06 03:53:09,139 | INFO     | werkzeug |  * Detected change in 'C:\\Users\\HP\\Downloads\\smartretry_screenshots_final\\.venv\\Lib\\site-packages\\selenium\\webdriver\\common\\devtools\\v85\\cache_storage.py', reloading
2026-07-06 03:53:09,148 | INFO     | werkzeug |  * Detected change in 'C:\\Users\\HP\\Downloads\\smartretry_screenshots_final\\.venv\\Lib\\site-packages\\selenium\\webdriver\\common\\devtools\\v85\\cast.py', reloading
2026-07-06 03:53:09,148 | INFO     | werkzeug |  * Detected change in 'C:\\Users\\HP\\Downloads\\smartretry_screenshots_final\\.venv\\Lib\\site-packages\\selenium\\webdriver\\common\\devtools\\v85\\cast.py', reloading
2026-07-06 03:53:09,159 | INFO     | werkzeug |  * Detected change in 'C:\\Users\\HP\\Downloads\\smartretry_screenshots_final\\.venv\\Lib\\site-packages\\selenium\\webdriver\\common\\devtools\\v85\\console.py', reloading
2026-07-06 03:53:09,159 | INFO     | werkzeug |  * Detected change in 'C:\\Users\\HP\\Downloads\\smartretry_screenshots_final\\.venv\\Lib\\site-packages\\selenium\\webdriver\\common\\devtools\\v85\\console.py', reloading
2026-07-06 03:53:09,174 | INFO     | werkzeug |  * Detected change in 'C:\\Users\\HP\\Downloads\\smartretry_screenshots_final\\.venv\\Lib\\site-packages\\selenium\\webdriver\\common\\devtools\\v85\\css.py', reloading
2026-07-06 03:53:09,186 | INFO     | werkzeug |  * Detected change in 'C:\\Users\\HP\\Downloads\\smartretry_screenshots_final\\.venv\\Lib\\site-packages\\selenium\\webdriver\\common\\devtools\\v85\\database.py', reloading
2026-07-06 03:53:09,186 | INFO     | werkzeug |  * Detected change in 'C:\\Users\\HP\\Downloads\\smartretry_screenshots_final\\.venv\\Lib\\site-packages\\selenium\\webdriver\\common\\devtools\\v85\\database.py', reloading
2026-07-06 03:53:09,198 | INFO     | werkzeug |  * Detected change in 'C:\\Users\\HP\\Downloads\\smartretry_screenshots_final\\.venv\\Lib\\site-packages\\selenium\\webdriver\\common\\devtools\\v85\\debugger.py', reloading
2026-07-06 03:53:09,209 | INFO     | werkzeug |  * Detected change in 'C:\\Users\\HP\\Downloads\\smartretry_screenshots_final\\.venv\\Lib\\site-packages\\selenium\\webdriver\\common\\devtools\\v85\\device_orientation.py', reloading
2026-07-06 03:53:09,209 | INFO     | werkzeug |  * Detected change in 'C:\\Users\\HP\\Downloads\\smartretry_screenshots_final\\.venv\\Lib\\site-packages\\selenium\\webdriver\\common\\devtools\\v85\\device_orientation.py', reloading
2026-07-06 03:53:09,221 | INFO     | werkzeug |  * Detected change in 'C:\\Users\\HP\\Downloads\\smartretry_screenshots_final\\.venv\\Lib\\site-packages\\selenium\\webdriver\\common\\devtools\\v85\\dom.py', reloading
2026-07-06 03:53:09,221 | INFO     | werkzeug |  * Detected change in 'C:\\Users\\HP\\Downloads\\smartretry_screenshots_final\\.venv\\Lib\\site-packages\\selenium\\webdriver\\common\\devtools\\v85\\dom.py', reloading
2026-07-06 03:53:09,233 | INFO     | werkzeug |  * Detected change in 'C:\\Users\\HP\\Downloads\\smartretry_screenshots_final\\.venv\\Lib\\site-packages\\selenium\\webdriver\\common\\devtools\\v85\\dom_debugger.py', reloading
2026-07-06 03:53:09,233 | INFO     | werkzeug |  * Detected change in 'C:\\Users\\HP\\Downloads\\smartretry_screenshots_final\\.venv\\Lib\\site-packages\\selenium\\webdriver\\common\\devtools\\v85\\dom_debugger.py', reloading
2026-07-06 03:53:09,241 | INFO     | werkzeug |  * Detected change in 'C:\\Users\\HP\\Downloads\\smartretry_screenshots_final\\.venv\\Lib\\site-packages\\selenium\\webdriver\\common\\devtools\\v85\\dom_snapshot.py', reloading
2026-07-06 03:53:09,242 | INFO     | werkzeug |  * Detected change in 'C:\\Users\\HP\\Downloads\\smartretry_screenshots_final\\.venv\\Lib\\site-packages\\selenium\\webdriver\\common\\devtools\\v85\\dom_snapshot.py', reloading
2026-07-06 03:53:09,255 | INFO     | werkzeug |  * Detected change in 'C:\\Users\\HP\\Downloads\\smartretry_screenshots_final\\.venv\\Lib\\site-packages\\selenium\\webdriver\\common\\devtools\\v85\\dom_storage.py', reloading
2026-07-06 03:53:09,255 | INFO     | werkzeug |  * Detected change in 'C:\\Users\\HP\\Downloads\\smartretry_screenshots_final\\.venv\\Lib\\site-packages\\selenium\\webdriver\\common\\devtools\\v85\\dom_storage.py', reloading
2026-07-06 03:53:09,267 | INFO     | werkzeug |  * Detected change in 'C:\\Users\\HP\\Downloads\\smartretry_screenshots_final\\.venv\\Lib\\site-packages\\selenium\\webdriver\\common\\devtools\\v85\\emulation.py', reloading
2026-07-06 03:53:09,267 | INFO     | werkzeug |  * Detected change in 'C:\\Users\\HP\\Downloads\\smartretry_screenshots_final\\.venv\\Lib\\site-packages\\selenium\\webdriver\\common\\devtools\\v85\\emulation.py', reloading
2026-07-06 03:53:09,281 | INFO     | werkzeug |  * Detected change in 'C:\\Users\\HP\\Downloads\\smartretry_screenshots_final\\.venv\\Lib\\site-packages\\selenium\\webdriver\\common\\devtools\\v85\\fetch.py', reloading
2026-07-06 03:53:09,281 | INFO     | werkzeug |  * Detected change in 'C:\\Users\\HP\\Downloads\\smartretry_screenshots_final\\.venv\\Lib\\site-packages\\selenium\\webdriver\\common\\devtools\\v85\\fetch.py', reloading
2026-07-06 03:53:09,297 | INFO     | werkzeug |  * Detected change in 'C:\\Users\\HP\\Downloads\\smartretry_screenshots_final\\.venv\\Lib\\site-packages\\selenium\\webdriver\\common\\devtools\\v85\\headless_experimental.py', reloading
2026-07-06 03:53:09,297 | INFO     | werkzeug |  * Detected change in 'C:\\Users\\HP\\Downloads\\smartretry_screenshots_final\\.venv\\Lib\\site-packages\\selenium\\webdriver\\common\\devtools\\v85\\headless_experimental.py', reloading
2026-07-06 03:53:09,327 | INFO     | werkzeug |  * Detected change in 'C:\\Users\\HP\\Downloads\\smartretry_screenshots_final\\.venv\\Lib\\site-packages\\selenium\\webdriver\\common\\devtools\\v85\\heap_profiler.py', reloading
2026-07-06 03:53:09,346 | INFO     | werkzeug |  * Detected change in 'C:\\Users\\HP\\Downloads\\smartretry_screenshots_final\\.venv\\Lib\\site-packages\\selenium\\webdriver\\common\\devtools\\v85\\indexed_db.py', reloading
2026-07-06 03:53:09,361 | INFO     | werkzeug |  * Detected change in 'C:\\Users\\HP\\Downloads\\smartretry_screenshots_final\\.venv\\Lib\\site-packages\\selenium\\webdriver\\common\\devtools\\v85\\input_.py', reloading
2026-07-06 03:53:09,361 | INFO     | werkzeug |  * Detected change in 'C:\\Users\\HP\\Downloads\\smartretry_screenshots_final\\.venv\\Lib\\site-packages\\selenium\\webdriver\\common\\devtools\\v85\\input_.py', reloading
2026-07-06 03:53:09,376 | INFO     | werkzeug |  * Detected change in 'C:\\Users\\HP\\Downloads\\smartretry_screenshots_final\\.venv\\Lib\\site-packages\\selenium\\webdriver\\common\\devtools\\v85\\inspector.py', reloading
2026-07-06 03:53:09,376 | INFO     | werkzeug |  * Detected change in 'C:\\Users\\HP\\Downloads\\smartretry_screenshots_final\\.venv\\Lib\\site-packages\\selenium\\webdriver\\common\\devtools\\v85\\inspector.py', reloading
2026-07-06 03:53:09,392 | INFO     | werkzeug |  * Detected change in 'C:\\Users\\HP\\Downloads\\smartretry_screenshots_final\\.venv\\Lib\\site-packages\\selenium\\webdriver\\common\\devtools\\v85\\io.py', reloading
2026-07-06 03:53:09,392 | INFO     | werkzeug |  * Detected change in 'C:\\Users\\HP\\Downloads\\smartretry_screenshots_final\\.venv\\Lib\\site-packages\\selenium\\webdriver\\common\\devtools\\v85\\io.py', reloading
2026-07-06 03:53:09,404 | INFO     | werkzeug |  * Detected change in 'C:\\Users\\HP\\Downloads\\smartretry_screenshots_final\\.venv\\Lib\\site-packages\\selenium\\webdriver\\common\\devtools\\v85\\layer_tree.py', reloading
2026-07-06 03:53:09,404 | INFO     | werkzeug |  * Detected change in 'C:\\Users\\HP\\Downloads\\smartretry_screenshots_final\\.venv\\Lib\\site-packages\\selenium\\webdriver\\common\\devtools\\v85\\layer_tree.py', reloading
2026-07-06 03:53:09,421 | INFO     | werkzeug |  * Detected change in 'C:\\Users\\HP\\Downloads\\smartretry_screenshots_final\\.venv\\Lib\\site-packages\\selenium\\webdriver\\common\\devtools\\v85\\log.py', reloading
2026-07-06 03:53:09,488 | INFO     | werkzeug |  * Restarting with watchdog (windowsapi)
2026-07-06 03:53:09,543 | INFO     | werkzeug |  * Restarting with watchdog (windowsapi)
2026-07-06 03:53:09,915 | INFO     | database.db_manager | Database initialized at C:\Users\HP\Downloads\smartretry_screenshots_final\database\framework.db
2026-07-06 03:53:09,927 | INFO     | database.db_manager | Database initialized at C:\Users\HP\Downloads\smartretry_screenshots_final\database\framework.db
2026-07-06 03:53:09,959 | WARNING  | werkzeug |  * Debugger is active!
2026-07-06 03:53:09,968 | WARNING  | werkzeug |  * Debugger is active!
2026-07-06 03:53:09,972 | INFO     | werkzeug |  * Debugger PIN: 106-337-974
2026-07-06 03:53:09,976 | INFO     | werkzeug |  * Debugger PIN: 106-337-974
2026-07-06 03:53:10,013 | INFO     | werkzeug |  * Detected change in 'C:\\Users\\HP\\Downloads\\smartretry_screenshots_final\\.venv\\Lib\\site-packages\\selenium\\webdriver\\common\\devtools\\v85\\__init__.py', reloading
2026-07-06 03:53:10,013 | INFO     | werkzeug |  * Detected change in 'C:\\Users\\HP\\Downloads\\smartretry_screenshots_final\\.venv\\Lib\\site-packages\\selenium\\webdriver\\common\\devtools\\v85\\__init__.py', reloading
2026-07-06 03:53:10,667 | INFO     | werkzeug |  * Detected change in 'C:\\Users\\HP\\Downloads\\smartretry_screenshots_final\\.venv\\Lib\\site-packages\\selenium\\webdriver\\edge\\options.py', reloading
2026-07-06 03:53:10,667 | INFO     | werkzeug |  * Detected change in 'C:\\Users\\HP\\Downloads\\smartretry_screenshots_final\\.venv\\Lib\\site-packages\\selenium\\webdriver\\edge\\options.py', reloading
2026-07-06 03:53:10,672 | INFO     | werkzeug |  * Detected change in 'C:\\Users\\HP\\Downloads\\smartretry_screenshots_final\\.venv\\Lib\\site-packages\\selenium\\webdriver\\edge\\remote_connection.py', reloading
2026-07-06 03:53:10,672 | INFO     | werkzeug |  * Detected change in 'C:\\Users\\HP\\Downloads\\smartretry_screenshots_final\\.venv\\Lib\\site-packages\\selenium\\webdriver\\edge\\remote_connection.py', reloading
2026-07-06 03:53:10,678 | INFO     | werkzeug |  * Detected change in 'C:\\Users\\HP\\Downloads\\smartretry_screenshots_final\\.venv\\Lib\\site-packages\\selenium\\webdriver\\edge\\service.py', reloading
2026-07-06 03:53:10,678 | INFO     | werkzeug |  * Detected change in 'C:\\Users\\HP\\Downloads\\smartretry_screenshots_final\\.venv\\Lib\\site-packages\\selenium\\webdriver\\edge\\service.py', reloading
2026-07-06 03:53:10,690 | INFO     | werkzeug |  * Detected change in 'C:\\Users\\HP\\Downloads\\smartretry_screenshots_final\\.venv\\Lib\\site-packages\\selenium\\webdriver\\edge\\webdriver.py', reloading
2026-07-06 03:53:10,690 | INFO     | werkzeug |  * Detected change in 'C:\\Users\\HP\\Downloads\\smartretry_screenshots_final\\.venv\\Lib\\site-packages\\selenium\\webdriver\\edge\\webdriver.py', reloading
2026-07-06 03:53:10,699 | INFO     | werkzeug |  * Detected change in 'C:\\Users\\HP\\Downloads\\smartretry_screenshots_final\\.venv\\Lib\\site-packages\\selenium\\webdriver\\edge\\__init__.py', reloading
2026-07-06 03:53:10,699 | INFO     | werkzeug |  * Detected change in 'C:\\Users\\HP\\Downloads\\smartretry_screenshots_final\\.venv\\Lib\\site-packages\\selenium\\webdriver\\edge\\__init__.py', reloading
2026-07-06 03:53:10,740 | INFO     | werkzeug |  * Detected change in 'C:\\Users\\HP\\Downloads\\smartretry_screenshots_final\\.venv\\Lib\\site-packages\\selenium\\webdriver\\firefox\\firefox_binary.py', reloading
2026-07-06 03:53:10,740 | INFO     | werkzeug |  * Detected change in 'C:\\Users\\HP\\Downloads\\smartretry_screenshots_final\\.venv\\Lib\\site-packages\\selenium\\webdriver\\firefox\\firefox_binary.py', reloading
2026-07-06 03:53:10,748 | INFO     | werkzeug |  * Detected change in 'C:\\Users\\HP\\Downloads\\smartretry_screenshots_final\\.venv\\Lib\\site-packages\\selenium\\webdriver\\firefox\\firefox_profile.py', reloading
2026-07-06 03:53:10,748 | INFO     | werkzeug |  * Detected change in 'C:\\Users\\HP\\Downloads\\smartretry_screenshots_final\\.venv\\Lib\\site-packages\\selenium\\webdriver\\firefox\\firefox_profile.py', reloading
2026-07-06 03:53:10,754 | INFO     | werkzeug |  * Detected change in 'C:\\Users\\HP\\Downloads\\smartretry_screenshots_final\\.venv\\Lib\\site-packages\\selenium\\webdriver\\firefox\\options.py', reloading
2026-07-06 03:53:10,755 | INFO     | werkzeug |  * Detected change in 'C:\\Users\\HP\\Downloads\\smartretry_screenshots_final\\.venv\\Lib\\site-packages\\selenium\\webdriver\\firefox\\options.py', reloading
2026-07-06 03:53:10,763 | INFO     | werkzeug |  * Detected change in 'C:\\Users\\HP\\Downloads\\smartretry_screenshots_final\\.venv\\Lib\\site-packages\\selenium\\webdriver\\firefox\\remote_connection.py', reloading
2026-07-06 03:53:10,768 | INFO     | werkzeug |  * Detected change in 'C:\\Users\\HP\\Downloads\\smartretry_screenshots_final\\.venv\\Lib\\site-packages\\selenium\\webdriver\\firefox\\service.py', reloading
2026-07-06 03:53:10,768 | INFO     | werkzeug |  * Detected change in 'C:\\Users\\HP\\Downloads\\smartretry_screenshots_final\\.venv\\Lib\\site-packages\\selenium\\webdriver\\firefox\\service.py', reloading
2026-07-06 03:53:10,774 | INFO     | werkzeug |  * Detected change in 'C:\\Users\\HP\\Downloads\\smartretry_screenshots_final\\.venv\\Lib\\site-packages\\selenium\\webdriver\\firefox\\webdriver.py', reloading
2026-07-06 03:53:10,774 | INFO     | werkzeug |  * Detected change in 'C:\\Users\\HP\\Downloads\\smartretry_screenshots_final\\.venv\\Lib\\site-packages\\selenium\\webdriver\\firefox\\webdriver.py', reloading
2026-07-06 03:53:10,787 | INFO     | werkzeug |  * Detected change in 'C:\\Users\\HP\\Downloads\\smartretry_screenshots_final\\.venv\\Lib\\site-packages\\selenium\\webdriver\\firefox\\__init__.py', reloading
2026-07-06 03:53:10,787 | INFO     | werkzeug |  * Detected change in 'C:\\Users\\HP\\Downloads\\smartretry_screenshots_final\\.venv\\Lib\\site-packages\\selenium\\webdriver\\firefox\\__init__.py', reloading
2026-07-06 03:53:10,849 | INFO     | werkzeug |  * Detected change in 'C:\\Users\\HP\\Downloads\\smartretry_screenshots_final\\.venv\\Lib\\site-packages\\selenium\\webdriver\\ie\\options.py', reloading
2026-07-06 03:53:10,849 | INFO     | werkzeug |  * Detected change in 'C:\\Users\\HP\\Downloads\\smartretry_screenshots_final\\.venv\\Lib\\site-packages\\selenium\\webdriver\\ie\\options.py', reloading
2026-07-06 03:53:10,855 | INFO     | werkzeug |  * Detected change in 'C:\\Users\\HP\\Downloads\\smartretry_screenshots_final\\.venv\\Lib\\site-packages\\selenium\\webdriver\\ie\\service.py', reloading
2026-07-06 03:53:10,855 | INFO     | werkzeug |  * Detected change in 'C:\\Users\\HP\\Downloads\\smartretry_screenshots_final\\.venv\\Lib\\site-packages\\selenium\\webdriver\\ie\\service.py', reloading
2026-07-06 03:53:10,863 | INFO     | werkzeug |  * Detected change in 'C:\\Users\\HP\\Downloads\\smartretry_screenshots_final\\.venv\\Lib\\site-packages\\selenium\\webdriver\\ie\\webdriver.py', reloading
2026-07-06 03:53:10,863 | INFO     | werkzeug |  * Detected change in 'C:\\Users\\HP\\Downloads\\smartretry_screenshots_final\\.venv\\Lib\\site-packages\\selenium\\webdriver\\ie\\webdriver.py', reloading
2026-07-06 03:53:10,870 | INFO     | werkzeug |  * Detected change in 'C:\\Users\\HP\\Downloads\\smartretry_screenshots_final\\.venv\\Lib\\site-packages\\selenium\\webdriver\\ie\\__init__.py', reloading
2026-07-06 03:53:10,870 | INFO     | werkzeug |  * Detected change in 'C:\\Users\\HP\\Downloads\\smartretry_screenshots_final\\.venv\\Lib\\site-packages\\selenium\\webdriver\\ie\\__init__.py', reloading
2026-07-06 03:53:10,962 | INFO     | werkzeug |  * Detected change in 'C:\\Users\\HP\\Downloads\\smartretry_screenshots_final\\.venv\\Lib\\site-packages\\selenium\\webdriver\\remote\\bidi_connection.py', reloading
2026-07-06 03:53:10,963 | INFO     | werkzeug |  * Detected change in 'C:\\Users\\HP\\Downloads\\smartretry_screenshots_final\\.venv\\Lib\\site-packages\\selenium\\webdriver\\remote\\bidi_connection.py', reloading
2026-07-06 03:53:10,984 | INFO     | werkzeug |  * Detected change in 'C:\\Users\\HP\\Downloads\\smartretry_screenshots_final\\.venv\\Lib\\site-packages\\selenium\\webdriver\\remote\\command.py', reloading
2026-07-06 03:53:10,984 | INFO     | werkzeug |  * Detected change in 'C:\\Users\\HP\\Downloads\\smartretry_screenshots_final\\.venv\\Lib\\site-packages\\selenium\\webdriver\\remote\\command.py', reloading
2026-07-06 03:53:11,001 | INFO     | werkzeug |  * Detected change in 'C:\\Users\\HP\\Downloads\\smartretry_screenshots_final\\.venv\\Lib\\site-packages\\selenium\\webdriver\\remote\\errorhandler.py', reloading
2026-07-06 03:53:11,001 | INFO     | werkzeug |  * Detected change in 'C:\\Users\\HP\\Downloads\\smartretry_screenshots_final\\.venv\\Lib\\site-packages\\selenium\\webdriver\\remote\\errorhandler.py', reloading
2026-07-06 03:53:11,129 | INFO     | werkzeug |  * Restarting with watchdog (windowsapi)
2026-07-06 03:53:11,131 | INFO     | werkzeug |  * Restarting with watchdog (windowsapi)
2026-07-06 03:53:11,575 | INFO     | database.db_manager | Database initialized at C:\Users\HP\Downloads\smartretry_screenshots_final\database\framework.db
2026-07-06 03:53:11,588 | INFO     | database.db_manager | Database initialized at C:\Users\HP\Downloads\smartretry_screenshots_final\database\framework.db
2026-07-06 03:53:11,601 | WARNING  | werkzeug |  * Debugger is active!
2026-07-06 03:53:11,607 | INFO     | werkzeug |  * Debugger PIN: 106-337-974
2026-07-06 03:53:11,619 | WARNING  | werkzeug |  * Debugger is active!
2026-07-06 03:53:11,626 | INFO     | werkzeug |  * Debugger PIN: 106-337-974
2026-07-06 03:53:11,701 | INFO     | werkzeug |  * Detected change in 'C:\\Users\\HP\\Downloads\\smartretry_screenshots_final\\.venv\\Lib\\site-packages\\selenium\\webdriver\\safari\\options.py', reloading
2026-07-06 03:53:11,701 | INFO     | werkzeug |  * Detected change in 'C:\\Users\\HP\\Downloads\\smartretry_screenshots_final\\.venv\\Lib\\site-packages\\selenium\\webdriver\\safari\\options.py', reloading
2026-07-06 03:53:11,708 | INFO     | werkzeug |  * Detected change in 'C:\\Users\\HP\\Downloads\\smartretry_screenshots_final\\.venv\\Lib\\site-packages\\selenium\\webdriver\\safari\\permissions.py', reloading
2026-07-06 03:53:11,708 | INFO     | werkzeug |  * Detected change in 'C:\\Users\\HP\\Downloads\\smartretry_screenshots_final\\.venv\\Lib\\site-packages\\selenium\\webdriver\\safari\\permissions.py', reloading
2026-07-06 03:53:11,720 | INFO     | werkzeug |  * Detected change in 'C:\\Users\\HP\\Downloads\\smartretry_screenshots_final\\.venv\\Lib\\site-packages\\selenium\\webdriver\\safari\\remote_connection.py', reloading
2026-07-06 03:53:11,720 | INFO     | werkzeug |  * Detected change in 'C:\\Users\\HP\\Downloads\\smartretry_screenshots_final\\.venv\\Lib\\site-packages\\selenium\\webdriver\\safari\\remote_connection.py', reloading
2026-07-06 03:53:11,728 | INFO     | werkzeug |  * Detected change in 'C:\\Users\\HP\\Downloads\\smartretry_screenshots_final\\.venv\\Lib\\site-packages\\selenium\\webdriver\\safari\\service.py', reloading
2026-07-06 03:53:11,728 | INFO     | werkzeug |  * Detected change in 'C:\\Users\\HP\\Downloads\\smartretry_screenshots_final\\.venv\\Lib\\site-packages\\selenium\\webdriver\\safari\\service.py', reloading
2026-07-06 03:53:11,736 | INFO     | werkzeug |  * Detected change in 'C:\\Users\\HP\\Downloads\\smartretry_screenshots_final\\.venv\\Lib\\site-packages\\selenium\\webdriver\\safari\\webdriver.py', reloading
2026-07-06 03:53:11,736 | INFO     | werkzeug |  * Detected change in 'C:\\Users\\HP\\Downloads\\smartretry_screenshots_final\\.venv\\Lib\\site-packages\\selenium\\webdriver\\safari\\webdriver.py', reloading
2026-07-06 03:53:11,748 | INFO     | werkzeug |  * Detected change in 'C:\\Users\\HP\\Downloads\\smartretry_screenshots_final\\.venv\\Lib\\site-packages\\selenium\\webdriver\\safari\\__init__.py', reloading
2026-07-06 03:53:11,806 | INFO     | werkzeug |  * Detected change in 'C:\\Users\\HP\\Downloads\\smartretry_screenshots_final\\.venv\\Lib\\site-packages\\selenium\\webdriver\\support\\abstract_event_listener.py', reloading
2026-07-06 03:53:11,806 | INFO     | werkzeug |  * Detected change in 'C:\\Users\\HP\\Downloads\\smartretry_screenshots_final\\.venv\\Lib\\site-packages\\selenium\\webdriver\\support\\abstract_event_listener.py', reloading
2026-07-06 03:53:11,817 | INFO     | werkzeug |  * Detected change in 'C:\\Users\\HP\\Downloads\\smartretry_screenshots_final\\.venv\\Lib\\site-packages\\selenium\\webdriver\\support\\color.py', reloading
2026-07-06 03:53:11,817 | INFO     | werkzeug |  * Detected change in 'C:\\Users\\HP\\Downloads\\smartretry_screenshots_final\\.venv\\Lib\\site-packages\\selenium\\webdriver\\support\\color.py', reloading
2026-07-06 03:53:11,827 | INFO     | werkzeug |  * Detected change in 'C:\\Users\\HP\\Downloads\\smartretry_screenshots_final\\.venv\\Lib\\site-packages\\selenium\\webdriver\\support\\events.py', reloading
2026-07-06 03:53:11,843 | INFO     | werkzeug |  * Detected change in 'C:\\Users\\HP\\Downloads\\smartretry_screenshots_final\\.venv\\Lib\\site-packages\\selenium\\webdriver\\support\\event_firing_webdriver.py', reloading
2026-07-06 03:53:11,843 | INFO     | werkzeug |  * Detected change in 'C:\\Users\\HP\\Downloads\\smartretry_screenshots_final\\.venv\\Lib\\site-packages\\selenium\\webdriver\\support\\event_firing_webdriver.py', reloading
2026-07-06 03:53:11,853 | INFO     | werkzeug |  * Detected change in 'C:\\Users\\HP\\Downloads\\smartretry_screenshots_final\\.venv\\Lib\\site-packages\\selenium\\webdriver\\support\\expected_conditions.py', reloading
2026-07-06 03:53:11,853 | INFO     | werkzeug |  * Detected change in 'C:\\Users\\HP\\Downloads\\smartretry_screenshots_final\\.venv\\Lib\\site-packages\\selenium\\webdriver\\support\\expected_conditions.py', reloading
2026-07-06 03:53:11,863 | INFO     | werkzeug |  * Detected change in 'C:\\Users\\HP\\Downloads\\smartretry_screenshots_final\\.venv\\Lib\\site-packages\\selenium\\webdriver\\support\\relative_locator.py', reloading
2026-07-06 03:53:11,863 | INFO     | werkzeug |  * Detected change in 'C:\\Users\\HP\\Downloads\\smartretry_screenshots_final\\.venv\\Lib\\site-packages\\selenium\\webdriver\\support\\relative_locator.py', reloading
2026-07-06 03:53:11,870 | INFO     | werkzeug |  * Detected change in 'C:\\Users\\HP\\Downloads\\smartretry_screenshots_final\\.venv\\Lib\\site-packages\\selenium\\webdriver\\support\\select.py', reloading
2026-07-06 03:53:11,871 | INFO     | werkzeug |  * Detected change in 'C:\\Users\\HP\\Downloads\\smartretry_screenshots_final\\.venv\\Lib\\site-packages\\selenium\\webdriver\\support\\select.py', reloading
2026-07-06 03:53:11,877 | INFO     | werkzeug |  * Detected change in 'C:\\Users\\HP\\Downloads\\smartretry_screenshots_final\\.venv\\Lib\\site-packages\\selenium\\webdriver\\support\\ui.py', reloading
2026-07-06 03:53:11,877 | INFO     | werkzeug |  * Detected change in 'C:\\Users\\HP\\Downloads\\smartretry_screenshots_final\\.venv\\Lib\\site-packages\\selenium\\webdriver\\support\\ui.py', reloading
2026-07-06 03:53:11,889 | INFO     | werkzeug |  * Detected change in 'C:\\Users\\HP\\Downloads\\smartretry_screenshots_final\\.venv\\Lib\\site-packages\\selenium\\webdriver\\support\\wait.py', reloading
2026-07-06 03:53:11,889 | INFO     | werkzeug |  * Detected change in 'C:\\Users\\HP\\Downloads\\smartretry_screenshots_final\\.venv\\Lib\\site-packages\\selenium\\webdriver\\support\\wait.py', reloading
2026-07-06 03:53:11,904 | INFO     | werkzeug |  * Detected change in 'C:\\Users\\HP\\Downloads\\smartretry_screenshots_final\\.venv\\Lib\\site-packages\\selenium\\webdriver\\support\\__init__.py', reloading
2026-07-06 03:53:11,904 | INFO     | werkzeug |  * Detected change in 'C:\\Users\\HP\\Downloads\\smartretry_screenshots_final\\.venv\\Lib\\site-packages\\selenium\\webdriver\\support\\__init__.py', reloading
2026-07-06 03:53:12,016 | INFO     | werkzeug |  * Detected change in 'C:\\Users\\HP\\Downloads\\smartretry_screenshots_final\\.venv\\Lib\\site-packages\\selenium\\webdriver\\webkitgtk\\options.py', reloading
2026-07-06 03:53:12,017 | INFO     | werkzeug |  * Detected change in 'C:\\Users\\HP\\Downloads\\smartretry_screenshots_final\\.venv\\Lib\\site-packages\\selenium\\webdriver\\webkitgtk\\options.py', reloading
2026-07-06 03:53:12,023 | INFO     | werkzeug |  * Detected change in 'C:\\Users\\HP\\Downloads\\smartretry_screenshots_final\\.venv\\Lib\\site-packages\\selenium\\webdriver\\webkitgtk\\service.py', reloading
2026-07-06 03:53:12,023 | INFO     | werkzeug |  * Detected change in 'C:\\Users\\HP\\Downloads\\smartretry_screenshots_final\\.venv\\Lib\\site-packages\\selenium\\webdriver\\webkitgtk\\service.py', reloading
2026-07-06 03:53:12,033 | INFO     | werkzeug |  * Detected change in 'C:\\Users\\HP\\Downloads\\smartretry_screenshots_final\\.venv\\Lib\\site-packages\\selenium\\webdriver\\webkitgtk\\webdriver.py', reloading
2026-07-06 03:53:12,033 | INFO     | werkzeug |  * Detected change in 'C:\\Users\\HP\\Downloads\\smartretry_screenshots_final\\.venv\\Lib\\site-packages\\selenium\\webdriver\\webkitgtk\\webdriver.py', reloading
2026-07-06 03:53:12,041 | INFO     | werkzeug |  * Detected change in 'C:\\Users\\HP\\Downloads\\smartretry_screenshots_final\\.venv\\Lib\\site-packages\\selenium\\webdriver\\webkitgtk\\__init__.py', reloading
2026-07-06 03:53:12,041 | INFO     | werkzeug |  * Detected change in 'C:\\Users\\HP\\Downloads\\smartretry_screenshots_final\\.venv\\Lib\\site-packages\\selenium\\webdriver\\webkitgtk\\__init__.py', reloading
2026-07-06 03:53:12,090 | INFO     | werkzeug |  * Detected change in 'C:\\Users\\HP\\Downloads\\smartretry_screenshots_final\\.venv\\Lib\\site-packages\\selenium\\webdriver\\wpewebkit\\options.py', reloading
2026-07-06 03:53:12,090 | INFO     | werkzeug |  * Detected change in 'C:\\Users\\HP\\Downloads\\smartretry_screenshots_final\\.venv\\Lib\\site-packages\\selenium\\webdriver\\wpewebkit\\options.py', reloading
2026-07-06 03:53:12,100 | INFO     | werkzeug |  * Detected change in 'C:\\Users\\HP\\Downloads\\smartretry_screenshots_final\\.venv\\Lib\\site-packages\\selenium\\webdriver\\wpewebkit\\service.py', reloading
2026-07-06 03:53:12,100 | INFO     | werkzeug |  * Detected change in 'C:\\Users\\HP\\Downloads\\smartretry_screenshots_final\\.venv\\Lib\\site-packages\\selenium\\webdriver\\wpewebkit\\service.py', reloading
2026-07-06 03:53:12,109 | INFO     | werkzeug |  * Detected change in 'C:\\Users\\HP\\Downloads\\smartretry_screenshots_final\\.venv\\Lib\\site-packages\\selenium\\webdriver\\wpewebkit\\webdriver.py', reloading
2026-07-06 03:53:12,109 | INFO     | werkzeug |  * Detected change in 'C:\\Users\\HP\\Downloads\\smartretry_screenshots_final\\.venv\\Lib\\site-packages\\selenium\\webdriver\\wpewebkit\\webdriver.py', reloading
2026-07-06 03:53:12,119 | INFO     | werkzeug |  * Detected change in 'C:\\Users\\HP\\Downloads\\smartretry_screenshots_final\\.venv\\Lib\\site-packages\\selenium\\webdriver\\wpewebkit\\__init__.py', reloading
2026-07-06 03:53:12,119 | INFO     | werkzeug |  * Detected change in 'C:\\Users\\HP\\Downloads\\smartretry_screenshots_final\\.venv\\Lib\\site-packages\\selenium\\webdriver\\wpewebkit\\__init__.py', reloading
2026-07-06 03:53:12,254 | INFO     | werkzeug |  * Detected change in 'C:\\Users\\HP\\Downloads\\smartretry_screenshots_final\\.venv\\Lib\\site-packages\\setuptools\\archive_util.py', reloading
2026-07-06 03:53:12,254 | INFO     | werkzeug |  * Detected change in 'C:\\Users\\HP\\Downloads\\smartretry_screenshots_final\\.venv\\Lib\\site-packages\\setuptools\\archive_util.py', reloading
2026-07-06 03:53:12,263 | INFO     | werkzeug |  * Detected change in 'C:\\Users\\HP\\Downloads\\smartretry_screenshots_final\\.venv\\Lib\\site-packages\\setuptools\\build_meta.py', reloading
2026-07-06 03:53:12,263 | INFO     | werkzeug |  * Detected change in 'C:\\Users\\HP\\Downloads\\smartretry_screenshots_final\\.venv\\Lib\\site-packages\\setuptools\\build_meta.py', reloading
2026-07-06 03:53:12,303 | INFO     | werkzeug |  * Detected change in 'C:\\Users\\HP\\Downloads\\smartretry_screenshots_final\\.venv\\Lib\\site-packages\\setuptools\\depends.py', reloading
2026-07-06 03:53:12,303 | INFO     | werkzeug |  * Detected change in 'C:\\Users\\HP\\Downloads\\smartretry_screenshots_final\\.venv\\Lib\\site-packages\\setuptools\\depends.py', reloading
2026-07-06 03:53:12,310 | INFO     | werkzeug |  * Detected change in 'C:\\Users\\HP\\Downloads\\smartretry_screenshots_final\\.venv\\Lib\\site-packages\\setuptools\\dep_util.py', reloading
2026-07-06 03:53:12,310 | INFO     | werkzeug |  * Detected change in 'C:\\Users\\HP\\Downloads\\smartretry_screenshots_final\\.venv\\Lib\\site-packages\\setuptools\\dep_util.py', reloading
2026-07-06 03:53:12,318 | INFO     | werkzeug |  * Detected change in 'C:\\Users\\HP\\Downloads\\smartretry_screenshots_final\\.venv\\Lib\\site-packages\\setuptools\\discovery.py', reloading
2026-07-06 03:53:12,319 | INFO     | werkzeug |  * Detected change in 'C:\\Users\\HP\\Downloads\\smartretry_screenshots_final\\.venv\\Lib\\site-packages\\setuptools\\discovery.py', reloading
2026-07-06 03:53:12,326 | INFO     | werkzeug |  * Detected change in 'C:\\Users\\HP\\Downloads\\smartretry_screenshots_final\\.venv\\Lib\\site-packages\\setuptools\\dist.py', reloading
2026-07-06 03:53:12,326 | INFO     | werkzeug |  * Detected change in 'C:\\Users\\HP\\Downloads\\smartretry_screenshots_final\\.venv\\Lib\\site-packages\\setuptools\\dist.py', reloading
2026-07-06 03:53:12,335 | INFO     | werkzeug |  * Detected change in 'C:\\Users\\HP\\Downloads\\smartretry_screenshots_final\\.venv\\Lib\\site-packages\\setuptools\\errors.py', reloading
2026-07-06 03:53:12,335 | INFO     | werkzeug |  * Detected change in 'C:\\Users\\HP\\Downloads\\smartretry_screenshots_final\\.venv\\Lib\\site-packages\\setuptools\\errors.py', reloading
2026-07-06 03:53:12,347 | INFO     | werkzeug |  * Detected change in 'C:\\Users\\HP\\Downloads\\smartretry_screenshots_final\\.venv\\Lib\\site-packages\\setuptools\\extension.py', reloading
2026-07-06 03:53:12,347 | INFO     | werkzeug |  * Detected change in 'C:\\Users\\HP\\Downloads\\smartretry_screenshots_final\\.venv\\Lib\\site-packages\\setuptools\\extension.py', reloading
2026-07-06 03:53:12,356 | INFO     | werkzeug |  * Detected change in 'C:\\Users\\HP\\Downloads\\smartretry_screenshots_final\\.venv\\Lib\\site-packages\\setuptools\\glob.py', reloading
2026-07-06 03:53:12,356 | INFO     | werkzeug |  * Detected change in 'C:\\Users\\HP\\Downloads\\smartretry_screenshots_final\\.venv\\Lib\\site-packages\\setuptools\\glob.py', reloading
2026-07-06 03:53:12,417 | INFO     | werkzeug |  * Detected change in 'C:\\Users\\HP\\Downloads\\smartretry_screenshots_final\\.venv\\Lib\\site-packages\\setuptools\\installer.py', reloading
2026-07-06 03:53:12,417 | INFO     | werkzeug |  * Detected change in 'C:\\Users\\HP\\Downloads\\smartretry_screenshots_final\\.venv\\Lib\\site-packages\\setuptools\\installer.py', reloading
2026-07-06 03:53:12,425 | INFO     | werkzeug |  * Detected change in 'C:\\Users\\HP\\Downloads\\smartretry_screenshots_final\\.venv\\Lib\\site-packages\\setuptools\\launch.py', reloading
2026-07-06 03:53:12,425 | INFO     | werkzeug |  * Detected change in 'C:\\Users\\HP\\Downloads\\smartretry_screenshots_final\\.venv\\Lib\\site-packages\\setuptools\\launch.py', reloading
2026-07-06 03:53:12,440 | INFO     | werkzeug |  * Detected change in 'C:\\Users\\HP\\Downloads\\smartretry_screenshots_final\\.venv\\Lib\\site-packages\\setuptools\\logging.py', reloading
2026-07-06 03:53:12,440 | INFO     | werkzeug |  * Detected change in 'C:\\Users\\HP\\Downloads\\smartretry_screenshots_final\\.venv\\Lib\\site-packages\\setuptools\\logging.py', reloading
2026-07-06 03:53:12,458 | INFO     | werkzeug |  * Detected change in 'C:\\Users\\HP\\Downloads\\smartretry_screenshots_final\\.venv\\Lib\\site-packages\\setuptools\\monkey.py', reloading
2026-07-06 03:53:12,473 | INFO     | werkzeug |  * Detected change in 'C:\\Users\\HP\\Downloads\\smartretry_screenshots_final\\.venv\\Lib\\site-packages\\setuptools\\msvc.py', reloading
2026-07-06 03:53:12,473 | INFO     | werkzeug |  * Detected change in 'C:\\Users\\HP\\Downloads\\smartretry_screenshots_final\\.venv\\Lib\\site-packages\\setuptools\\msvc.py', reloading
2026-07-06 03:53:12,490 | INFO     | werkzeug |  * Detected change in 'C:\\Users\\HP\\Downloads\\smartretry_screenshots_final\\.venv\\Lib\\site-packages\\setuptools\\namespaces.py', reloading
2026-07-06 03:53:12,490 | INFO     | werkzeug |  * Detected change in 'C:\\Users\\HP\\Downloads\\smartretry_screenshots_final\\.venv\\Lib\\site-packages\\setuptools\\namespaces.py', reloading
2026-07-06 03:53:12,509 | INFO     | werkzeug |  * Detected change in 'C:\\Users\\HP\\Downloads\\smartretry_screenshots_final\\.venv\\Lib\\site-packages\\setuptools\\package_index.py', reloading
2026-07-06 03:53:12,527 | INFO     | werkzeug |  * Detected change in 'C:\\Users\\HP\\Downloads\\smartretry_screenshots_final\\.venv\\Lib\\site-packages\\setuptools\\py34compat.py', reloading
2026-07-06 03:53:12,527 | INFO     | werkzeug |  * Detected change in 'C:\\Users\\HP\\Downloads\\smartretry_screenshots_final\\.venv\\Lib\\site-packages\\setuptools\\py34compat.py', reloading
2026-07-06 03:53:12,543 | INFO     | werkzeug |  * Detected change in 'C:\\Users\\HP\\Downloads\\smartretry_screenshots_final\\.venv\\Lib\\site-packages\\setuptools\\sandbox.py', reloading
2026-07-06 03:53:12,543 | INFO     | werkzeug |  * Detected change in 'C:\\Users\\HP\\Downloads\\smartretry_screenshots_final\\.venv\\Lib\\site-packages\\setuptools\\sandbox.py', reloading
2026-07-06 03:53:12,597 | INFO     | werkzeug |  * Detected change in 'C:\\Users\\HP\\Downloads\\smartretry_screenshots_final\\.venv\\Lib\\site-packages\\setuptools\\unicode_utils.py', reloading
2026-07-06 03:53:12,618 | INFO     | werkzeug |  * Detected change in 'C:\\Users\\HP\\Downloads\\smartretry_screenshots_final\\.venv\\Lib\\site-packages\\setuptools\\version.py', reloading
2026-07-06 03:53:12,619 | INFO     | werkzeug |  * Detected change in 'C:\\Users\\HP\\Downloads\\smartretry_screenshots_final\\.venv\\Lib\\site-packages\\setuptools\\version.py', reloading
2026-07-06 03:53:12,647 | INFO     | werkzeug |  * Detected change in 'C:\\Users\\HP\\Downloads\\smartretry_screenshots_final\\.venv\\Lib\\site-packages\\setuptools\\wheel.py', reloading
2026-07-06 03:53:12,752 | INFO     | werkzeug |  * Restarting with watchdog (windowsapi)
2026-07-06 03:53:12,771 | INFO     | werkzeug |  * Restarting with watchdog (windowsapi)
2026-07-06 03:53:13,249 | INFO     | database.db_manager | Database initialized at C:\Users\HP\Downloads\smartretry_screenshots_final\database\framework.db
2026-07-06 03:53:13,272 | INFO     | database.db_manager | Database initialized at C:\Users\HP\Downloads\smartretry_screenshots_final\database\framework.db
2026-07-06 03:53:13,273 | WARNING  | werkzeug |  * Debugger is active!
2026-07-06 03:53:13,280 | INFO     | werkzeug |  * Debugger PIN: 106-337-974
2026-07-06 03:53:13,299 | WARNING  | werkzeug |  * Debugger is active!
2026-07-06 03:53:13,304 | INFO     | werkzeug |  * Debugger PIN: 106-337-974
2026-07-06 03:53:13,308 | INFO     | werkzeug |  * Detected change in 'C:\\Users\\HP\\Downloads\\smartretry_screenshots_final\\.venv\\Lib\\site-packages\\setuptools\\command\\install.py', reloading
2026-07-06 03:53:13,325 | INFO     | werkzeug |  * Detected change in 'C:\\Users\\HP\\Downloads\\smartretry_screenshots_final\\.venv\\Lib\\site-packages\\setuptools\\command\\install_egg_info.py', reloading
2026-07-06 03:53:13,337 | INFO     | werkzeug |  * Detected change in 'C:\\Users\\HP\\Downloads\\smartretry_screenshots_final\\.venv\\Lib\\site-packages\\setuptools\\command\\install_lib.py', reloading
2026-07-06 03:53:13,337 | INFO     | werkzeug |  * Detected change in 'C:\\Users\\HP\\Downloads\\smartretry_screenshots_final\\.venv\\Lib\\site-packages\\setuptools\\command\\install_lib.py', reloading
2026-07-06 03:53:13,343 | INFO     | werkzeug |  * Detected change in 'C:\\Users\\HP\\Downloads\\smartretry_screenshots_final\\.venv\\Lib\\site-packages\\setuptools\\command\\install_scripts.py', reloading
2026-07-06 03:53:13,343 | INFO     | werkzeug |  * Detected change in 'C:\\Users\\HP\\Downloads\\smartretry_screenshots_final\\.venv\\Lib\\site-packages\\setuptools\\command\\install_scripts.py', reloading
2026-07-06 03:53:13,358 | INFO     | werkzeug |  * Detected change in 'C:\\Users\\HP\\Downloads\\smartretry_screenshots_final\\.venv\\Lib\\site-packages\\setuptools\\command\\py36compat.py', reloading
2026-07-06 03:53:13,358 | INFO     | werkzeug |  * Detected change in 'C:\\Users\\HP\\Downloads\\smartretry_screenshots_final\\.venv\\Lib\\site-packages\\setuptools\\command\\py36compat.py', reloading
2026-07-06 03:53:13,367 | INFO     | werkzeug |  * Detected change in 'C:\\Users\\HP\\Downloads\\smartretry_screenshots_final\\.venv\\Lib\\site-packages\\setuptools\\command\\register.py', reloading
2026-07-06 03:53:13,367 | INFO     | werkzeug |  * Detected change in 'C:\\Users\\HP\\Downloads\\smartretry_screenshots_final\\.venv\\Lib\\site-packages\\setuptools\\command\\register.py', reloading
2026-07-06 03:53:13,373 | INFO     | werkzeug |  * Detected change in 'C:\\Users\\HP\\Downloads\\smartretry_screenshots_final\\.venv\\Lib\\site-packages\\setuptools\\command\\rotate.py', reloading
2026-07-06 03:53:13,373 | INFO     | werkzeug |  * Detected change in 'C:\\Users\\HP\\Downloads\\smartretry_screenshots_final\\.venv\\Lib\\site-packages\\setuptools\\command\\rotate.py', reloading
2026-07-06 03:53:13,382 | INFO     | werkzeug |  * Detected change in 'C:\\Users\\HP\\Downloads\\smartretry_screenshots_final\\.venv\\Lib\\site-packages\\setuptools\\command\\saveopts.py', reloading
2026-07-06 03:53:13,382 | INFO     | werkzeug |  * Detected change in 'C:\\Users\\HP\\Downloads\\smartretry_screenshots_final\\.venv\\Lib\\site-packages\\setuptools\\command\\saveopts.py', reloading
2026-07-06 03:53:13,388 | INFO     | werkzeug |  * Detected change in 'C:\\Users\\HP\\Downloads\\smartretry_screenshots_final\\.venv\\Lib\\site-packages\\setuptools\\command\\sdist.py', reloading
2026-07-06 03:53:13,389 | INFO     | werkzeug |  * Detected change in 'C:\\Users\\HP\\Downloads\\smartretry_screenshots_final\\.venv\\Lib\\site-packages\\setuptools\\command\\sdist.py', reloading
2026-07-06 03:53:13,396 | INFO     | werkzeug |  * Detected change in 'C:\\Users\\HP\\Downloads\\smartretry_screenshots_final\\.venv\\Lib\\site-packages\\setuptools\\command\\setopt.py', reloading
2026-07-06 03:53:13,396 | INFO     | werkzeug |  * Detected change in 'C:\\Users\\HP\\Downloads\\smartretry_screenshots_final\\.venv\\Lib\\site-packages\\setuptools\\command\\setopt.py', reloading
2026-07-06 03:53:13,404 | INFO     | werkzeug |  * Detected change in 'C:\\Users\\HP\\Downloads\\smartretry_screenshots_final\\.venv\\Lib\\site-packages\\setuptools\\command\\test.py', reloading
2026-07-06 03:53:13,404 | INFO     | werkzeug |  * Detected change in 'C:\\Users\\HP\\Downloads\\smartretry_screenshots_final\\.venv\\Lib\\site-packages\\setuptools\\command\\test.py', reloading
2026-07-06 03:53:13,413 | INFO     | werkzeug |  * Detected change in 'C:\\Users\\HP\\Downloads\\smartretry_screenshots_final\\.venv\\Lib\\site-packages\\setuptools\\command\\upload.py', reloading
2026-07-06 03:53:13,421 | INFO     | werkzeug |  * Detected change in 'C:\\Users\\HP\\Downloads\\smartretry_screenshots_final\\.venv\\Lib\\site-packages\\setuptools\\command\\upload_docs.py', reloading
2026-07-06 03:53:13,421 | INFO     | werkzeug |  * Detected change in 'C:\\Users\\HP\\Downloads\\smartretry_screenshots_final\\.venv\\Lib\\site-packages\\setuptools\\command\\upload_docs.py', reloading
2026-07-06 03:53:13,430 | INFO     | werkzeug |  * Detected change in 'C:\\Users\\HP\\Downloads\\smartretry_screenshots_final\\.venv\\Lib\\site-packages\\setuptools\\command\\__init__.py', reloading
2026-07-06 03:53:13,430 | INFO     | werkzeug |  * Detected change in 'C:\\Users\\HP\\Downloads\\smartretry_screenshots_final\\.venv\\Lib\\site-packages\\setuptools\\command\\__init__.py', reloading
2026-07-06 03:53:13,634 | INFO     | werkzeug |  * Detected change in 'C:\\Users\\HP\\Downloads\\smartretry_screenshots_final\\.venv\\Lib\\site-packages\\setuptools\\config\\expand.py', reloading
2026-07-06 03:53:13,634 | INFO     | werkzeug |  * Detected change in 'C:\\Users\\HP\\Downloads\\smartretry_screenshots_final\\.venv\\Lib\\site-packages\\setuptools\\config\\expand.py', reloading
2026-07-06 03:53:13,639 | INFO     | werkzeug |  * Detected change in 'C:\\Users\\HP\\Downloads\\smartretry_screenshots_final\\.venv\\Lib\\site-packages\\setuptools\\config\\pyprojecttoml.py', reloading
2026-07-06 03:53:13,639 | INFO     | werkzeug |  * Detected change in 'C:\\Users\\HP\\Downloads\\smartretry_screenshots_final\\.venv\\Lib\\site-packages\\setuptools\\config\\pyprojecttoml.py', reloading
2026-07-06 03:53:13,648 | INFO     | werkzeug |  * Detected change in 'C:\\Users\\HP\\Downloads\\smartretry_screenshots_final\\.venv\\Lib\\site-packages\\setuptools\\config\\setupcfg.py', reloading
2026-07-06 03:53:13,648 | INFO     | werkzeug |  * Detected change in 'C:\\Users\\HP\\Downloads\\smartretry_screenshots_final\\.venv\\Lib\\site-packages\\setuptools\\config\\setupcfg.py', reloading
2026-07-06 03:53:13,654 | INFO     | werkzeug |  * Detected change in 'C:\\Users\\HP\\Downloads\\smartretry_screenshots_final\\.venv\\Lib\\site-packages\\setuptools\\config\\_apply_pyprojecttoml.py', reloading
2026-07-06 03:53:13,664 | INFO     | werkzeug |  * Detected change in 'C:\\Users\\HP\\Downloads\\smartretry_screenshots_final\\.venv\\Lib\\site-packages\\setuptools\\config\\__init__.py', reloading
2026-07-06 03:53:13,664 | INFO     | werkzeug |  * Detected change in 'C:\\Users\\HP\\Downloads\\smartretry_screenshots_final\\.venv\\Lib\\site-packages\\setuptools\\config\\__init__.py', reloading
2026-07-06 03:53:13,670 | INFO     | werkzeug |  * Detected change in 'C:\\Users\\HP\\Downloads\\smartretry_screenshots_final\\.venv\\Lib\\site-packages\\setuptools\\config\\_validate_pyproject\\error_reporting.py', reloading
2026-07-06 03:53:13,670 | INFO     | werkzeug |  * Detected change in 'C:\\Users\\HP\\Downloads\\smartretry_screenshots_final\\.venv\\Lib\\site-packages\\setuptools\\config\\_validate_pyproject\\error_reporting.py', reloading
2026-07-06 03:53:13,683 | INFO     | werkzeug |  * Detected change in 'C:\\Users\\HP\\Downloads\\smartretry_screenshots_final\\.venv\\Lib\\site-packages\\setuptools\\config\\_validate_pyproject\\extra_validations.py', reloading
2026-07-06 03:53:13,683 | INFO     | werkzeug |  * Detected change in 'C:\\Users\\HP\\Downloads\\smartretry_screenshots_final\\.venv\\Lib\\site-packages\\setuptools\\config\\_validate_pyproject\\extra_validations.py', reloading
2026-07-06 03:53:13,689 | INFO     | werkzeug |  * Detected change in 'C:\\Users\\HP\\Downloads\\smartretry_screenshots_final\\.venv\\Lib\\site-packages\\setuptools\\config\\_validate_pyproject\\fastjsonschema_exceptions.py', reloading
2026-07-06 03:53:13,689 | INFO     | werkzeug |  * Detected change in 'C:\\Users\\HP\\Downloads\\smartretry_screenshots_final\\.venv\\Lib\\site-packages\\setuptools\\config\\_validate_pyproject\\fastjsonschema_exceptions.py', reloading
2026-07-06 03:53:13,699 | INFO     | werkzeug |  * Detected change in 'C:\\Users\\HP\\Downloads\\smartretry_screenshots_final\\.venv\\Lib\\site-packages\\setuptools\\config\\_validate_pyproject\\fastjsonschema_validations.py', reloading
2026-07-06 03:53:13,700 | INFO     | werkzeug |  * Detected change in 'C:\\Users\\HP\\Downloads\\smartretry_screenshots_final\\.venv\\Lib\\site-packages\\setuptools\\config\\_validate_pyproject\\fastjsonschema_validations.py', reloading
2026-07-06 03:53:13,705 | INFO     | werkzeug |  * Detected change in 'C:\\Users\\HP\\Downloads\\smartretry_screenshots_final\\.venv\\Lib\\site-packages\\setuptools\\config\\_validate_pyproject\\formats.py', reloading
2026-07-06 03:53:13,705 | INFO     | werkzeug |  * Detected change in 'C:\\Users\\HP\\Downloads\\smartretry_screenshots_final\\.venv\\Lib\\site-packages\\setuptools\\config\\_validate_pyproject\\formats.py', reloading
2026-07-06 03:53:13,712 | INFO     | werkzeug |  * Detected change in 'C:\\Users\\HP\\Downloads\\smartretry_screenshots_final\\.venv\\Lib\\site-packages\\setuptools\\config\\_validate_pyproject\\__init__.py', reloading
2026-07-06 03:53:13,804 | INFO     | werkzeug |  * Detected change in 'C:\\Users\\HP\\Downloads\\smartretry_screenshots_final\\.venv\\Lib\\site-packages\\setuptools\\extern\\__init__.py', reloading
2026-07-06 03:53:13,823 | INFO     | werkzeug |  * Detected change in 'C:\\Users\\HP\\Downloads\\smartretry_screenshots_final\\.venv\\Lib\\site-packages\\setuptools\\_distutils\\archive_util.py', reloading
2026-07-06 03:53:13,823 | INFO     | werkzeug |  * Detected change in 'C:\\Users\\HP\\Downloads\\smartretry_screenshots_final\\.venv\\Lib\\site-packages\\setuptools\\_distutils\\archive_util.py', reloading
2026-07-06 03:53:13,833 | INFO     | werkzeug |  * Detected change in 'C:\\Users\\HP\\Downloads\\smartretry_screenshots_final\\.venv\\Lib\\site-packages\\setuptools\\_distutils\\bcppcompiler.py', reloading
2026-07-06 03:53:13,833 | INFO     | werkzeug |  * Detected change in 'C:\\Users\\HP\\Downloads\\smartretry_screenshots_final\\.venv\\Lib\\site-packages\\setuptools\\_distutils\\bcppcompiler.py', reloading
2026-07-06 03:53:13,840 | INFO     | werkzeug |  * Detected change in 'C:\\Users\\HP\\Downloads\\smartretry_screenshots_final\\.venv\\Lib\\site-packages\\setuptools\\_distutils\\ccompiler.py', reloading
2026-07-06 03:53:13,840 | INFO     | werkzeug |  * Detected change in 'C:\\Users\\HP\\Downloads\\smartretry_screenshots_final\\.venv\\Lib\\site-packages\\setuptools\\_distutils\\ccompiler.py', reloading
2026-07-06 03:53:13,851 | INFO     | werkzeug |  * Detected change in 'C:\\Users\\HP\\Downloads\\smartretry_screenshots_final\\.venv\\Lib\\site-packages\\setuptools\\_distutils\\cmd.py', reloading
2026-07-06 03:53:13,851 | INFO     | werkzeug |  * Detected change in 'C:\\Users\\HP\\Downloads\\smartretry_screenshots_final\\.venv\\Lib\\site-packages\\setuptools\\_distutils\\cmd.py', reloading
2026-07-06 03:53:13,861 | INFO     | werkzeug |  * Detected change in 'C:\\Users\\HP\\Downloads\\smartretry_screenshots_final\\.venv\\Lib\\site-packages\\setuptools\\_distutils\\config.py', reloading
2026-07-06 03:53:13,861 | INFO     | werkzeug |  * Detected change in 'C:\\Users\\HP\\Downloads\\smartretry_screenshots_final\\.venv\\Lib\\site-packages\\setuptools\\_distutils\\config.py', reloading
2026-07-06 03:53:13,872 | INFO     | werkzeug |  * Detected change in 'C:\\Users\\HP\\Downloads\\smartretry_screenshots_final\\.venv\\Lib\\site-packages\\setuptools\\_distutils\\core.py', reloading
2026-07-06 03:53:13,872 | INFO     | werkzeug |  * Detected change in 'C:\\Users\\HP\\Downloads\\smartretry_screenshots_final\\.venv\\Lib\\site-packages\\setuptools\\_distutils\\core.py', reloading
2026-07-06 03:53:13,881 | INFO     | werkzeug |  * Detected change in 'C:\\Users\\HP\\Downloads\\smartretry_screenshots_final\\.venv\\Lib\\site-packages\\setuptools\\_distutils\\cygwinccompiler.py', reloading
2026-07-06 03:53:13,881 | INFO     | werkzeug |  * Detected change in 'C:\\Users\\HP\\Downloads\\smartretry_screenshots_final\\.venv\\Lib\\site-packages\\setuptools\\_distutils\\cygwinccompiler.py', reloading
2026-07-06 03:53:13,887 | INFO     | werkzeug |  * Detected change in 'C:\\Users\\HP\\Downloads\\smartretry_screenshots_final\\.venv\\Lib\\site-packages\\setuptools\\_distutils\\debug.py', reloading
2026-07-06 03:53:13,887 | INFO     | werkzeug |  * Detected change in 'C:\\Users\\HP\\Downloads\\smartretry_screenshots_final\\.venv\\Lib\\site-packages\\setuptools\\_distutils\\debug.py', reloading
2026-07-06 03:53:13,894 | INFO     | werkzeug |  * Detected change in 'C:\\Users\\HP\\Downloads\\smartretry_screenshots_final\\.venv\\Lib\\site-packages\\setuptools\\_distutils\\dep_util.py', reloading
2026-07-06 03:53:13,903 | INFO     | werkzeug |  * Detected change in 'C:\\Users\\HP\\Downloads\\smartretry_screenshots_final\\.venv\\Lib\\site-packages\\setuptools\\_distutils\\dir_util.py', reloading
2026-07-06 03:53:13,903 | INFO     | werkzeug |  * Detected change in 'C:\\Users\\HP\\Downloads\\smartretry_screenshots_final\\.venv\\Lib\\site-packages\\setuptools\\_distutils\\dir_util.py', reloading
2026-07-06 03:53:13,908 | INFO     | werkzeug |  * Detected change in 'C:\\Users\\HP\\Downloads\\smartretry_screenshots_final\\.venv\\Lib\\site-packages\\setuptools\\_distutils\\dist.py', reloading
2026-07-06 03:53:13,909 | INFO     | werkzeug |  * Detected change in 'C:\\Users\\HP\\Downloads\\smartretry_screenshots_final\\.venv\\Lib\\site-packages\\setuptools\\_distutils\\dist.py', reloading
2026-07-06 03:53:13,918 | INFO     | werkzeug |  * Detected change in 'C:\\Users\\HP\\Downloads\\smartretry_screenshots_final\\.venv\\Lib\\site-packages\\setuptools\\_distutils\\errors.py', reloading
2026-07-06 03:53:13,919 | INFO     | werkzeug |  * Detected change in 'C:\\Users\\HP\\Downloads\\smartretry_screenshots_final\\.venv\\Lib\\site-packages\\setuptools\\_distutils\\errors.py', reloading
2026-07-06 03:53:13,927 | INFO     | werkzeug |  * Detected change in 'C:\\Users\\HP\\Downloads\\smartretry_screenshots_final\\.venv\\Lib\\site-packages\\setuptools\\_distutils\\extension.py', reloading
2026-07-06 03:53:13,927 | INFO     | werkzeug |  * Detected change in 'C:\\Users\\HP\\Downloads\\smartretry_screenshots_final\\.venv\\Lib\\site-packages\\setuptools\\_distutils\\extension.py', reloading
2026-07-06 03:53:13,939 | INFO     | werkzeug |  * Detected change in 'C:\\Users\\HP\\Downloads\\smartretry_screenshots_final\\.venv\\Lib\\site-packages\\setuptools\\_distutils\\fancy_getopt.py', reloading
2026-07-06 03:53:13,939 | INFO     | werkzeug |  * Detected change in 'C:\\Users\\HP\\Downloads\\smartretry_screenshots_final\\.venv\\Lib\\site-packages\\setuptools\\_distutils\\fancy_getopt.py', reloading
2026-07-06 03:53:13,948 | INFO     | werkzeug |  * Detected change in 'C:\\Users\\HP\\Downloads\\smartretry_screenshots_final\\.venv\\Lib\\site-packages\\setuptools\\_distutils\\filelist.py', reloading
2026-07-06 03:53:13,948 | INFO     | werkzeug |  * Detected change in 'C:\\Users\\HP\\Downloads\\smartretry_screenshots_final\\.venv\\Lib\\site-packages\\setuptools\\_distutils\\filelist.py', reloading
2026-07-06 03:53:13,954 | INFO     | werkzeug |  * Detected change in 'C:\\Users\\HP\\Downloads\\smartretry_screenshots_final\\.venv\\Lib\\site-packages\\setuptools\\_distutils\\file_util.py', reloading
2026-07-06 03:53:13,954 | INFO     | werkzeug |  * Detected change in 'C:\\Users\\HP\\Downloads\\smartretry_screenshots_final\\.venv\\Lib\\site-packages\\setuptools\\_distutils\\file_util.py', reloading
2026-07-06 03:53:13,961 | INFO     | werkzeug |  * Detected change in 'C:\\Users\\HP\\Downloads\\smartretry_screenshots_final\\.venv\\Lib\\site-packages\\setuptools\\_distutils\\log.py', reloading
2026-07-06 03:53:13,961 | INFO     | werkzeug |  * Detected change in 'C:\\Users\\HP\\Downloads\\smartretry_screenshots_final\\.venv\\Lib\\site-packages\\setuptools\\_distutils\\log.py', reloading
2026-07-06 03:53:13,969 | INFO     | werkzeug |  * Detected change in 'C:\\Users\\HP\\Downloads\\smartretry_screenshots_final\\.venv\\Lib\\site-packages\\setuptools\\_distutils\\msvc9compiler.py', reloading
2026-07-06 03:53:13,970 | INFO     | werkzeug |  * Detected change in 'C:\\Users\\HP\\Downloads\\smartretry_screenshots_final\\.venv\\Lib\\site-packages\\setuptools\\_distutils\\msvc9compiler.py', reloading
2026-07-06 03:53:13,980 | INFO     | werkzeug |  * Detected change in 'C:\\Users\\HP\\Downloads\\smartretry_screenshots_final\\.venv\\Lib\\site-packages\\setuptools\\_distutils\\msvccompiler.py', reloading
2026-07-06 03:53:13,980 | INFO     | werkzeug |  * Detected change in 'C:\\Users\\HP\\Downloads\\smartretry_screenshots_final\\.venv\\Lib\\site-packages\\setuptools\\_distutils\\msvccompiler.py', reloading
2026-07-06 03:53:13,986 | INFO     | werkzeug |  * Detected change in 'C:\\Users\\HP\\Downloads\\smartretry_screenshots_final\\.venv\\Lib\\site-packages\\setuptools\\_distutils\\py38compat.py', reloading
2026-07-06 03:53:13,986 | INFO     | werkzeug |  * Detected change in 'C:\\Users\\HP\\Downloads\\smartretry_screenshots_final\\.venv\\Lib\\site-packages\\setuptools\\_distutils\\py38compat.py', reloading
2026-07-06 03:53:13,993 | INFO     | werkzeug |  * Detected change in 'C:\\Users\\HP\\Downloads\\smartretry_screenshots_final\\.venv\\Lib\\site-packages\\setuptools\\_distutils\\py39compat.py', reloading
2026-07-06 03:53:13,994 | INFO     | werkzeug |  * Detected change in 'C:\\Users\\HP\\Downloads\\smartretry_screenshots_final\\.venv\\Lib\\site-packages\\setuptools\\_distutils\\py39compat.py', reloading
2026-07-06 03:53:14,002 | INFO     | werkzeug |  * Detected change in 'C:\\Users\\HP\\Downloads\\smartretry_screenshots_final\\.venv\\Lib\\site-packages\\setuptools\\_distutils\\spawn.py', reloading
2026-07-06 03:53:14,002 | INFO     | werkzeug |  * Detected change in 'C:\\Users\\HP\\Downloads\\smartretry_screenshots_final\\.venv\\Lib\\site-packages\\setuptools\\_distutils\\spawn.py', reloading
2026-07-06 03:53:14,015 | INFO     | werkzeug |  * Detected change in 'C:\\Users\\HP\\Downloads\\smartretry_screenshots_final\\.venv\\Lib\\site-packages\\setuptools\\_distutils\\sysconfig.py', reloading
2026-07-06 03:53:14,015 | INFO     | werkzeug |  * Detected change in 'C:\\Users\\HP\\Downloads\\smartretry_screenshots_final\\.venv\\Lib\\site-packages\\setuptools\\_distutils\\sysconfig.py', reloading
2026-07-06 03:53:14,022 | INFO     | werkzeug |  * Detected change in 'C:\\Users\\HP\\Downloads\\smartretry_screenshots_final\\.venv\\Lib\\site-packages\\setuptools\\_distutils\\text_file.py', reloading
2026-07-06 03:53:14,022 | INFO     | werkzeug |  * Detected change in 'C:\\Users\\HP\\Downloads\\smartretry_screenshots_final\\.venv\\Lib\\site-packages\\setuptools\\_distutils\\text_file.py', reloading
2026-07-06 03:53:14,030 | INFO     | werkzeug |  * Detected change in 'C:\\Users\\HP\\Downloads\\smartretry_screenshots_final\\.venv\\Lib\\site-packages\\setuptools\\_distutils\\unixccompiler.py', reloading
2026-07-06 03:53:14,030 | INFO     | werkzeug |  * Detected change in 'C:\\Users\\HP\\Downloads\\smartretry_screenshots_final\\.venv\\Lib\\site-packages\\setuptools\\_distutils\\unixccompiler.py', reloading
2026-07-06 03:53:14,036 | INFO     | werkzeug |  * Detected change in 'C:\\Users\\HP\\Downloads\\smartretry_screenshots_final\\.venv\\Lib\\site-packages\\setuptools\\_distutils\\util.py', reloading
2026-07-06 03:53:14,036 | INFO     | werkzeug |  * Detected change in 'C:\\Users\\HP\\Downloads\\smartretry_screenshots_final\\.venv\\Lib\\site-packages\\setuptools\\_distutils\\util.py', reloading
2026-07-06 03:53:14,042 | INFO     | werkzeug |  * Detected change in 'C:\\Users\\HP\\Downloads\\smartretry_screenshots_final\\.venv\\Lib\\site-packages\\setuptools\\_distutils\\version.py', reloading
2026-07-06 03:53:14,042 | INFO     | werkzeug |  * Detected change in 'C:\\Users\\HP\\Downloads\\smartretry_screenshots_final\\.venv\\Lib\\site-packages\\setuptools\\_distutils\\version.py', reloading
2026-07-06 03:53:14,051 | INFO     | werkzeug |  * Detected change in 'C:\\Users\\HP\\Downloads\\smartretry_screenshots_final\\.venv\\Lib\\site-packages\\setuptools\\_distutils\\versionpredicate.py', reloading
2026-07-06 03:53:14,051 | INFO     | werkzeug |  * Detected change in 'C:\\Users\\HP\\Downloads\\smartretry_screenshots_final\\.venv\\Lib\\site-packages\\setuptools\\_distutils\\versionpredicate.py', reloading
2026-07-06 03:53:14,057 | INFO     | werkzeug |  * Detected change in 'C:\\Users\\HP\\Downloads\\smartretry_screenshots_final\\.venv\\Lib\\site-packages\\setuptools\\_distutils\\_collections.py', reloading
2026-07-06 03:53:14,057 | INFO     | werkzeug |  * Detected change in 'C:\\Users\\HP\\Downloads\\smartretry_screenshots_final\\.venv\\Lib\\site-packages\\setuptools\\_distutils\\_collections.py', reloading
2026-07-06 03:53:14,065 | INFO     | werkzeug |  * Detected change in 'C:\\Users\\HP\\Downloads\\smartretry_screenshots_final\\.venv\\Lib\\site-packages\\setuptools\\_distutils\\_functools.py', reloading
2026-07-06 03:53:14,065 | INFO     | werkzeug |  * Detected change in 'C:\\Users\\HP\\Downloads\\smartretry_screenshots_final\\.venv\\Lib\\site-packages\\setuptools\\_distutils\\_functools.py', reloading
2026-07-06 03:53:14,073 | INFO     | werkzeug |  * Detected change in 'C:\\Users\\HP\\Downloads\\smartretry_screenshots_final\\.venv\\Lib\\site-packages\\setuptools\\_distutils\\_macos_compat.py', reloading
2026-07-06 03:53:14,073 | INFO     | werkzeug |  * Detected change in 'C:\\Users\\HP\\Downloads\\smartretry_screenshots_final\\.venv\\Lib\\site-packages\\setuptools\\_distutils\\_macos_compat.py', reloading
2026-07-06 03:53:14,082 | INFO     | werkzeug |  * Detected change in 'C:\\Users\\HP\\Downloads\\smartretry_screenshots_final\\.venv\\Lib\\site-packages\\setuptools\\_distutils\\_msvccompiler.py', reloading
2026-07-06 03:53:14,091 | INFO     | werkzeug |  * Detected change in 'C:\\Users\\HP\\Downloads\\smartretry_screenshots_final\\.venv\\Lib\\site-packages\\setuptools\\_distutils\\__init__.py', reloading
2026-07-06 03:53:14,100 | INFO     | werkzeug |  * Detected change in 'C:\\Users\\HP\\Downloads\\smartretry_screenshots_final\\.venv\\Lib\\site-packages\\setuptools\\_distutils\\command\\bdist.py', reloading
2026-07-06 03:53:14,101 | INFO     | werkzeug |  * Detected change in 'C:\\Users\\HP\\Downloads\\smartretry_screenshots_final\\.venv\\Lib\\site-packages\\setuptools\\_distutils\\command\\bdist.py', reloading
2026-07-06 03:53:14,107 | INFO     | werkzeug |  * Detected change in 'C:\\Users\\HP\\Downloads\\smartretry_screenshots_final\\.venv\\Lib\\site-packages\\setuptools\\_distutils\\command\\bdist_dumb.py', reloading
2026-07-06 03:53:14,107 | INFO     | werkzeug |  * Detected change in 'C:\\Users\\HP\\Downloads\\smartretry_screenshots_final\\.venv\\Lib\\site-packages\\setuptools\\_distutils\\command\\bdist_dumb.py', reloading
2026-07-06 03:53:14,116 | INFO     | werkzeug |  * Detected change in 'C:\\Users\\HP\\Downloads\\smartretry_screenshots_final\\.venv\\Lib\\site-packages\\setuptools\\_distutils\\command\\bdist_rpm.py', reloading
2026-07-06 03:53:14,117 | INFO     | werkzeug |  * Detected change in 'C:\\Users\\HP\\Downloads\\smartretry_screenshots_final\\.venv\\Lib\\site-packages\\setuptools\\_distutils\\command\\bdist_rpm.py', reloading
2026-07-06 03:53:14,125 | INFO     | werkzeug |  * Detected change in 'C:\\Users\\HP\\Downloads\\smartretry_screenshots_final\\.venv\\Lib\\site-packages\\setuptools\\_distutils\\command\\build.py', reloading
2026-07-06 03:53:14,126 | INFO     | werkzeug |  * Detected change in 'C:\\Users\\HP\\Downloads\\smartretry_screenshots_final\\.venv\\Lib\\site-packages\\setuptools\\_distutils\\command\\build.py', reloading
2026-07-06 03:53:14,134 | INFO     | werkzeug |  * Detected change in 'C:\\Users\\HP\\Downloads\\smartretry_screenshots_final\\.venv\\Lib\\site-packages\\setuptools\\_distutils\\command\\build_clib.py', reloading
2026-07-06 03:53:14,135 | INFO     | werkzeug |  * Detected change in 'C:\\Users\\HP\\Downloads\\smartretry_screenshots_final\\.venv\\Lib\\site-packages\\setuptools\\_distutils\\command\\build_clib.py', reloading
2026-07-06 03:53:14,141 | INFO     | werkzeug |  * Detected change in 'C:\\Users\\HP\\Downloads\\smartretry_screenshots_final\\.venv\\Lib\\site-packages\\setuptools\\_distutils\\command\\build_ext.py', reloading
2026-07-06 03:53:14,141 | INFO     | werkzeug |  * Detected change in 'C:\\Users\\HP\\Downloads\\smartretry_screenshots_final\\.venv\\Lib\\site-packages\\setuptools\\_distutils\\command\\build_ext.py', reloading
2026-07-06 03:53:14,150 | INFO     | werkzeug |  * Detected change in 'C:\\Users\\HP\\Downloads\\smartretry_screenshots_final\\.venv\\Lib\\site-packages\\setuptools\\_distutils\\command\\build_py.py', reloading
2026-07-06 03:53:14,150 | INFO     | werkzeug |  * Detected change in 'C:\\Users\\HP\\Downloads\\smartretry_screenshots_final\\.venv\\Lib\\site-packages\\setuptools\\_distutils\\command\\build_py.py', reloading
2026-07-06 03:53:14,157 | INFO     | werkzeug |  * Detected change in 'C:\\Users\\HP\\Downloads\\smartretry_screenshots_final\\.venv\\Lib\\site-packages\\setuptools\\_distutils\\command\\build_scripts.py', reloading
2026-07-06 03:53:14,157 | INFO     | werkzeug |  * Detected change in 'C:\\Users\\HP\\Downloads\\smartretry_screenshots_final\\.venv\\Lib\\site-packages\\setuptools\\_distutils\\command\\build_scripts.py', reloading
2026-07-06 03:53:14,166 | INFO     | werkzeug |  * Detected change in 'C:\\Users\\HP\\Downloads\\smartretry_screenshots_final\\.venv\\Lib\\site-packages\\setuptools\\_distutils\\command\\check.py', reloading
2026-07-06 03:53:14,183 | INFO     | werkzeug |  * Detected change in 'C:\\Users\\HP\\Downloads\\smartretry_screenshots_final\\.venv\\Lib\\site-packages\\setuptools\\_distutils\\command\\clean.py', reloading
2026-07-06 03:53:14,183 | INFO     | werkzeug |  * Detected change in 'C:\\Users\\HP\\Downloads\\smartretry_screenshots_final\\.venv\\Lib\\site-packages\\setuptools\\_distutils\\command\\clean.py', reloading
2026-07-06 03:53:14,199 | INFO     | werkzeug |  * Detected change in 'C:\\Users\\HP\\Downloads\\smartretry_screenshots_final\\.venv\\Lib\\site-packages\\setuptools\\_distutils\\command\\config.py', reloading
2026-07-06 03:53:14,199 | INFO     | werkzeug |  * Detected change in 'C:\\Users\\HP\\Downloads\\smartretry_screenshots_final\\.venv\\Lib\\site-packages\\setuptools\\_distutils\\command\\config.py', reloading
2026-07-06 03:53:14,219 | INFO     | werkzeug |  * Detected change in 'C:\\Users\\HP\\Downloads\\smartretry_screenshots_final\\.venv\\Lib\\site-packages\\setuptools\\_distutils\\command\\install.py', reloading
2026-07-06 03:53:14,219 | INFO     | werkzeug |  * Detected change in 'C:\\Users\\HP\\Downloads\\smartretry_screenshots_final\\.venv\\Lib\\site-packages\\setuptools\\_distutils\\command\\install.py', reloading
2026-07-06 03:53:14,227 | INFO     | werkzeug |  * Detected change in 'C:\\Users\\HP\\Downloads\\smartretry_screenshots_final\\.venv\\Lib\\site-packages\\setuptools\\_distutils\\command\\install_data.py', reloading
2026-07-06 03:53:14,239 | INFO     | werkzeug |  * Detected change in 'C:\\Users\\HP\\Downloads\\smartretry_screenshots_final\\.venv\\Lib\\site-packages\\setuptools\\_distutils\\command\\install_egg_info.py', reloading
2026-07-06 03:53:14,239 | INFO     | werkzeug |  * Detected change in 'C:\\Users\\HP\\Downloads\\smartretry_screenshots_final\\.venv\\Lib\\site-packages\\setuptools\\_distutils\\command\\install_egg_info.py', reloading
2026-07-06 03:53:14,251 | INFO     | werkzeug |  * Detected change in 'C:\\Users\\HP\\Downloads\\smartretry_screenshots_final\\.venv\\Lib\\site-packages\\setuptools\\_distutils\\command\\install_headers.py', reloading
2026-07-06 03:53:14,259 | INFO     | werkzeug |  * Detected change in 'C:\\Users\\HP\\Downloads\\smartretry_screenshots_final\\.venv\\Lib\\site-packages\\setuptools\\_distutils\\command\\install_lib.py', reloading
2026-07-06 03:53:14,270 | INFO     | werkzeug |  * Detected change in 'C:\\Users\\HP\\Downloads\\smartretry_screenshots_final\\.venv\\Lib\\site-packages\\setuptools\\_distutils\\command\\install_scripts.py', reloading
2026-07-06 03:53:14,270 | INFO     | werkzeug |  * Detected change in 'C:\\Users\\HP\\Downloads\\smartretry_screenshots_final\\.venv\\Lib\\site-packages\\setuptools\\_distutils\\command\\install_scripts.py', reloading
2026-07-06 03:53:14,278 | INFO     | werkzeug |  * Detected change in 'C:\\Users\\HP\\Downloads\\smartretry_screenshots_final\\.venv\\Lib\\site-packages\\setuptools\\_distutils\\command\\py37compat.py', reloading
2026-07-06 03:53:14,278 | INFO     | werkzeug |  * Detected change in 'C:\\Users\\HP\\Downloads\\smartretry_screenshots_final\\.venv\\Lib\\site-packages\\setuptools\\_distutils\\command\\py37compat.py', reloading
2026-07-06 03:53:14,298 | INFO     | werkzeug |  * Detected change in 'C:\\Users\\HP\\Downloads\\smartretry_screenshots_final\\.venv\\Lib\\site-packages\\setuptools\\_distutils\\command\\register.py', reloading
2026-07-06 03:53:14,312 | INFO     | werkzeug |  * Detected change in 'C:\\Users\\HP\\Downloads\\smartretry_screenshots_final\\.venv\\Lib\\site-packages\\setuptools\\_distutils\\command\\sdist.py', reloading
2026-07-06 03:53:14,328 | INFO     | werkzeug |  * Detected change in 'C:\\Users\\HP\\Downloads\\smartretry_screenshots_final\\.venv\\Lib\\site-packages\\setuptools\\_distutils\\command\\upload.py', reloading
2026-07-06 03:53:14,354 | INFO     | werkzeug |  * Restarting with watchdog (windowsapi)
2026-07-06 03:53:14,387 | INFO     | werkzeug |  * Restarting with watchdog (windowsapi)
2026-07-06 03:53:14,717 | INFO     | database.db_manager | Database initialized at C:\Users\HP\Downloads\smartretry_screenshots_final\database\framework.db
2026-07-06 03:53:14,739 | INFO     | database.db_manager | Database initialized at C:\Users\HP\Downloads\smartretry_screenshots_final\database\framework.db
2026-07-06 03:53:14,749 | WARNING  | werkzeug |  * Debugger is active!
2026-07-06 03:53:14,761 | INFO     | werkzeug |  * Debugger PIN: 106-337-974
2026-07-06 03:53:14,773 | WARNING  | werkzeug |  * Debugger is active!
2026-07-06 03:53:14,779 | INFO     | werkzeug |  * Debugger PIN: 106-337-974
2026-07-06 03:53:15,121 | INFO     | werkzeug |  * Detected change in 'C:\\Users\\HP\\Downloads\\smartretry_screenshots_final\\.venv\\Lib\\site-packages\\setuptools\\_vendor\\ordered_set.py', reloading
2026-07-06 03:53:15,121 | INFO     | werkzeug |  * Detected change in 'C:\\Users\\HP\\Downloads\\smartretry_screenshots_final\\.venv\\Lib\\site-packages\\setuptools\\_vendor\\ordered_set.py', reloading
2026-07-06 03:53:15,130 | INFO     | werkzeug |  * Detected change in 'C:\\Users\\HP\\Downloads\\smartretry_screenshots_final\\.venv\\Lib\\site-packages\\setuptools\\_vendor\\typing_extensions.py', reloading
2026-07-06 03:53:15,130 | INFO     | werkzeug |  * Detected change in 'C:\\Users\\HP\\Downloads\\smartretry_screenshots_final\\.venv\\Lib\\site-packages\\setuptools\\_vendor\\typing_extensions.py', reloading
2026-07-06 03:53:15,138 | INFO     | werkzeug |  * Detected change in 'C:\\Users\\HP\\Downloads\\smartretry_screenshots_final\\.venv\\Lib\\site-packages\\setuptools\\_vendor\\zipp.py', reloading
2026-07-06 03:53:15,139 | INFO     | werkzeug |  * Detected change in 'C:\\Users\\HP\\Downloads\\smartretry_screenshots_final\\.venv\\Lib\\site-packages\\setuptools\\_vendor\\zipp.py', reloading
2026-07-06 03:53:15,153 | INFO     | werkzeug |  * Detected change in 'C:\\Users\\HP\\Downloads\\smartretry_screenshots_final\\.venv\\Lib\\site-packages\\setuptools\\_vendor\\importlib_metadata\\_adapters.py', reloading
2026-07-06 03:53:15,153 | INFO     | werkzeug |  * Detected change in 'C:\\Users\\HP\\Downloads\\smartretry_screenshots_final\\.venv\\Lib\\site-packages\\setuptools\\_vendor\\importlib_metadata\\_adapters.py', reloading
2026-07-06 03:53:15,163 | INFO     | werkzeug |  * Detected change in 'C:\\Users\\HP\\Downloads\\smartretry_screenshots_final\\.venv\\Lib\\site-packages\\setuptools\\_vendor\\importlib_metadata\\_collections.py', reloading
2026-07-06 03:53:15,163 | INFO     | werkzeug |  * Detected change in 'C:\\Users\\HP\\Downloads\\smartretry_screenshots_final\\.venv\\Lib\\site-packages\\setuptools\\_vendor\\importlib_metadata\\_collections.py', reloading
2026-07-06 03:53:15,171 | INFO     | werkzeug |  * Detected change in 'C:\\Users\\HP\\Downloads\\smartretry_screenshots_final\\.venv\\Lib\\site-packages\\setuptools\\_vendor\\importlib_metadata\\_compat.py', reloading
2026-07-06 03:53:15,171 | INFO     | werkzeug |  * Detected change in 'C:\\Users\\HP\\Downloads\\smartretry_screenshots_final\\.venv\\Lib\\site-packages\\setuptools\\_vendor\\importlib_metadata\\_compat.py', reloading
2026-07-06 03:53:15,181 | INFO     | werkzeug |  * Detected change in 'C:\\Users\\HP\\Downloads\\smartretry_screenshots_final\\.venv\\Lib\\site-packages\\setuptools\\_vendor\\importlib_metadata\\_functools.py', reloading
2026-07-06 03:53:15,181 | INFO     | werkzeug |  * Detected change in 'C:\\Users\\HP\\Downloads\\smartretry_screenshots_final\\.venv\\Lib\\site-packages\\setuptools\\_vendor\\importlib_metadata\\_functools.py', reloading
2026-07-06 03:53:15,191 | INFO     | werkzeug |  * Detected change in 'C:\\Users\\HP\\Downloads\\smartretry_screenshots_final\\.venv\\Lib\\site-packages\\setuptools\\_vendor\\importlib_metadata\\_itertools.py', reloading
2026-07-06 03:53:15,191 | INFO     | werkzeug |  * Detected change in 'C:\\Users\\HP\\Downloads\\smartretry_screenshots_final\\.venv\\Lib\\site-packages\\setuptools\\_vendor\\importlib_metadata\\_itertools.py', reloading
2026-07-06 03:53:15,201 | INFO     | werkzeug |  * Detected change in 'C:\\Users\\HP\\Downloads\\smartretry_screenshots_final\\.venv\\Lib\\site-packages\\setuptools\\_vendor\\importlib_metadata\\_meta.py', reloading
2026-07-06 03:53:15,201 | INFO     | werkzeug |  * Detected change in 'C:\\Users\\HP\\Downloads\\smartretry_screenshots_final\\.venv\\Lib\\site-packages\\setuptools\\_vendor\\importlib_metadata\\_meta.py', reloading
2026-07-06 03:53:15,210 | INFO     | werkzeug |  * Detected change in 'C:\\Users\\HP\\Downloads\\smartretry_screenshots_final\\.venv\\Lib\\site-packages\\setuptools\\_vendor\\importlib_metadata\\_text.py', reloading
2026-07-06 03:53:15,210 | INFO     | werkzeug |  * Detected change in 'C:\\Users\\HP\\Downloads\\smartretry_screenshots_final\\.venv\\Lib\\site-packages\\setuptools\\_vendor\\importlib_metadata\\_text.py', reloading
2026-07-06 03:53:15,228 | INFO     | werkzeug |  * Detected change in 'C:\\Users\\HP\\Downloads\\smartretry_screenshots_final\\.venv\\Lib\\site-packages\\setuptools\\_vendor\\importlib_metadata\\__init__.py', reloading
2026-07-06 03:53:15,228 | INFO     | werkzeug |  * Detected change in 'C:\\Users\\HP\\Downloads\\smartretry_screenshots_final\\.venv\\Lib\\site-packages\\setuptools\\_vendor\\importlib_metadata\\__init__.py', reloading
2026-07-06 03:53:15,336 | INFO     | werkzeug |  * Detected change in 'C:\\Users\\HP\\Downloads\\smartretry_screenshots_final\\.venv\\Lib\\site-packages\\setuptools\\_vendor\\importlib_resources\\abc.py', reloading
2026-07-06 03:53:15,337 | INFO     | werkzeug |  * Detected change in 'C:\\Users\\HP\\Downloads\\smartretry_screenshots_final\\.venv\\Lib\\site-packages\\setuptools\\_vendor\\importlib_resources\\abc.py', reloading
2026-07-06 03:53:15,347 | INFO     | werkzeug |  * Detected change in 'C:\\Users\\HP\\Downloads\\smartretry_screenshots_final\\.venv\\Lib\\site-packages\\setuptools\\_vendor\\importlib_resources\\readers.py', reloading
2026-07-06 03:53:15,354 | INFO     | werkzeug |  * Detected change in 'C:\\Users\\HP\\Downloads\\smartretry_screenshots_final\\.venv\\Lib\\site-packages\\setuptools\\_vendor\\importlib_resources\\simple.py', reloading
2026-07-06 03:53:15,354 | INFO     | werkzeug |  * Detected change in 'C:\\Users\\HP\\Downloads\\smartretry_screenshots_final\\.venv\\Lib\\site-packages\\setuptools\\_vendor\\importlib_resources\\simple.py', reloading
2026-07-06 03:53:15,364 | INFO     | werkzeug |  * Detected change in 'C:\\Users\\HP\\Downloads\\smartretry_screenshots_final\\.venv\\Lib\\site-packages\\setuptools\\_vendor\\importlib_resources\\_adapters.py', reloading
2026-07-06 03:53:15,364 | INFO     | werkzeug |  * Detected change in 'C:\\Users\\HP\\Downloads\\smartretry_screenshots_final\\.venv\\Lib\\site-packages\\setuptools\\_vendor\\importlib_resources\\_adapters.py', reloading
2026-07-06 03:53:15,370 | INFO     | werkzeug |  * Detected change in 'C:\\Users\\HP\\Downloads\\smartretry_screenshots_final\\.venv\\Lib\\site-packages\\setuptools\\_vendor\\importlib_resources\\_common.py', reloading
2026-07-06 03:53:15,370 | INFO     | werkzeug |  * Detected change in 'C:\\Users\\HP\\Downloads\\smartretry_screenshots_final\\.venv\\Lib\\site-packages\\setuptools\\_vendor\\importlib_resources\\_common.py', reloading
2026-07-06 03:53:15,380 | INFO     | werkzeug |  * Detected change in 'C:\\Users\\HP\\Downloads\\smartretry_screenshots_final\\.venv\\Lib\\site-packages\\setuptools\\_vendor\\importlib_resources\\_compat.py', reloading
2026-07-06 03:53:15,380 | INFO     | werkzeug |  * Detected change in 'C:\\Users\\HP\\Downloads\\smartretry_screenshots_final\\.venv\\Lib\\site-packages\\setuptools\\_vendor\\importlib_resources\\_compat.py', reloading
2026-07-06 03:53:15,389 | INFO     | werkzeug |  * Detected change in 'C:\\Users\\HP\\Downloads\\smartretry_screenshots_final\\.venv\\Lib\\site-packages\\setuptools\\_vendor\\importlib_resources\\_itertools.py', reloading
2026-07-06 03:53:15,389 | INFO     | werkzeug |  * Detected change in 'C:\\Users\\HP\\Downloads\\smartretry_screenshots_final\\.venv\\Lib\\site-packages\\setuptools\\_vendor\\importlib_resources\\_itertools.py', reloading
2026-07-06 03:53:15,400 | INFO     | werkzeug |  * Detected change in 'C:\\Users\\HP\\Downloads\\smartretry_screenshots_final\\.venv\\Lib\\site-packages\\setuptools\\_vendor\\importlib_resources\\_legacy.py', reloading
2026-07-06 03:53:15,400 | INFO     | werkzeug |  * Detected change in 'C:\\Users\\HP\\Downloads\\smartretry_screenshots_final\\.venv\\Lib\\site-packages\\setuptools\\_vendor\\importlib_resources\\_legacy.py', reloading
2026-07-06 03:53:15,409 | INFO     | werkzeug |  * Detected change in 'C:\\Users\\HP\\Downloads\\smartretry_screenshots_final\\.venv\\Lib\\site-packages\\setuptools\\_vendor\\importlib_resources\\__init__.py', reloading
2026-07-06 03:53:15,409 | INFO     | werkzeug |  * Detected change in 'C:\\Users\\HP\\Downloads\\smartretry_screenshots_final\\.venv\\Lib\\site-packages\\setuptools\\_vendor\\importlib_resources\\__init__.py', reloading
2026-07-06 03:53:15,507 | INFO     | werkzeug |  * Detected change in 'C:\\Users\\HP\\Downloads\\smartretry_screenshots_final\\.venv\\Lib\\site-packages\\setuptools\\_vendor\\jaraco\\context.py', reloading
2026-07-06 03:53:15,507 | INFO     | werkzeug |  * Detected change in 'C:\\Users\\HP\\Downloads\\smartretry_screenshots_final\\.venv\\Lib\\site-packages\\setuptools\\_vendor\\jaraco\\context.py', reloading
2026-07-06 03:53:15,517 | INFO     | werkzeug |  * Detected change in 'C:\\Users\\HP\\Downloads\\smartretry_screenshots_final\\.venv\\Lib\\site-packages\\setuptools\\_vendor\\jaraco\\functools.py', reloading
2026-07-06 03:53:15,517 | INFO     | werkzeug |  * Detected change in 'C:\\Users\\HP\\Downloads\\smartretry_screenshots_final\\.venv\\Lib\\site-packages\\setuptools\\_vendor\\jaraco\\functools.py', reloading
2026-07-06 03:53:15,530 | INFO     | werkzeug |  * Detected change in 'C:\\Users\\HP\\Downloads\\smartretry_screenshots_final\\.venv\\Lib\\site-packages\\setuptools\\_vendor\\jaraco\\text\\__init__.py', reloading
2026-07-06 03:53:15,530 | INFO     | werkzeug |  * Detected change in 'C:\\Users\\HP\\Downloads\\smartretry_screenshots_final\\.venv\\Lib\\site-packages\\setuptools\\_vendor\\jaraco\\text\\__init__.py', reloading
2026-07-06 03:53:15,564 | INFO     | werkzeug |  * Detected change in 'C:\\Users\\HP\\Downloads\\smartretry_screenshots_final\\.venv\\Lib\\site-packages\\setuptools\\_vendor\\more_itertools\\more.py', reloading
2026-07-06 03:53:15,564 | INFO     | werkzeug |  * Detected change in 'C:\\Users\\HP\\Downloads\\smartretry_screenshots_final\\.venv\\Lib\\site-packages\\setuptools\\_vendor\\more_itertools\\more.py', reloading
2026-07-06 03:53:15,569 | INFO     | werkzeug |  * Detected change in 'C:\\Users\\HP\\Downloads\\smartretry_screenshots_final\\.venv\\Lib\\site-packages\\setuptools\\_vendor\\more_itertools\\recipes.py', reloading
2026-07-06 03:53:15,569 | INFO     | werkzeug |  * Detected change in 'C:\\Users\\HP\\Downloads\\smartretry_screenshots_final\\.venv\\Lib\\site-packages\\setuptools\\_vendor\\more_itertools\\recipes.py', reloading
2026-07-06 03:53:15,576 | INFO     | werkzeug |  * Detected change in 'C:\\Users\\HP\\Downloads\\smartretry_screenshots_final\\.venv\\Lib\\site-packages\\setuptools\\_vendor\\more_itertools\\__init__.py', reloading
2026-07-06 03:53:15,576 | INFO     | werkzeug |  * Detected change in 'C:\\Users\\HP\\Downloads\\smartretry_screenshots_final\\.venv\\Lib\\site-packages\\setuptools\\_vendor\\more_itertools\\__init__.py', reloading
2026-07-06 03:53:15,608 | INFO     | werkzeug |  * Detected change in 'C:\\Users\\HP\\Downloads\\smartretry_screenshots_final\\.venv\\Lib\\site-packages\\setuptools\\_vendor\\packaging\\markers.py', reloading
2026-07-06 03:53:15,608 | INFO     | werkzeug |  * Detected change in 'C:\\Users\\HP\\Downloads\\smartretry_screenshots_final\\.venv\\Lib\\site-packages\\setuptools\\_vendor\\packaging\\markers.py', reloading
2026-07-06 03:53:15,616 | INFO     | werkzeug |  * Detected change in 'C:\\Users\\HP\\Downloads\\smartretry_screenshots_final\\.venv\\Lib\\site-packages\\setuptools\\_vendor\\packaging\\requirements.py', reloading
2026-07-06 03:53:15,617 | INFO     | werkzeug |  * Detected change in 'C:\\Users\\HP\\Downloads\\smartretry_screenshots_final\\.venv\\Lib\\site-packages\\setuptools\\_vendor\\packaging\\requirements.py', reloading
2026-07-06 03:53:15,630 | INFO     | werkzeug |  * Detected change in 'C:\\Users\\HP\\Downloads\\smartretry_screenshots_final\\.venv\\Lib\\site-packages\\setuptools\\_vendor\\packaging\\specifiers.py', reloading
2026-07-06 03:53:15,630 | INFO     | werkzeug |  * Detected change in 'C:\\Users\\HP\\Downloads\\smartretry_screenshots_final\\.venv\\Lib\\site-packages\\setuptools\\_vendor\\packaging\\specifiers.py', reloading
2026-07-06 03:53:15,654 | INFO     | werkzeug |  * Detected change in 'C:\\Users\\HP\\Downloads\\smartretry_screenshots_final\\.venv\\Lib\\site-packages\\setuptools\\_vendor\\packaging\\tags.py', reloading
2026-07-06 03:53:15,654 | INFO     | werkzeug |  * Detected change in 'C:\\Users\\HP\\Downloads\\smartretry_screenshots_final\\.venv\\Lib\\site-packages\\setuptools\\_vendor\\packaging\\tags.py', reloading
2026-07-06 03:53:15,665 | INFO     | werkzeug |  * Detected change in 'C:\\Users\\HP\\Downloads\\smartretry_screenshots_final\\.venv\\Lib\\site-packages\\setuptools\\_vendor\\packaging\\utils.py', reloading
2026-07-06 03:53:15,665 | INFO     | werkzeug |  * Detected change in 'C:\\Users\\HP\\Downloads\\smartretry_screenshots_final\\.venv\\Lib\\site-packages\\setuptools\\_vendor\\packaging\\utils.py', reloading
2026-07-06 03:53:15,673 | INFO     | werkzeug |  * Detected change in 'C:\\Users\\HP\\Downloads\\smartretry_screenshots_final\\.venv\\Lib\\site-packages\\setuptools\\_vendor\\packaging\\version.py', reloading
2026-07-06 03:53:15,673 | INFO     | werkzeug |  * Detected change in 'C:\\Users\\HP\\Downloads\\smartretry_screenshots_final\\.venv\\Lib\\site-packages\\setuptools\\_vendor\\packaging\\version.py', reloading
2026-07-06 03:53:15,682 | INFO     | werkzeug |  * Detected change in 'C:\\Users\\HP\\Downloads\\smartretry_screenshots_final\\.venv\\Lib\\site-packages\\setuptools\\_vendor\\packaging\\_manylinux.py', reloading
2026-07-06 03:53:15,682 | INFO     | werkzeug |  * Detected change in 'C:\\Users\\HP\\Downloads\\smartretry_screenshots_final\\.venv\\Lib\\site-packages\\setuptools\\_vendor\\packaging\\_manylinux.py', reloading
2026-07-06 03:53:15,689 | INFO     | werkzeug |  * Detected change in 'C:\\Users\\HP\\Downloads\\smartretry_screenshots_final\\.venv\\Lib\\site-packages\\setuptools\\_vendor\\packaging\\_musllinux.py', reloading
2026-07-06 03:53:15,689 | INFO     | werkzeug |  * Detected change in 'C:\\Users\\HP\\Downloads\\smartretry_screenshots_final\\.venv\\Lib\\site-packages\\setuptools\\_vendor\\packaging\\_musllinux.py', reloading
2026-07-06 03:53:15,698 | INFO     | werkzeug |  * Detected change in 'C:\\Users\\HP\\Downloads\\smartretry_screenshots_final\\.venv\\Lib\\site-packages\\setuptools\\_vendor\\packaging\\_structures.py', reloading
2026-07-06 03:53:15,698 | INFO     | werkzeug |  * Detected change in 'C:\\Users\\HP\\Downloads\\smartretry_screenshots_final\\.venv\\Lib\\site-packages\\setuptools\\_vendor\\packaging\\_structures.py', reloading
2026-07-06 03:53:15,705 | INFO     | werkzeug |  * Detected change in 'C:\\Users\\HP\\Downloads\\smartretry_screenshots_final\\.venv\\Lib\\site-packages\\setuptools\\_vendor\\packaging\\__about__.py', reloading
2026-07-06 03:53:15,705 | INFO     | werkzeug |  * Detected change in 'C:\\Users\\HP\\Downloads\\smartretry_screenshots_final\\.venv\\Lib\\site-packages\\setuptools\\_vendor\\packaging\\__about__.py', reloading
2026-07-06 03:53:15,716 | INFO     | werkzeug |  * Detected change in 'C:\\Users\\HP\\Downloads\\smartretry_screenshots_final\\.venv\\Lib\\site-packages\\setuptools\\_vendor\\packaging\\__init__.py', reloading
2026-07-06 03:53:15,717 | INFO     | werkzeug |  * Detected change in 'C:\\Users\\HP\\Downloads\\smartretry_screenshots_final\\.venv\\Lib\\site-packages\\setuptools\\_vendor\\packaging\\__init__.py', reloading
2026-07-06 03:53:15,818 | INFO     | werkzeug |  * Detected change in 'C:\\Users\\HP\\Downloads\\smartretry_screenshots_final\\.venv\\Lib\\site-packages\\setuptools\\_vendor\\pyparsing\\actions.py', reloading
2026-07-06 03:53:15,841 | INFO     | werkzeug |  * Restarting with watchdog (windowsapi)
2026-07-06 03:53:15,922 | INFO     | werkzeug |  * Restarting with watchdog (windowsapi)
2026-07-06 03:53:16,389 | INFO     | database.db_manager | Database initialized at C:\Users\HP\Downloads\smartretry_screenshots_final\database\framework.db
2026-07-06 03:53:16,410 | WARNING  | werkzeug |  * Debugger is active!
2026-07-06 03:53:16,416 | INFO     | database.db_manager | Database initialized at C:\Users\HP\Downloads\smartretry_screenshots_final\database\framework.db
2026-07-06 03:53:16,419 | INFO     | werkzeug |  * Debugger PIN: 106-337-974
2026-07-06 03:53:16,439 | WARNING  | werkzeug |  * Debugger is active!
2026-07-06 03:53:16,446 | INFO     | werkzeug |  * Debugger PIN: 106-337-974
2026-07-06 03:53:16,475 | INFO     | werkzeug |  * Detected change in 'C:\\Users\\HP\\Downloads\\smartretry_screenshots_final\\.venv\\Lib\\site-packages\\setuptools\\_vendor\\tomli\\_parser.py', reloading
2026-07-06 03:53:16,477 | INFO     | werkzeug |  * Detected change in 'C:\\Users\\HP\\Downloads\\smartretry_screenshots_final\\.venv\\Lib\\site-packages\\setuptools\\_vendor\\tomli\\_parser.py', reloading
2026-07-06 03:53:16,487 | INFO     | werkzeug |  * Detected change in 'C:\\Users\\HP\\Downloads\\smartretry_screenshots_final\\.venv\\Lib\\site-packages\\setuptools\\_vendor\\tomli\\_re.py', reloading
2026-07-06 03:53:16,487 | INFO     | werkzeug |  * Detected change in 'C:\\Users\\HP\\Downloads\\smartretry_screenshots_final\\.venv\\Lib\\site-packages\\setuptools\\_vendor\\tomli\\_re.py', reloading
2026-07-06 03:53:16,493 | INFO     | werkzeug |  * Detected change in 'C:\\Users\\HP\\Downloads\\smartretry_screenshots_final\\.venv\\Lib\\site-packages\\setuptools\\_vendor\\tomli\\_types.py', reloading
2026-07-06 03:53:16,493 | INFO     | werkzeug |  * Detected change in 'C:\\Users\\HP\\Downloads\\smartretry_screenshots_final\\.venv\\Lib\\site-packages\\setuptools\\_vendor\\tomli\\_types.py', reloading
2026-07-06 03:53:16,503 | INFO     | werkzeug |  * Detected change in 'C:\\Users\\HP\\Downloads\\smartretry_screenshots_final\\.venv\\Lib\\site-packages\\setuptools\\_vendor\\tomli\\__init__.py', reloading
2026-07-06 03:53:16,848 | INFO     | werkzeug |  * Detected change in 'C:\\Users\\HP\\Downloads\\smartretry_screenshots_final\\.venv\\Lib\\site-packages\\sniffio\\_impl.py', reloading
2026-07-06 03:53:16,848 | INFO     | werkzeug |  * Detected change in 'C:\\Users\\HP\\Downloads\\smartretry_screenshots_final\\.venv\\Lib\\site-packages\\sniffio\\_impl.py', reloading
2026-07-06 03:53:16,855 | INFO     | werkzeug |  * Detected change in 'C:\\Users\\HP\\Downloads\\smartretry_screenshots_final\\.venv\\Lib\\site-packages\\sniffio\\_version.py', reloading
2026-07-06 03:53:16,855 | INFO     | werkzeug |  * Detected change in 'C:\\Users\\HP\\Downloads\\smartretry_screenshots_final\\.venv\\Lib\\site-packages\\sniffio\\_version.py', reloading
2026-07-06 03:53:16,859 | INFO     | werkzeug |  * Detected change in 'C:\\Users\\HP\\Downloads\\smartretry_screenshots_final\\.venv\\Lib\\site-packages\\sniffio\\__init__.py', reloading
2026-07-06 03:53:16,859 | INFO     | werkzeug |  * Detected change in 'C:\\Users\\HP\\Downloads\\smartretry_screenshots_final\\.venv\\Lib\\site-packages\\sniffio\\__init__.py', reloading
2026-07-06 03:53:16,867 | INFO     | werkzeug |  * Detected change in 'C:\\Users\\HP\\Downloads\\smartretry_screenshots_final\\.venv\\Lib\\site-packages\\sniffio\\_tests\\test_sniffio.py', reloading
2026-07-06 03:53:16,867 | INFO     | werkzeug |  * Detected change in 'C:\\Users\\HP\\Downloads\\smartretry_screenshots_final\\.venv\\Lib\\site-packages\\sniffio\\_tests\\test_sniffio.py', reloading
2026-07-06 03:53:16,980 | INFO     | werkzeug |  * Detected change in 'C:\\Users\\HP\\Downloads\\smartretry_screenshots_final\\.venv\\Lib\\site-packages\\sortedcontainers\\sorteddict.py', reloading
2026-07-06 03:53:16,980 | INFO     | werkzeug |  * Detected change in 'C:\\Users\\HP\\Downloads\\smartretry_screenshots_final\\.venv\\Lib\\site-packages\\sortedcontainers\\sorteddict.py', reloading
2026-07-06 03:53:16,989 | INFO     | werkzeug |  * Detected change in 'C:\\Users\\HP\\Downloads\\smartretry_screenshots_final\\.venv\\Lib\\site-packages\\sortedcontainers\\sortedlist.py', reloading
2026-07-06 03:53:16,989 | INFO     | werkzeug |  * Detected change in 'C:\\Users\\HP\\Downloads\\smartretry_screenshots_final\\.venv\\Lib\\site-packages\\sortedcontainers\\sortedlist.py', reloading
2026-07-06 03:53:17,003 | INFO     | werkzeug |  * Detected change in 'C:\\Users\\HP\\Downloads\\smartretry_screenshots_final\\.venv\\Lib\\site-packages\\sortedcontainers\\sortedset.py', reloading
2026-07-06 03:53:17,023 | INFO     | werkzeug |  * Detected change in 'C:\\Users\\HP\\Downloads\\smartretry_screenshots_final\\.venv\\Lib\\site-packages\\sortedcontainers\\__init__.py', reloading
2026-07-06 03:53:17,023 | INFO     | werkzeug |  * Detected change in 'C:\\Users\\HP\\Downloads\\smartretry_screenshots_final\\.venv\\Lib\\site-packages\\sortedcontainers\\__init__.py', reloading
2026-07-06 03:53:17,143 | INFO     | werkzeug |  * Detected change in 'C:\\Users\\HP\\Downloads\\smartretry_screenshots_final\\.venv\\Lib\\site-packages\\trio\\abc.py', reloading
2026-07-06 03:53:17,143 | INFO     | werkzeug |  * Detected change in 'C:\\Users\\HP\\Downloads\\smartretry_screenshots_final\\.venv\\Lib\\site-packages\\trio\\abc.py', reloading
2026-07-06 03:53:17,156 | INFO     | werkzeug |  * Detected change in 'C:\\Users\\HP\\Downloads\\smartretry_screenshots_final\\.venv\\Lib\\site-packages\\trio\\from_thread.py', reloading
2026-07-06 03:53:17,156 | INFO     | werkzeug |  * Detected change in 'C:\\Users\\HP\\Downloads\\smartretry_screenshots_final\\.venv\\Lib\\site-packages\\trio\\from_thread.py', reloading
2026-07-06 03:53:17,166 | INFO     | werkzeug |  * Detected change in 'C:\\Users\\HP\\Downloads\\smartretry_screenshots_final\\.venv\\Lib\\site-packages\\trio\\lowlevel.py', reloading
2026-07-06 03:53:17,166 | INFO     | werkzeug |  * Detected change in 'C:\\Users\\HP\\Downloads\\smartretry_screenshots_final\\.venv\\Lib\\site-packages\\trio\\lowlevel.py', reloading
2026-07-06 03:53:17,186 | INFO     | werkzeug |  * Detected change in 'C:\\Users\\HP\\Downloads\\smartretry_screenshots_final\\.venv\\Lib\\site-packages\\trio\\socket.py', reloading
2026-07-06 03:53:17,186 | INFO     | werkzeug |  * Detected change in 'C:\\Users\\HP\\Downloads\\smartretry_screenshots_final\\.venv\\Lib\\site-packages\\trio\\socket.py', reloading
2026-07-06 03:53:17,204 | INFO     | werkzeug |  * Detected change in 'C:\\Users\\HP\\Downloads\\smartretry_screenshots_final\\.venv\\Lib\\site-packages\\trio\\to_thread.py', reloading
2026-07-06 03:53:17,204 | INFO     | werkzeug |  * Detected change in 'C:\\Users\\HP\\Downloads\\smartretry_screenshots_final\\.venv\\Lib\\site-packages\\trio\\to_thread.py', reloading
2026-07-06 03:53:17,216 | INFO     | werkzeug |  * Detected change in 'C:\\Users\\HP\\Downloads\\smartretry_screenshots_final\\.venv\\Lib\\site-packages\\trio\\_abc.py', reloading
2026-07-06 03:53:17,216 | INFO     | werkzeug |  * Detected change in 'C:\\Users\\HP\\Downloads\\smartretry_screenshots_final\\.venv\\Lib\\site-packages\\trio\\_abc.py', reloading
2026-07-06 03:53:17,230 | INFO     | werkzeug |  * Detected change in 'C:\\Users\\HP\\Downloads\\smartretry_screenshots_final\\.venv\\Lib\\site-packages\\trio\\_channel.py', reloading
2026-07-06 03:53:17,230 | INFO     | werkzeug |  * Detected change in 'C:\\Users\\HP\\Downloads\\smartretry_screenshots_final\\.venv\\Lib\\site-packages\\trio\\_channel.py', reloading
2026-07-06 03:53:17,269 | INFO     | werkzeug |  * Detected change in 'C:\\Users\\HP\\Downloads\\smartretry_screenshots_final\\.venv\\Lib\\site-packages\\trio\\_deprecate.py', reloading
2026-07-06 03:53:17,269 | INFO     | werkzeug |  * Detected change in 'C:\\Users\\HP\\Downloads\\smartretry_screenshots_final\\.venv\\Lib\\site-packages\\trio\\_deprecate.py', reloading
2026-07-06 03:53:17,291 | INFO     | werkzeug |  * Detected change in 'C:\\Users\\HP\\Downloads\\smartretry_screenshots_final\\.venv\\Lib\\site-packages\\trio\\_dtls.py', reloading
2026-07-06 03:53:17,291 | INFO     | werkzeug |  * Detected change in 'C:\\Users\\HP\\Downloads\\smartretry_screenshots_final\\.venv\\Lib\\site-packages\\trio\\_dtls.py', reloading
2026-07-06 03:53:17,308 | INFO     | werkzeug |  * Detected change in 'C:\\Users\\HP\\Downloads\\smartretry_screenshots_final\\.venv\\Lib\\site-packages\\trio\\_file_io.py', reloading
2026-07-06 03:53:17,331 | INFO     | werkzeug |  * Detected change in 'C:\\Users\\HP\\Downloads\\smartretry_screenshots_final\\.venv\\Lib\\site-packages\\trio\\_highlevel_generic.py', reloading
2026-07-06 03:53:17,331 | INFO     | werkzeug |  * Detected change in 'C:\\Users\\HP\\Downloads\\smartretry_screenshots_final\\.venv\\Lib\\site-packages\\trio\\_highlevel_generic.py', reloading
2026-07-06 03:53:17,348 | INFO     | werkzeug |  * Detected change in 'C:\\Users\\HP\\Downloads\\smartretry_screenshots_final\\.venv\\Lib\\site-packages\\trio\\_highlevel_open_tcp_listeners.py', reloading
2026-07-06 03:53:17,348 | INFO     | werkzeug |  * Detected change in 'C:\\Users\\HP\\Downloads\\smartretry_screenshots_final\\.venv\\Lib\\site-packages\\trio\\_highlevel_open_tcp_listeners.py', reloading
2026-07-06 03:53:17,381 | INFO     | werkzeug |  * Detected change in 'C:\\Users\\HP\\Downloads\\smartretry_screenshots_final\\.venv\\Lib\\site-packages\\trio\\_highlevel_open_tcp_stream.py', reloading
2026-07-06 03:53:17,381 | INFO     | werkzeug |  * Detected change in 'C:\\Users\\HP\\Downloads\\smartretry_screenshots_final\\.venv\\Lib\\site-packages\\trio\\_highlevel_open_tcp_stream.py', reloading
2026-07-06 03:53:17,391 | INFO     | werkzeug |  * Detected change in 'C:\\Users\\HP\\Downloads\\smartretry_screenshots_final\\.venv\\Lib\\site-packages\\trio\\_highlevel_open_unix_stream.py', reloading
2026-07-06 03:53:17,391 | INFO     | werkzeug |  * Detected change in 'C:\\Users\\HP\\Downloads\\smartretry_screenshots_final\\.venv\\Lib\\site-packages\\trio\\_highlevel_open_unix_stream.py', reloading
2026-07-06 03:53:17,405 | INFO     | werkzeug |  * Detected change in 'C:\\Users\\HP\\Downloads\\smartretry_screenshots_final\\.venv\\Lib\\site-packages\\trio\\_highlevel_serve_listeners.py', reloading
2026-07-06 03:53:17,419 | INFO     | werkzeug |  * Detected change in 'C:\\Users\\HP\\Downloads\\smartretry_screenshots_final\\.venv\\Lib\\site-packages\\trio\\_highlevel_socket.py', reloading
2026-07-06 03:53:17,419 | INFO     | werkzeug |  * Detected change in 'C:\\Users\\HP\\Downloads\\smartretry_screenshots_final\\.venv\\Lib\\site-packages\\trio\\_highlevel_socket.py', reloading
2026-07-06 03:53:17,432 | INFO     | werkzeug |  * Detected change in 'C:\\Users\\HP\\Downloads\\smartretry_screenshots_final\\.venv\\Lib\\site-packages\\trio\\_highlevel_ssl_helpers.py', reloading
2026-07-06 03:53:17,454 | INFO     | werkzeug |  * Detected change in 'C:\\Users\\HP\\Downloads\\smartretry_screenshots_final\\.venv\\Lib\\site-packages\\trio\\_path.py', reloading
2026-07-06 03:53:17,576 | INFO     | werkzeug |  * Restarting with watchdog (windowsapi)
2026-07-06 03:53:17,618 | INFO     | werkzeug |  * Restarting with watchdog (windowsapi)
2026-07-06 03:53:18,232 | INFO     | database.db_manager | Database initialized at C:\Users\HP\Downloads\smartretry_screenshots_final\database\framework.db
2026-07-06 03:53:18,253 | INFO     | database.db_manager | Database initialized at C:\Users\HP\Downloads\smartretry_screenshots_final\database\framework.db
2026-07-06 03:53:18,274 | WARNING  | werkzeug |  * Debugger is active!
2026-07-06 03:53:18,289 | INFO     | werkzeug |  * Debugger PIN: 106-337-974
2026-07-06 03:53:18,308 | WARNING  | werkzeug |  * Debugger is active!
2026-07-06 03:53:18,323 | INFO     | werkzeug |  * Debugger PIN: 106-337-974
2026-07-06 03:53:18,350 | INFO     | werkzeug |  * Detected change in 'C:\\Users\\HP\\Downloads\\smartretry_screenshots_final\\.venv\\Lib\\site-packages\\trio\\testing\\_trio_test.py', reloading
2026-07-06 03:53:18,382 | INFO     | werkzeug |  * Detected change in 'C:\\Users\\HP\\Downloads\\smartretry_screenshots_final\\.venv\\Lib\\site-packages\\trio\\testing\\__init__.py', reloading
2026-07-06 03:53:18,384 | INFO     | werkzeug |  * Detected change in 'C:\\Users\\HP\\Downloads\\smartretry_screenshots_final\\.venv\\Lib\\site-packages\\trio\\testing\\__init__.py', reloading
2026-07-06 03:53:18,592 | INFO     | werkzeug |  * Detected change in 'C:\\Users\\HP\\Downloads\\smartretry_screenshots_final\\.venv\\Lib\\site-packages\\trio\\_core\\_asyncgens.py', reloading
2026-07-06 03:53:18,613 | INFO     | werkzeug |  * Detected change in 'C:\\Users\\HP\\Downloads\\smartretry_screenshots_final\\.venv\\Lib\\site-packages\\trio\\_core\\_concat_tb.py', reloading
2026-07-06 03:53:18,613 | INFO     | werkzeug |  * Detected change in 'C:\\Users\\HP\\Downloads\\smartretry_screenshots_final\\.venv\\Lib\\site-packages\\trio\\_core\\_concat_tb.py', reloading
2026-07-06 03:53:18,622 | INFO     | werkzeug |  * Detected change in 'C:\\Users\\HP\\Downloads\\smartretry_screenshots_final\\.venv\\Lib\\site-packages\\trio\\_core\\_entry_queue.py', reloading
2026-07-06 03:53:18,622 | INFO     | werkzeug |  * Detected change in 'C:\\Users\\HP\\Downloads\\smartretry_screenshots_final\\.venv\\Lib\\site-packages\\trio\\_core\\_entry_queue.py', reloading
2026-07-06 03:53:18,637 | INFO     | werkzeug |  * Detected change in 'C:\\Users\\HP\\Downloads\\smartretry_screenshots_final\\.venv\\Lib\\site-packages\\trio\\_core\\_exceptions.py', reloading
2026-07-06 03:53:18,637 | INFO     | werkzeug |  * Detected change in 'C:\\Users\\HP\\Downloads\\smartretry_screenshots_final\\.venv\\Lib\\site-packages\\trio\\_core\\_exceptions.py', reloading
2026-07-06 03:53:18,647 | INFO     | werkzeug |  * Detected change in 'C:\\Users\\HP\\Downloads\\smartretry_screenshots_final\\.venv\\Lib\\site-packages\\trio\\_core\\_generated_instrumentation.py', reloading
2026-07-06 03:53:18,647 | INFO     | werkzeug |  * Detected change in 'C:\\Users\\HP\\Downloads\\smartretry_screenshots_final\\.venv\\Lib\\site-packages\\trio\\_core\\_generated_instrumentation.py', reloading
2026-07-06 03:53:18,657 | INFO     | werkzeug |  * Detected change in 'C:\\Users\\HP\\Downloads\\smartretry_screenshots_final\\.venv\\Lib\\site-packages\\trio\\_core\\_generated_io_epoll.py', reloading
2026-07-06 03:53:18,657 | INFO     | werkzeug |  * Detected change in 'C:\\Users\\HP\\Downloads\\smartretry_screenshots_final\\.venv\\Lib\\site-packages\\trio\\_core\\_generated_io_epoll.py', reloading
2026-07-06 03:53:18,672 | INFO     | werkzeug |  * Detected change in 'C:\\Users\\HP\\Downloads\\smartretry_screenshots_final\\.venv\\Lib\\site-packages\\trio\\_core\\_generated_io_kqueue.py', reloading
2026-07-06 03:53:18,672 | INFO     | werkzeug |  * Detected change in 'C:\\Users\\HP\\Downloads\\smartretry_screenshots_final\\.venv\\Lib\\site-packages\\trio\\_core\\_generated_io_kqueue.py', reloading
2026-07-06 03:53:18,687 | INFO     | werkzeug |  * Detected change in 'C:\\Users\\HP\\Downloads\\smartretry_screenshots_final\\.venv\\Lib\\site-packages\\trio\\_core\\_generated_io_windows.py', reloading
2026-07-06 03:53:18,689 | INFO     | werkzeug |  * Detected change in 'C:\\Users\\HP\\Downloads\\smartretry_screenshots_final\\.venv\\Lib\\site-packages\\trio\\_core\\_generated_io_windows.py', reloading
2026-07-06 03:53:18,712 | INFO     | werkzeug |  * Detected change in 'C:\\Users\\HP\\Downloads\\smartretry_screenshots_final\\.venv\\Lib\\site-packages\\trio\\_core\\_generated_run.py', reloading
2026-07-06 03:53:18,712 | INFO     | werkzeug |  * Detected change in 'C:\\Users\\HP\\Downloads\\smartretry_screenshots_final\\.venv\\Lib\\site-packages\\trio\\_core\\_generated_run.py', reloading
2026-07-06 03:53:18,725 | INFO     | werkzeug |  * Detected change in 'C:\\Users\\HP\\Downloads\\smartretry_screenshots_final\\.venv\\Lib\\site-packages\\trio\\_core\\_generated_windows_ffi.py', reloading
2026-07-06 03:53:18,725 | INFO     | werkzeug |  * Detected change in 'C:\\Users\\HP\\Downloads\\smartretry_screenshots_final\\.venv\\Lib\\site-packages\\trio\\_core\\_generated_windows_ffi.py', reloading
2026-07-06 03:53:18,739 | INFO     | werkzeug |  * Detected change in 'C:\\Users\\HP\\Downloads\\smartretry_screenshots_final\\.venv\\Lib\\site-packages\\trio\\_core\\_instrumentation.py', reloading
2026-07-06 03:53:18,739 | INFO     | werkzeug |  * Detected change in 'C:\\Users\\HP\\Downloads\\smartretry_screenshots_final\\.venv\\Lib\\site-packages\\trio\\_core\\_instrumentation.py', reloading
2026-07-06 03:53:18,753 | INFO     | werkzeug |  * Detected change in 'C:\\Users\\HP\\Downloads\\smartretry_screenshots_final\\.venv\\Lib\\site-packages\\trio\\_core\\_io_common.py', reloading
2026-07-06 03:53:18,753 | INFO     | werkzeug |  * Detected change in 'C:\\Users\\HP\\Downloads\\smartretry_screenshots_final\\.venv\\Lib\\site-packages\\trio\\_core\\_io_common.py', reloading
2026-07-06 03:53:18,767 | INFO     | werkzeug |  * Detected change in 'C:\\Users\\HP\\Downloads\\smartretry_screenshots_final\\.venv\\Lib\\site-packages\\trio\\_core\\_io_epoll.py', reloading
2026-07-06 03:53:18,767 | INFO     | werkzeug |  * Detected change in 'C:\\Users\\HP\\Downloads\\smartretry_screenshots_final\\.venv\\Lib\\site-packages\\trio\\_core\\_io_epoll.py', reloading
2026-07-06 03:53:18,780 | INFO     | werkzeug |  * Detected change in 'C:\\Users\\HP\\Downloads\\smartretry_screenshots_final\\.venv\\Lib\\site-packages\\trio\\_core\\_io_kqueue.py', reloading
2026-07-06 03:53:18,791 | INFO     | werkzeug |  * Detected change in 'C:\\Users\\HP\\Downloads\\smartretry_screenshots_final\\.venv\\Lib\\site-packages\\trio\\_core\\_io_windows.py', reloading
2026-07-06 03:53:18,792 | INFO     | werkzeug |  * Detected change in 'C:\\Users\\HP\\Downloads\\smartretry_screenshots_final\\.venv\\Lib\\site-packages\\trio\\_core\\_io_windows.py', reloading
2026-07-06 03:53:18,806 | INFO     | werkzeug |  * Detected change in 'C:\\Users\\HP\\Downloads\\smartretry_screenshots_final\\.venv\\Lib\\site-packages\\trio\\_core\\_ki.py', reloading
2026-07-06 03:53:18,806 | INFO     | werkzeug |  * Detected change in 'C:\\Users\\HP\\Downloads\\smartretry_screenshots_final\\.venv\\Lib\\site-packages\\trio\\_core\\_ki.py', reloading
2026-07-06 03:53:18,823 | INFO     | werkzeug |  * Detected change in 'C:\\Users\\HP\\Downloads\\smartretry_screenshots_final\\.venv\\Lib\\site-packages\\trio\\_core\\_local.py', reloading
2026-07-06 03:53:18,823 | INFO     | werkzeug |  * Detected change in 'C:\\Users\\HP\\Downloads\\smartretry_screenshots_final\\.venv\\Lib\\site-packages\\trio\\_core\\_local.py', reloading
2026-07-06 03:53:18,834 | INFO     | werkzeug |  * Detected change in 'C:\\Users\\HP\\Downloads\\smartretry_screenshots_final\\.venv\\Lib\\site-packages\\trio\\_core\\_mock_clock.py', reloading
2026-07-06 03:53:18,834 | INFO     | werkzeug |  * Detected change in 'C:\\Users\\HP\\Downloads\\smartretry_screenshots_final\\.venv\\Lib\\site-packages\\trio\\_core\\_mock_clock.py', reloading
2026-07-06 03:53:18,842 | INFO     | werkzeug |  * Detected change in 'C:\\Users\\HP\\Downloads\\smartretry_screenshots_final\\.venv\\Lib\\site-packages\\trio\\_core\\_parking_lot.py', reloading
2026-07-06 03:53:18,842 | INFO     | werkzeug |  * Detected change in 'C:\\Users\\HP\\Downloads\\smartretry_screenshots_final\\.venv\\Lib\\site-packages\\trio\\_core\\_parking_lot.py', reloading
2026-07-06 03:53:18,854 | INFO     | werkzeug |  * Detected change in 'C:\\Users\\HP\\Downloads\\smartretry_screenshots_final\\.venv\\Lib\\site-packages\\trio\\_core\\_run.py', reloading
2026-07-06 03:53:18,854 | INFO     | werkzeug |  * Detected change in 'C:\\Users\\HP\\Downloads\\smartretry_screenshots_final\\.venv\\Lib\\site-packages\\trio\\_core\\_run.py', reloading
2026-07-06 03:53:18,862 | INFO     | werkzeug |  * Detected change in 'C:\\Users\\HP\\Downloads\\smartretry_screenshots_final\\.venv\\Lib\\site-packages\\trio\\_core\\_run_context.py', reloading
2026-07-06 03:53:18,862 | INFO     | werkzeug |  * Detected change in 'C:\\Users\\HP\\Downloads\\smartretry_screenshots_final\\.venv\\Lib\\site-packages\\trio\\_core\\_run_context.py', reloading
2026-07-06 03:53:18,870 | INFO     | werkzeug |  * Detected change in 'C:\\Users\\HP\\Downloads\\smartretry_screenshots_final\\.venv\\Lib\\site-packages\\trio\\_core\\_thread_cache.py', reloading
2026-07-06 03:53:18,870 | INFO     | werkzeug |  * Detected change in 'C:\\Users\\HP\\Downloads\\smartretry_screenshots_final\\.venv\\Lib\\site-packages\\trio\\_core\\_thread_cache.py', reloading
2026-07-06 03:53:18,877 | INFO     | werkzeug |  * Detected change in 'C:\\Users\\HP\\Downloads\\smartretry_screenshots_final\\.venv\\Lib\\site-packages\\trio\\_core\\_traps.py', reloading
2026-07-06 03:53:18,878 | INFO     | werkzeug |  * Detected change in 'C:\\Users\\HP\\Downloads\\smartretry_screenshots_final\\.venv\\Lib\\site-packages\\trio\\_core\\_traps.py', reloading
2026-07-06 03:53:18,903 | INFO     | werkzeug |  * Detected change in 'C:\\Users\\HP\\Downloads\\smartretry_screenshots_final\\.venv\\Lib\\site-packages\\trio\\_core\\_unbounded_queue.py', reloading
2026-07-06 03:53:18,904 | INFO     | werkzeug |  * Detected change in 'C:\\Users\\HP\\Downloads\\smartretry_screenshots_final\\.venv\\Lib\\site-packages\\trio\\_core\\_unbounded_queue.py', reloading
2026-07-06 03:53:18,935 | INFO     | werkzeug |  * Detected change in 'C:\\Users\\HP\\Downloads\\smartretry_screenshots_final\\.venv\\Lib\\site-packages\\trio\\_core\\_wakeup_socketpair.py', reloading
2026-07-06 03:53:18,935 | INFO     | werkzeug |  * Detected change in 'C:\\Users\\HP\\Downloads\\smartretry_screenshots_final\\.venv\\Lib\\site-packages\\trio\\_core\\_wakeup_socketpair.py', reloading
2026-07-06 03:53:18,959 | INFO     | werkzeug |  * Detected change in 'C:\\Users\\HP\\Downloads\\smartretry_screenshots_final\\.venv\\Lib\\site-packages\\trio\\_core\\_windows_cffi.py', reloading
2026-07-06 03:53:18,959 | INFO     | werkzeug |  * Detected change in 'C:\\Users\\HP\\Downloads\\smartretry_screenshots_final\\.venv\\Lib\\site-packages\\trio\\_core\\_windows_cffi.py', reloading
2026-07-06 03:53:18,995 | INFO     | werkzeug |  * Detected change in 'C:\\Users\\HP\\Downloads\\smartretry_screenshots_final\\.venv\\Lib\\site-packages\\trio\\_core\\__init__.py', reloading
2026-07-06 03:53:18,995 | INFO     | werkzeug |  * Detected change in 'C:\\Users\\HP\\Downloads\\smartretry_screenshots_final\\.venv\\Lib\\site-packages\\trio\\_core\\__init__.py', reloading
2026-07-06 03:53:19,032 | INFO     | werkzeug |  * Detected change in 'C:\\Users\\HP\\Downloads\\smartretry_screenshots_final\\.venv\\Lib\\site-packages\\trio\\_core\\_tests\\test_asyncgen.py', reloading
2026-07-06 03:53:19,032 | INFO     | werkzeug |  * Detected change in 'C:\\Users\\HP\\Downloads\\smartretry_screenshots_final\\.venv\\Lib\\site-packages\\trio\\_core\\_tests\\test_asyncgen.py', reloading
2026-07-06 03:53:19,059 | INFO     | werkzeug |  * Detected change in 'C:\\Users\\HP\\Downloads\\smartretry_screenshots_final\\.venv\\Lib\\site-packages\\trio\\_core\\_tests\\test_cancelled.py', reloading
2026-07-06 03:53:19,059 | INFO     | werkzeug |  * Detected change in 'C:\\Users\\HP\\Downloads\\smartretry_screenshots_final\\.venv\\Lib\\site-packages\\trio\\_core\\_tests\\test_cancelled.py', reloading
2026-07-06 03:53:19,086 | INFO     | werkzeug |  * Detected change in 'C:\\Users\\HP\\Downloads\\smartretry_screenshots_final\\.venv\\Lib\\site-packages\\trio\\_core\\_tests\\test_exceptiongroup_gc.py', reloading
2026-07-06 03:53:19,086 | INFO     | werkzeug |  * Detected change in 'C:\\Users\\HP\\Downloads\\smartretry_screenshots_final\\.venv\\Lib\\site-packages\\trio\\_core\\_tests\\test_exceptiongroup_gc.py', reloading
2026-07-06 03:53:19,111 | INFO     | werkzeug |  * Detected change in 'C:\\Users\\HP\\Downloads\\smartretry_screenshots_final\\.venv\\Lib\\site-packages\\trio\\_core\\_tests\\test_guest_mode.py', reloading
2026-07-06 03:53:19,111 | INFO     | werkzeug |  * Detected change in 'C:\\Users\\HP\\Downloads\\smartretry_screenshots_final\\.venv\\Lib\\site-packages\\trio\\_core\\_tests\\test_guest_mode.py', reloading
2026-07-06 03:53:19,145 | INFO     | werkzeug |  * Detected change in 'C:\\Users\\HP\\Downloads\\smartretry_screenshots_final\\.venv\\Lib\\site-packages\\trio\\_core\\_tests\\test_instrumentation.py', reloading
2026-07-06 03:53:19,145 | INFO     | werkzeug |  * Detected change in 'C:\\Users\\HP\\Downloads\\smartretry_screenshots_final\\.venv\\Lib\\site-packages\\trio\\_core\\_tests\\test_instrumentation.py', reloading
2026-07-06 03:53:19,170 | INFO     | werkzeug |  * Detected change in 'C:\\Users\\HP\\Downloads\\smartretry_screenshots_final\\.venv\\Lib\\site-packages\\trio\\_core\\_tests\\test_io.py', reloading
2026-07-06 03:53:19,170 | INFO     | werkzeug |  * Detected change in 'C:\\Users\\HP\\Downloads\\smartretry_screenshots_final\\.venv\\Lib\\site-packages\\trio\\_core\\_tests\\test_io.py', reloading
2026-07-06 03:53:19,207 | INFO     | werkzeug |  * Detected change in 'C:\\Users\\HP\\Downloads\\smartretry_screenshots_final\\.venv\\Lib\\site-packages\\trio\\_core\\_tests\\test_ki.py', reloading
2026-07-06 03:53:19,259 | INFO     | werkzeug |  * Detected change in 'C:\\Users\\HP\\Downloads\\smartretry_screenshots_final\\.venv\\Lib\\site-packages\\trio\\_core\\_tests\\test_local.py', reloading
2026-07-06 03:53:19,259 | INFO     | werkzeug |  * Detected change in 'C:\\Users\\HP\\Downloads\\smartretry_screenshots_final\\.venv\\Lib\\site-packages\\trio\\_core\\_tests\\test_local.py', reloading
2026-07-06 03:53:19,281 | INFO     | werkzeug |  * Detected change in 'C:\\Users\\HP\\Downloads\\smartretry_screenshots_final\\.venv\\Lib\\site-packages\\trio\\_core\\_tests\\test_mock_clock.py', reloading
2026-07-06 03:53:19,281 | INFO     | werkzeug |  * Detected change in 'C:\\Users\\HP\\Downloads\\smartretry_screenshots_final\\.venv\\Lib\\site-packages\\trio\\_core\\_tests\\test_mock_clock.py', reloading
2026-07-06 03:53:19,292 | INFO     | werkzeug |  * Detected change in 'C:\\Users\\HP\\Downloads\\smartretry_screenshots_final\\.venv\\Lib\\site-packages\\trio\\_core\\_tests\\test_parking_lot.py', reloading
2026-07-06 03:53:19,292 | INFO     | werkzeug |  * Detected change in 'C:\\Users\\HP\\Downloads\\smartretry_screenshots_final\\.venv\\Lib\\site-packages\\trio\\_core\\_tests\\test_parking_lot.py', reloading
2026-07-06 03:53:19,308 | INFO     | werkzeug |  * Detected change in 'C:\\Users\\HP\\Downloads\\smartretry_screenshots_final\\.venv\\Lib\\site-packages\\trio\\_core\\_tests\\test_run.py', reloading
2026-07-06 03:53:19,308 | INFO     | werkzeug |  * Detected change in 'C:\\Users\\HP\\Downloads\\smartretry_screenshots_final\\.venv\\Lib\\site-packages\\trio\\_core\\_tests\\test_run.py', reloading
2026-07-06 03:53:19,324 | INFO     | werkzeug |  * Detected change in 'C:\\Users\\HP\\Downloads\\smartretry_screenshots_final\\.venv\\Lib\\site-packages\\trio\\_core\\_tests\\test_thread_cache.py', reloading
2026-07-06 03:53:19,324 | INFO     | werkzeug |  * Detected change in 'C:\\Users\\HP\\Downloads\\smartretry_screenshots_final\\.venv\\Lib\\site-packages\\trio\\_core\\_tests\\test_thread_cache.py', reloading
2026-07-06 03:53:19,339 | INFO     | werkzeug |  * Detected change in 'C:\\Users\\HP\\Downloads\\smartretry_screenshots_final\\.venv\\Lib\\site-packages\\trio\\_core\\_tests\\test_tutil.py', reloading
2026-07-06 03:53:19,340 | INFO     | werkzeug |  * Detected change in 'C:\\Users\\HP\\Downloads\\smartretry_screenshots_final\\.venv\\Lib\\site-packages\\trio\\_core\\_tests\\test_tutil.py', reloading
2026-07-06 03:53:19,354 | INFO     | werkzeug |  * Detected change in 'C:\\Users\\HP\\Downloads\\smartretry_screenshots_final\\.venv\\Lib\\site-packages\\trio\\_core\\_tests\\test_unbounded_queue.py', reloading
2026-07-06 03:53:19,368 | INFO     | werkzeug |  * Detected change in 'C:\\Users\\HP\\Downloads\\smartretry_screenshots_final\\.venv\\Lib\\site-packages\\trio\\_core\\_tests\\test_windows.py', reloading
2026-07-06 03:53:19,447 | INFO     | werkzeug |  * Restarting with watchdog (windowsapi)
2026-07-06 03:53:19,470 | INFO     | werkzeug |  * Restarting with watchdog (windowsapi)
2026-07-06 03:53:20,005 | INFO     | database.db_manager | Database initialized at C:\Users\HP\Downloads\smartretry_screenshots_final\database\framework.db
2026-07-06 03:53:20,019 | INFO     | database.db_manager | Database initialized at C:\Users\HP\Downloads\smartretry_screenshots_final\database\framework.db
2026-07-06 03:53:20,036 | WARNING  | werkzeug |  * Debugger is active!
2026-07-06 03:53:20,060 | INFO     | werkzeug |  * Debugger PIN: 106-337-974
2026-07-06 03:53:20,072 | WARNING  | werkzeug |  * Debugger is active!
2026-07-06 03:53:20,081 | INFO     | werkzeug |  * Debugger PIN: 106-337-974
2026-07-06 03:53:20,253 | INFO     | werkzeug |  * Detected change in 'C:\\Users\\HP\\Downloads\\smartretry_screenshots_final\\.venv\\Lib\\site-packages\\trio\\_subprocess_platform\\kqueue.py', reloading
2026-07-06 03:53:20,253 | INFO     | werkzeug |  * Detected change in 'C:\\Users\\HP\\Downloads\\smartretry_screenshots_final\\.venv\\Lib\\site-packages\\trio\\_subprocess_platform\\kqueue.py', reloading
2026-07-06 03:53:20,259 | INFO     | werkzeug |  * Detected change in 'C:\\Users\\HP\\Downloads\\smartretry_screenshots_final\\.venv\\Lib\\site-packages\\trio\\_subprocess_platform\\waitid.py', reloading
2026-07-06 03:53:20,279 | INFO     | werkzeug |  * Detected change in 'C:\\Users\\HP\\Downloads\\smartretry_screenshots_final\\.venv\\Lib\\site-packages\\trio\\_subprocess_platform\\windows.py', reloading
2026-07-06 03:53:20,279 | INFO     | werkzeug |  * Detected change in 'C:\\Users\\HP\\Downloads\\smartretry_screenshots_final\\.venv\\Lib\\site-packages\\trio\\_subprocess_platform\\windows.py', reloading
2026-07-06 03:53:20,301 | INFO     | werkzeug |  * Detected change in 'C:\\Users\\HP\\Downloads\\smartretry_screenshots_final\\.venv\\Lib\\site-packages\\trio\\_subprocess_platform\\__init__.py', reloading
2026-07-06 03:53:20,301 | INFO     | werkzeug |  * Detected change in 'C:\\Users\\HP\\Downloads\\smartretry_screenshots_final\\.venv\\Lib\\site-packages\\trio\\_subprocess_platform\\__init__.py', reloading
2026-07-06 03:53:20,404 | INFO     | werkzeug |  * Detected change in 'C:\\Users\\HP\\Downloads\\smartretry_screenshots_final\\.venv\\Lib\\site-packages\\trio\\_tests\\check_type_completeness.py', reloading
2026-07-06 03:53:20,405 | INFO     | werkzeug |  * Detected change in 'C:\\Users\\HP\\Downloads\\smartretry_screenshots_final\\.venv\\Lib\\site-packages\\trio\\_tests\\check_type_completeness.py', reloading
2026-07-06 03:53:20,465 | INFO     | werkzeug |  * Detected change in 'C:\\Users\\HP\\Downloads\\smartretry_screenshots_final\\.venv\\Lib\\site-packages\\trio\\_tests\\module_with_deprecations.py', reloading
2026-07-06 03:53:20,465 | INFO     | werkzeug |  * Detected change in 'C:\\Users\\HP\\Downloads\\smartretry_screenshots_final\\.venv\\Lib\\site-packages\\trio\\_tests\\module_with_deprecations.py', reloading
2026-07-06 03:53:20,531 | INFO     | werkzeug |  * Detected change in 'C:\\Users\\HP\\Downloads\\smartretry_screenshots_final\\.venv\\Lib\\site-packages\\trio\\_tests\\pytest_plugin.py', reloading
2026-07-06 03:53:20,531 | INFO     | werkzeug |  * Detected change in 'C:\\Users\\HP\\Downloads\\smartretry_screenshots_final\\.venv\\Lib\\site-packages\\trio\\_tests\\pytest_plugin.py', reloading
2026-07-06 03:53:20,553 | INFO     | werkzeug |  * Detected change in 'C:\\Users\\HP\\Downloads\\smartretry_screenshots_final\\.venv\\Lib\\site-packages\\trio\\_tests\\test_abc.py', reloading
2026-07-06 03:53:20,553 | INFO     | werkzeug |  * Detected change in 'C:\\Users\\HP\\Downloads\\smartretry_screenshots_final\\.venv\\Lib\\site-packages\\trio\\_tests\\test_abc.py', reloading
2026-07-06 03:53:20,579 | INFO     | werkzeug |  * Detected change in 'C:\\Users\\HP\\Downloads\\smartretry_screenshots_final\\.venv\\Lib\\site-packages\\trio\\_tests\\test_channel.py', reloading
2026-07-06 03:53:20,601 | INFO     | werkzeug |  * Detected change in 'C:\\Users\\HP\\Downloads\\smartretry_screenshots_final\\.venv\\Lib\\site-packages\\trio\\_tests\\test_contextvars.py', reloading
2026-07-06 03:53:20,622 | INFO     | werkzeug |  * Detected change in 'C:\\Users\\HP\\Downloads\\smartretry_screenshots_final\\.venv\\Lib\\site-packages\\trio\\_tests\\test_deprecate.py', reloading
2026-07-06 03:53:20,652 | INFO     | werkzeug |  * Detected change in 'C:\\Users\\HP\\Downloads\\smartretry_screenshots_final\\.venv\\Lib\\site-packages\\trio\\_tests\\test_deprecate_strict_exception_groups_false.py', reloading
2026-07-06 03:53:20,677 | INFO     | werkzeug |  * Detected change in 'C:\\Users\\HP\\Downloads\\smartretry_screenshots_final\\.venv\\Lib\\site-packages\\trio\\_tests\\test_dtls.py', reloading
2026-07-06 03:53:20,677 | INFO     | werkzeug |  * Detected change in 'C:\\Users\\HP\\Downloads\\smartretry_screenshots_final\\.venv\\Lib\\site-packages\\trio\\_tests\\test_dtls.py', reloading
2026-07-06 03:53:20,692 | INFO     | werkzeug |  * Detected change in 'C:\\Users\\HP\\Downloads\\smartretry_screenshots_final\\.venv\\Lib\\site-packages\\trio\\_tests\\test_exports.py', reloading
2026-07-06 03:53:20,717 | INFO     | werkzeug |  * Detected change in 'C:\\Users\\HP\\Downloads\\smartretry_screenshots_final\\.venv\\Lib\\site-packages\\trio\\_tests\\test_fakenet.py', reloading
2026-07-06 03:53:20,750 | INFO     | werkzeug |  * Detected change in 'C:\\Users\\HP\\Downloads\\smartretry_screenshots_final\\.venv\\Lib\\site-packages\\trio\\_tests\\test_file_io.py', reloading
2026-07-06 03:53:20,809 | INFO     | werkzeug |  * Detected change in 'C:\\Users\\HP\\Downloads\\smartretry_screenshots_final\\.venv\\Lib\\site-packages\\trio\\_tests\\test_highlevel_generic.py', reloading
2026-07-06 03:53:20,809 | INFO     | werkzeug |  * Detected change in 'C:\\Users\\HP\\Downloads\\smartretry_screenshots_final\\.venv\\Lib\\site-packages\\trio\\_tests\\test_highlevel_generic.py', reloading
2026-07-06 03:53:20,840 | INFO     | werkzeug |  * Detected change in 'C:\\Users\\HP\\Downloads\\smartretry_screenshots_final\\.venv\\Lib\\site-packages\\trio\\_tests\\test_highlevel_open_tcp_listeners.py', reloading
2026-07-06 03:53:20,840 | INFO     | werkzeug |  * Detected change in 'C:\\Users\\HP\\Downloads\\smartretry_screenshots_final\\.venv\\Lib\\site-packages\\trio\\_tests\\test_highlevel_open_tcp_listeners.py', reloading
2026-07-06 03:53:20,887 | INFO     | werkzeug |  * Detected change in 'C:\\Users\\HP\\Downloads\\smartretry_screenshots_final\\.venv\\Lib\\site-packages\\trio\\_tests\\test_highlevel_open_tcp_stream.py', reloading
2026-07-06 03:53:20,887 | INFO     | werkzeug |  * Detected change in 'C:\\Users\\HP\\Downloads\\smartretry_screenshots_final\\.venv\\Lib\\site-packages\\trio\\_tests\\test_highlevel_open_tcp_stream.py', reloading
2026-07-06 03:53:20,919 | INFO     | werkzeug |  * Detected change in 'C:\\Users\\HP\\Downloads\\smartretry_screenshots_final\\.venv\\Lib\\site-packages\\trio\\_tests\\test_highlevel_open_unix_stream.py', reloading
2026-07-06 03:53:20,972 | INFO     | werkzeug |  * Detected change in 'C:\\Users\\HP\\Downloads\\smartretry_screenshots_final\\.venv\\Lib\\site-packages\\trio\\_tests\\test_highlevel_serve_listeners.py', reloading
2026-07-06 03:53:20,972 | INFO     | werkzeug |  * Detected change in 'C:\\Users\\HP\\Downloads\\smartretry_screenshots_final\\.venv\\Lib\\site-packages\\trio\\_tests\\test_highlevel_serve_listeners.py', reloading
2026-07-06 03:53:21,023 | INFO     | werkzeug |  * Detected change in 'C:\\Users\\HP\\Downloads\\smartretry_screenshots_final\\.venv\\Lib\\site-packages\\trio\\_tests\\test_highlevel_socket.py', reloading
2026-07-06 03:53:21,023 | INFO     | werkzeug |  * Detected change in 'C:\\Users\\HP\\Downloads\\smartretry_screenshots_final\\.venv\\Lib\\site-packages\\trio\\_tests\\test_highlevel_socket.py', reloading
2026-07-06 03:53:21,083 | INFO     | werkzeug |  * Detected change in 'C:\\Users\\HP\\Downloads\\smartretry_screenshots_final\\.venv\\Lib\\site-packages\\trio\\_tests\\test_highlevel_ssl_helpers.py', reloading
2026-07-06 03:53:21,083 | INFO     | werkzeug |  * Detected change in 'C:\\Users\\HP\\Downloads\\smartretry_screenshots_final\\.venv\\Lib\\site-packages\\trio\\_tests\\test_highlevel_ssl_helpers.py', reloading
2026-07-06 03:53:21,220 | INFO     | werkzeug |  * Restarting with watchdog (windowsapi)
2026-07-06 03:53:21,896 | INFO     | database.db_manager | Database initialized at C:\Users\HP\Downloads\smartretry_screenshots_final\database\framework.db
2026-07-06 03:53:21,927 | WARNING  | werkzeug |  * Debugger is active!
2026-07-06 03:53:21,938 | INFO     | werkzeug |  * Debugger PIN: 106-337-974
2026-07-06 03:53:22,030 | INFO     | werkzeug |  * Detected change in 'C:\\Users\\HP\\Downloads\\smartretry_screenshots_final\\.venv\\Lib\\site-packages\\trio\\_tests\\type_tests\\check_wraps.py', reloading
2026-07-06 03:53:22,071 | INFO     | werkzeug |  * Detected change in 'C:\\Users\\HP\\Downloads\\smartretry_screenshots_final\\.venv\\Lib\\site-packages\\trio\\_tests\\type_tests\\open_memory_channel.py', reloading
2026-07-06 03:53:22,110 | INFO     | werkzeug |  * Detected change in 'C:\\Users\\HP\\Downloads\\smartretry_screenshots_final\\.venv\\Lib\\site-packages\\trio\\_tests\\type_tests\\path.py', reloading
2026-07-06 03:53:22,162 | INFO     | werkzeug |  * Detected change in 'C:\\Users\\HP\\Downloads\\smartretry_screenshots_final\\.venv\\Lib\\site-packages\\trio\\_tests\\type_tests\\subprocesses.py', reloading
2026-07-06 03:53:22,202 | INFO     | werkzeug |  * Detected change in 'C:\\Users\\HP\\Downloads\\smartretry_screenshots_final\\.venv\\Lib\\site-packages\\trio\\_tests\\type_tests\\task_status.py', reloading
2026-07-06 03:53:22,780 | INFO     | werkzeug |  * Detected change in 'C:\\Users\\HP\\Downloads\\smartretry_screenshots_final\\.venv\\Lib\\site-packages\\trio\\_tools\\gen_exports.py', reloading
2026-07-06 03:53:22,832 | INFO     | werkzeug |  * Detected change in 'C:\\Users\\HP\\Downloads\\smartretry_screenshots_final\\.venv\\Lib\\site-packages\\trio\\_tools\\mypy_annotate.py', reloading
2026-07-06 03:53:22,867 | INFO     | werkzeug |  * Detected change in 'C:\\Users\\HP\\Downloads\\smartretry_screenshots_final\\.venv\\Lib\\site-packages\\trio\\_tools\\sync_requirements.py', reloading
2026-07-06 03:53:22,888 | INFO     | werkzeug |  * Detected change in 'C:\\Users\\HP\\Downloads\\smartretry_screenshots_final\\.venv\\Lib\\site-packages\\trio\\_tools\\windows_ffi_build.py', reloading
2026-07-06 03:53:23,117 | INFO     | werkzeug |  * Restarting with watchdog (windowsapi)
2026-07-06 03:53:23,590 | INFO     | database.db_manager | Database initialized at C:\Users\HP\Downloads\smartretry_screenshots_final\database\framework.db
2026-07-06 03:53:23,620 | WARNING  | werkzeug |  * Debugger is active!
2026-07-06 03:53:23,638 | INFO     | werkzeug |  * Debugger PIN: 106-337-974
2026-07-06 03:53:23,985 | INFO     | werkzeug |  * Detected change in 'C:\\Users\\HP\\Downloads\\smartretry_screenshots_final\\.venv\\Lib\\site-packages\\trio_websocket\\_impl.py', reloading
2026-07-06 03:53:23,996 | INFO     | werkzeug |  * Detected change in 'C:\\Users\\HP\\Downloads\\smartretry_screenshots_final\\.venv\\Lib\\site-packages\\trio_websocket\\_version.py', reloading
2026-07-06 03:53:24,012 | INFO     | werkzeug |  * Detected change in 'C:\\Users\\HP\\Downloads\\smartretry_screenshots_final\\.venv\\Lib\\site-packages\\trio_websocket\\__init__.py', reloading
2026-07-06 03:53:24,437 | INFO     | werkzeug |  * Detected change in 'C:\\Users\\HP\\Downloads\\smartretry_screenshots_final\\.venv\\Lib\\site-packages\\urllib3\\connection.py', reloading
2026-07-06 03:53:24,459 | INFO     | werkzeug |  * Detected change in 'C:\\Users\\HP\\Downloads\\smartretry_screenshots_final\\.venv\\Lib\\site-packages\\urllib3\\connectionpool.py', reloading
2026-07-06 03:53:24,479 | INFO     | werkzeug |  * Detected change in 'C:\\Users\\HP\\Downloads\\smartretry_screenshots_final\\.venv\\Lib\\site-packages\\urllib3\\exceptions.py', reloading
2026-07-06 03:53:24,492 | INFO     | werkzeug |  * Detected change in 'C:\\Users\\HP\\Downloads\\smartretry_screenshots_final\\.venv\\Lib\\site-packages\\urllib3\\fields.py', reloading
2026-07-06 03:53:24,520 | INFO     | werkzeug |  * Detected change in 'C:\\Users\\HP\\Downloads\\smartretry_screenshots_final\\.venv\\Lib\\site-packages\\urllib3\\filepost.py', reloading
2026-07-06 03:53:24,551 | INFO     | werkzeug |  * Detected change in 'C:\\Users\\HP\\Downloads\\smartretry_screenshots_final\\.venv\\Lib\\site-packages\\urllib3\\poolmanager.py', reloading
2026-07-06 03:53:24,599 | INFO     | werkzeug |  * Detected change in 'C:\\Users\\HP\\Downloads\\smartretry_screenshots_final\\.venv\\Lib\\site-packages\\urllib3\\response.py', reloading
2026-07-06 03:53:24,635 | INFO     | werkzeug |  * Detected change in 'C:\\Users\\HP\\Downloads\\smartretry_screenshots_final\\.venv\\Lib\\site-packages\\urllib3\\_base_connection.py', reloading
2026-07-06 03:53:24,666 | INFO     | werkzeug |  * Detected change in 'C:\\Users\\HP\\Downloads\\smartretry_screenshots_final\\.venv\\Lib\\site-packages\\urllib3\\_collections.py', reloading
2026-07-06 03:53:24,681 | INFO     | werkzeug |  * Detected change in 'C:\\Users\\HP\\Downloads\\smartretry_screenshots_final\\.venv\\Lib\\site-packages\\urllib3\\_request_methods.py', reloading
2026-07-06 03:53:24,798 | INFO     | werkzeug |  * Restarting with watchdog (windowsapi)
2026-07-06 03:53:25,572 | INFO     | database.db_manager | Database initialized at C:\Users\HP\Downloads\smartretry_screenshots_final\database\framework.db
2026-07-06 03:53:25,624 | WARNING  | werkzeug |  * Debugger is active!
2026-07-06 03:53:25,643 | INFO     | werkzeug |  * Debugger PIN: 106-337-974
2026-07-06 03:53:25,720 | INFO     | werkzeug |  * Detected change in 'C:\\Users\\HP\\Downloads\\smartretry_screenshots_final\\.venv\\Lib\\site-packages\\urllib3\\util\\connection.py', reloading
2026-07-06 03:53:25,820 | INFO     | werkzeug |  * Restarting with watchdog (windowsapi)
2026-07-06 03:53:26,437 | INFO     | database.db_manager | Database initialized at C:\Users\HP\Downloads\smartretry_screenshots_final\database\framework.db
2026-07-06 03:53:26,505 | WARNING  | werkzeug |  * Debugger is active!
2026-07-06 03:53:26,523 | INFO     | werkzeug |  * Debugger PIN: 106-337-974
2026-07-06 03:53:26,867 | INFO     | werkzeug |  * Detected change in 'C:\\Users\\HP\\Downloads\\smartretry_screenshots_final\\.venv\\Lib\\site-packages\\webdriver_manager\\chrome.py', reloading
2026-07-06 03:53:26,876 | INFO     | werkzeug |  * Detected change in 'C:\\Users\\HP\\Downloads\\smartretry_screenshots_final\\.venv\\Lib\\site-packages\\webdriver_manager\\firefox.py', reloading
2026-07-06 03:53:26,898 | INFO     | werkzeug |  * Detected change in 'C:\\Users\\HP\\Downloads\\smartretry_screenshots_final\\.venv\\Lib\\site-packages\\webdriver_manager\\microsoft.py', reloading
2026-07-06 03:53:26,934 | INFO     | werkzeug |  * Detected change in 'C:\\Users\\HP\\Downloads\\smartretry_screenshots_final\\.venv\\Lib\\site-packages\\webdriver_manager\\opera.py', reloading
2026-07-06 03:53:26,998 | INFO     | werkzeug |  * Detected change in 'C:\\Users\\HP\\Downloads\\smartretry_screenshots_final\\.venv\\Lib\\site-packages\\webdriver_manager\\__init__.py', reloading
2026-07-06 03:53:27,043 | INFO     | werkzeug |  * Detected change in 'C:\\Users\\HP\\Downloads\\smartretry_screenshots_final\\.venv\\Lib\\site-packages\\webdriver_manager\\core\\archive.py', reloading
2026-07-06 03:53:27,085 | INFO     | werkzeug |  * Detected change in 'C:\\Users\\HP\\Downloads\\smartretry_screenshots_final\\.venv\\Lib\\site-packages\\webdriver_manager\\core\\config.py', reloading
2026-07-06 03:53:27,126 | INFO     | werkzeug |  * Detected change in 'C:\\Users\\HP\\Downloads\\smartretry_screenshots_final\\.venv\\Lib\\site-packages\\webdriver_manager\\core\\constants.py', reloading
2026-07-06 03:53:27,179 | INFO     | werkzeug |  * Detected change in 'C:\\Users\\HP\\Downloads\\smartretry_screenshots_final\\.venv\\Lib\\site-packages\\webdriver_manager\\core\\download_manager.py', reloading
2026-07-06 03:53:27,239 | INFO     | werkzeug |  * Detected change in 'C:\\Users\\HP\\Downloads\\smartretry_screenshots_final\\.venv\\Lib\\site-packages\\webdriver_manager\\core\\driver.py', reloading
2026-07-06 03:53:27,291 | INFO     | werkzeug |  * Detected change in 'C:\\Users\\HP\\Downloads\\smartretry_screenshots_final\\.venv\\Lib\\site-packages\\webdriver_manager\\core\\driver_cache.py', reloading
2026-07-06 03:53:27,344 | INFO     | werkzeug |  * Detected change in 'C:\\Users\\HP\\Downloads\\smartretry_screenshots_final\\.venv\\Lib\\site-packages\\webdriver_manager\\core\\file_manager.py', reloading
2026-07-06 03:53:27,416 | INFO     | werkzeug |  * Detected change in 'C:\\Users\\HP\\Downloads\\smartretry_screenshots_final\\.venv\\Lib\\site-packages\\webdriver_manager\\core\\http.py', reloading
2026-07-06 03:53:27,483 | INFO     | werkzeug |  * Detected change in 'C:\\Users\\HP\\Downloads\\smartretry_screenshots_final\\.venv\\Lib\\site-packages\\webdriver_manager\\core\\logger.py', reloading
2026-07-06 03:53:27,505 | INFO     | werkzeug |  * Detected change in 'C:\\Users\\HP\\Downloads\\smartretry_screenshots_final\\.venv\\Lib\\site-packages\\webdriver_manager\\core\\manager.py', reloading
2026-07-06 03:53:27,530 | INFO     | werkzeug |  * Detected change in 'C:\\Users\\HP\\Downloads\\smartretry_screenshots_final\\.venv\\Lib\\site-packages\\webdriver_manager\\core\\os_manager.py', reloading
2026-07-06 03:53:27,581 | INFO     | werkzeug |  * Detected change in 'C:\\Users\\HP\\Downloads\\smartretry_screenshots_final\\.venv\\Lib\\site-packages\\webdriver_manager\\core\\utils.py', reloading
2026-07-06 03:53:27,703 | INFO     | werkzeug |  * Restarting with watchdog (windowsapi)
2026-07-06 03:53:28,445 | INFO     | database.db_manager | Database initialized at C:\Users\HP\Downloads\smartretry_screenshots_final\database\framework.db
2026-07-06 03:53:28,543 | WARNING  | werkzeug |  * Debugger is active!
2026-07-06 03:53:28,580 | INFO     | werkzeug |  * Debugger PIN: 106-337-974
2026-07-06 03:53:29,360 | INFO     | werkzeug |  * Detected change in 'C:\\Users\\HP\\Downloads\\smartretry_screenshots_final\\.venv\\Lib\\site-packages\\websocket\\_abnf.py', reloading
2026-07-06 03:53:29,377 | INFO     | werkzeug |  * Detected change in 'C:\\Users\\HP\\Downloads\\smartretry_screenshots_final\\.venv\\Lib\\site-packages\\websocket\\_app.py', reloading
2026-07-06 03:53:29,395 | INFO     | werkzeug |  * Detected change in 'C:\\Users\\HP\\Downloads\\smartretry_screenshots_final\\.venv\\Lib\\site-packages\\websocket\\_cookiejar.py', reloading
2026-07-06 03:53:29,411 | INFO     | werkzeug |  * Detected change in 'C:\\Users\\HP\\Downloads\\smartretry_screenshots_final\\.venv\\Lib\\site-packages\\websocket\\_core.py', reloading
2026-07-06 03:53:29,428 | INFO     | werkzeug |  * Detected change in 'C:\\Users\\HP\\Downloads\\smartretry_screenshots_final\\.venv\\Lib\\site-packages\\websocket\\_dispatcher.py', reloading
2026-07-06 03:53:29,446 | INFO     | werkzeug |  * Detected change in 'C:\\Users\\HP\\Downloads\\smartretry_screenshots_final\\.venv\\Lib\\site-packages\\websocket\\_exceptions.py', reloading
2026-07-06 03:53:29,465 | INFO     | werkzeug |  * Detected change in 'C:\\Users\\HP\\Downloads\\smartretry_screenshots_final\\.venv\\Lib\\site-packages\\websocket\\_handshake.py', reloading
2026-07-06 03:53:29,483 | INFO     | werkzeug |  * Detected change in 'C:\\Users\\HP\\Downloads\\smartretry_screenshots_final\\.venv\\Lib\\site-packages\\websocket\\_http.py', reloading
2026-07-06 03:53:29,501 | INFO     | werkzeug |  * Detected change in 'C:\\Users\\HP\\Downloads\\smartretry_screenshots_final\\.venv\\Lib\\site-packages\\websocket\\_logging.py', reloading
2026-07-06 03:53:29,517 | INFO     | werkzeug |  * Detected change in 'C:\\Users\\HP\\Downloads\\smartretry_screenshots_final\\.venv\\Lib\\site-packages\\websocket\\_socket.py', reloading
2026-07-06 03:53:29,536 | INFO     | werkzeug |  * Detected change in 'C:\\Users\\HP\\Downloads\\smartretry_screenshots_final\\.venv\\Lib\\site-packages\\websocket\\_ssl_compat.py', reloading
2026-07-06 03:53:29,554 | INFO     | werkzeug |  * Detected change in 'C:\\Users\\HP\\Downloads\\smartretry_screenshots_final\\.venv\\Lib\\site-packages\\websocket\\_url.py', reloading
2026-07-06 03:53:29,569 | INFO     | werkzeug |  * Detected change in 'C:\\Users\\HP\\Downloads\\smartretry_screenshots_final\\.venv\\Lib\\site-packages\\websocket\\_utils.py', reloading
2026-07-06 03:53:29,587 | INFO     | werkzeug |  * Detected change in 'C:\\Users\\HP\\Downloads\\smartretry_screenshots_final\\.venv\\Lib\\site-packages\\websocket\\_wsdump.py', reloading
2026-07-06 03:53:29,604 | INFO     | werkzeug |  * Detected change in 'C:\\Users\\HP\\Downloads\\smartretry_screenshots_final\\.venv\\Lib\\site-packages\\websocket\\__init__.py', reloading
2026-07-06 03:53:29,621 | INFO     | werkzeug |  * Detected change in 'C:\\Users\\HP\\Downloads\\smartretry_screenshots_final\\.venv\\Lib\\site-packages\\websocket\\tests\\echo-server.py', reloading
2026-07-06 03:53:29,637 | INFO     | werkzeug |  * Detected change in 'C:\\Users\\HP\\Downloads\\smartretry_screenshots_final\\.venv\\Lib\\site-packages\\websocket\\tests\\test_abnf.py', reloading
2026-07-06 03:53:29,650 | INFO     | werkzeug |  * Detected change in 'C:\\Users\\HP\\Downloads\\smartretry_screenshots_final\\.venv\\Lib\\site-packages\\websocket\\tests\\test_app.py', reloading
2026-07-06 03:53:29,850 | INFO     | werkzeug |  * Restarting with watchdog (windowsapi)
2026-07-06 03:53:30,504 | INFO     | database.db_manager | Database initialized at C:\Users\HP\Downloads\smartretry_screenshots_final\database\framework.db
2026-07-06 03:53:30,539 | WARNING  | werkzeug |  * Debugger is active!
2026-07-06 03:53:30,551 | INFO     | werkzeug |  * Debugger PIN: 106-337-974
2026-07-06 03:53:31,485 | INFO     | werkzeug |  * Detected change in 'C:\\Users\\HP\\Downloads\\smartretry_screenshots_final\\.venv\\Lib\\site-packages\\werkzeug\\exceptions.py', reloading
2026-07-06 03:53:31,504 | INFO     | werkzeug |  * Detected change in 'C:\\Users\\HP\\Downloads\\smartretry_screenshots_final\\.venv\\Lib\\site-packages\\werkzeug\\formparser.py', reloading
2026-07-06 03:53:31,523 | INFO     | werkzeug |  * Detected change in 'C:\\Users\\HP\\Downloads\\smartretry_screenshots_final\\.venv\\Lib\\site-packages\\werkzeug\\http.py', reloading
2026-07-06 03:53:31,547 | INFO     | werkzeug |  * Detected change in 'C:\\Users\\HP\\Downloads\\smartretry_screenshots_final\\.venv\\Lib\\site-packages\\werkzeug\\local.py', reloading
2026-07-06 03:53:31,587 | INFO     | werkzeug |  * Detected change in 'C:\\Users\\HP\\Downloads\\smartretry_screenshots_final\\.venv\\Lib\\site-packages\\werkzeug\\security.py', reloading
2026-07-06 03:53:31,666 | INFO     | werkzeug |  * Restarting with watchdog (windowsapi)
2026-07-06 03:53:32,459 | INFO     | database.db_manager | Database initialized at C:\Users\HP\Downloads\smartretry_screenshots_final\database\framework.db
2026-07-06 03:53:32,517 | WARNING  | werkzeug |  * Debugger is active!
2026-07-06 03:53:32,550 | INFO     | werkzeug |  * Debugger PIN: 106-337-974
2026-07-06 03:53:32,818 | INFO     | werkzeug |  * Detected change in 'C:\\Users\\HP\\Downloads\\smartretry_screenshots_final\\.venv\\Lib\\site-packages\\werkzeug\\debug\\console.py', reloading
2026-07-06 03:53:32,860 | INFO     | werkzeug |  * Detected change in 'C:\\Users\\HP\\Downloads\\smartretry_screenshots_final\\.venv\\Lib\\site-packages\\werkzeug\\debug\\repr.py', reloading
2026-07-06 03:53:32,916 | INFO     | werkzeug |  * Detected change in 'C:\\Users\\HP\\Downloads\\smartretry_screenshots_final\\.venv\\Lib\\site-packages\\werkzeug\\debug\\tbtools.py', reloading
2026-07-06 03:53:32,963 | INFO     | werkzeug |  * Detected change in 'C:\\Users\\HP\\Downloads\\smartretry_screenshots_final\\.venv\\Lib\\site-packages\\werkzeug\\debug\\__init__.py', reloading
2026-07-06 03:53:33,425 | INFO     | werkzeug |  * Detected change in 'C:\\Users\\HP\\Downloads\\smartretry_screenshots_final\\.venv\\Lib\\site-packages\\werkzeug\\middleware\\dispatcher.py', reloading
2026-07-06 03:53:33,504 | INFO     | werkzeug |  * Detected change in 'C:\\Users\\HP\\Downloads\\smartretry_screenshots_final\\.venv\\Lib\\site-packages\\werkzeug\\middleware\\http_proxy.py', reloading
2026-07-06 03:53:33,558 | INFO     | werkzeug |  * Detected change in 'C:\\Users\\HP\\Downloads\\smartretry_screenshots_final\\.venv\\Lib\\site-packages\\werkzeug\\middleware\\lint.py', reloading
2026-07-06 03:53:33,585 | INFO     | werkzeug |  * Detected change in 'C:\\Users\\HP\\Downloads\\smartretry_screenshots_final\\.venv\\Lib\\site-packages\\werkzeug\\middleware\\profiler.py', reloading
2026-07-06 03:53:33,736 | INFO     | werkzeug |  * Restarting with watchdog (windowsapi)
2026-07-06 03:53:34,475 | INFO     | database.db_manager | Database initialized at C:\Users\HP\Downloads\smartretry_screenshots_final\database\framework.db
2026-07-06 03:53:34,525 | WARNING  | werkzeug |  * Debugger is active!
2026-07-06 03:53:34,541 | INFO     | werkzeug |  * Debugger PIN: 106-337-974
2026-07-06 03:53:34,756 | INFO     | werkzeug |  * Detected change in 'C:\\Users\\HP\\Downloads\\smartretry_screenshots_final\\.venv\\Lib\\site-packages\\werkzeug\\sansio\\http.py', reloading
2026-07-06 03:53:34,787 | INFO     | werkzeug |  * Detected change in 'C:\\Users\\HP\\Downloads\\smartretry_screenshots_final\\.venv\\Lib\\site-packages\\werkzeug\\sansio\\multipart.py', reloading
2026-07-06 03:53:34,827 | INFO     | werkzeug |  * Detected change in 'C:\\Users\\HP\\Downloads\\smartretry_screenshots_final\\.venv\\Lib\\site-packages\\werkzeug\\sansio\\request.py', reloading
2026-07-06 03:53:34,861 | INFO     | werkzeug |  * Detected change in 'C:\\Users\\HP\\Downloads\\smartretry_screenshots_final\\.venv\\Lib\\site-packages\\werkzeug\\sansio\\response.py', reloading
2026-07-06 03:53:34,886 | INFO     | werkzeug |  * Detected change in 'C:\\Users\\HP\\Downloads\\smartretry_screenshots_final\\.venv\\Lib\\site-packages\\werkzeug\\sansio\\utils.py', reloading
2026-07-06 03:53:35,025 | INFO     | werkzeug |  * Detected change in 'C:\\Users\\HP\\Downloads\\smartretry_screenshots_final\\.venv\\Lib\\site-packages\\werkzeug\\wrappers\\request.py', reloading
2026-07-06 03:53:35,038 | INFO     | werkzeug |  * Detected change in 'C:\\Users\\HP\\Downloads\\smartretry_screenshots_final\\.venv\\Lib\\site-packages\\werkzeug\\wrappers\\response.py', reloading
2026-07-06 03:53:35,044 | INFO     | werkzeug |  * Detected change in 'C:\\Users\\HP\\Downloads\\smartretry_screenshots_final\\.venv\\Lib\\site-packages\\werkzeug\\wrappers\\__init__.py', reloading
2026-07-06 03:53:35,274 | INFO     | werkzeug |  * Detected change in 'C:\\Users\\HP\\Downloads\\smartretry_screenshots_final\\.venv\\Lib\\site-packages\\wsproto\\connection.py', reloading
2026-07-06 03:53:35,284 | INFO     | werkzeug |  * Detected change in 'C:\\Users\\HP\\Downloads\\smartretry_screenshots_final\\.venv\\Lib\\site-packages\\wsproto\\events.py', reloading
2026-07-06 03:53:35,290 | INFO     | werkzeug |  * Detected change in 'C:\\Users\\HP\\Downloads\\smartretry_screenshots_final\\.venv\\Lib\\site-packages\\wsproto\\extensions.py', reloading
2026-07-06 03:53:35,300 | INFO     | werkzeug |  * Detected change in 'C:\\Users\\HP\\Downloads\\smartretry_screenshots_final\\.venv\\Lib\\site-packages\\wsproto\\frame_protocol.py', reloading
2026-07-06 03:53:35,307 | INFO     | werkzeug |  * Detected change in 'C:\\Users\\HP\\Downloads\\smartretry_screenshots_final\\.venv\\Lib\\site-packages\\wsproto\\handshake.py', reloading
2026-07-06 03:53:35,323 | INFO     | werkzeug |  * Detected change in 'C:\\Users\\HP\\Downloads\\smartretry_screenshots_final\\.venv\\Lib\\site-packages\\wsproto\\typing.py', reloading
2026-07-06 03:53:35,347 | INFO     | werkzeug |  * Detected change in 'C:\\Users\\HP\\Downloads\\smartretry_screenshots_final\\.venv\\Lib\\site-packages\\wsproto\\utilities.py', reloading
2026-07-06 03:53:35,359 | INFO     | werkzeug |  * Detected change in 'C:\\Users\\HP\\Downloads\\smartretry_screenshots_final\\.venv\\Lib\\site-packages\\wsproto\\__init__.py', reloading
2026-07-06 03:53:35,538 | INFO     | werkzeug |  * Detected change in 'C:\\Users\\HP\\Downloads\\smartretry_screenshots_final\\.venv\\Lib\\site-packages\\_distutils_hack\\override.py', reloading
2026-07-06 03:53:35,552 | INFO     | werkzeug |  * Detected change in 'C:\\Users\\HP\\Downloads\\smartretry_screenshots_final\\.venv\\Lib\\site-packages\\_distutils_hack\\__init__.py', reloading
2026-07-06 03:53:35,693 | INFO     | werkzeug |  * Restarting with watchdog (windowsapi)
2026-07-06 03:53:36,105 | INFO     | database.db_manager | Database initialized at C:\Users\HP\Downloads\smartretry_screenshots_final\database\framework.db
2026-07-06 03:53:36,139 | WARNING  | werkzeug |  * Debugger is active!
2026-07-06 03:53:36,144 | INFO     | werkzeug |  * Debugger PIN: 106-337-974
2026-07-06 03:54:16,208 | INFO     | database.db_manager | Database initialized at C:\Users\HP\Downloads\smartretry_screenshots_final\database\framework.db
2026-07-06 03:54:16,236 | INFO     | database.db_manager | Database initialized at C:\Users\HP\Downloads\smartretry_screenshots_final\database\framework.db
2026-07-06 03:54:16,759 | INFO     | werkzeug | [31m[1mWARNING: This is a development server. Do not use it in a production deployment. Use a production WSGI server instead.[0m
 * Running on all addresses (0.0.0.0)
 * Running on http://127.0.0.1:5001
 * Running on http://10.99.111.131:5001
2026-07-06 03:54:16,759 | INFO     | werkzeug | [33mPress CTRL+C to quit[0m
2026-07-06 03:54:16,806 | INFO     | werkzeug |  * Restarting with watchdog (windowsapi)
2026-07-06 03:54:17,176 | INFO     | database.db_manager | Database initialized at C:\Users\HP\Downloads\smartretry_screenshots_final\database\framework.db
2026-07-06 03:54:17,205 | INFO     | database.db_manager | Database initialized at C:\Users\HP\Downloads\smartretry_screenshots_final\database\framework.db
2026-07-06 03:54:17,237 | WARNING  | werkzeug |  * Debugger is active!
2026-07-06 03:54:17,248 | INFO     | werkzeug |  * Debugger PIN: 106-337-974
2026-07-06 03:58:06,404 | INFO     | database.db_manager | Database initialized at C:\Users\HP\Downloads\smartretry_screenshots_final\database\framework.db
2026-07-06 03:58:06,423 | INFO     | database.db_manager | Database initialized at C:\Users\HP\Downloads\smartretry_screenshots_final\database\framework.db
2026-07-06 03:58:06,484 | INFO     | werkzeug | [31m[1mWARNING: This is a development server. Do not use it in a production deployment. Use a production WSGI server instead.[0m
 * Running on all addresses (0.0.0.0)
 * Running on http://127.0.0.1:5001
 * Running on http://10.99.111.131:5001
2026-07-06 03:58:06,484 | INFO     | werkzeug | [33mPress CTRL+C to quit[0m
2026-07-06 03:58:06,486 | INFO     | werkzeug |  * Restarting with stat
2026-07-06 03:58:06,745 | INFO     | database.db_manager | Database initialized at C:\Users\HP\Downloads\smartretry_screenshots_final\database\framework.db
2026-07-06 03:58:06,766 | INFO     | database.db_manager | Database initialized at C:\Users\HP\Downloads\smartretry_screenshots_final\database\framework.db
2026-07-06 03:58:06,785 | WARNING  | werkzeug |  * Debugger is active!
2026-07-06 03:58:06,788 | INFO     | werkzeug |  * Debugger PIN: 489-777-182
